{"type":"FeatureCollection","features":[{"type":"Feature","properties":{"id":"onee_hv_0","name":"ONEE 60 kV line","layer":"grid_hv_real","sector":"energy","subsector":"transmission","voltage":"60 kV","grid_class":"distribution","status":"operational","operator":"ONEE","source":"ONEE shapefile via OSM-derived conversion","coord_confidence":"approximate","coord_method":"osm_derived"},"geometry":{"type":"LineString","coordinates":[[-2.362393688505317,34.91150747393739],[-2.350433481858648,34.9164225577443]]}},{"type":"Feature","properties":{"id":"onee_hv_1","name":"ONEE 60 kV line","layer":"grid_hv_real","sector":"energy","subsector":"transmission","voltage":"60 kV","grid_class":"distribution","status":"operational","operator":"ONEE","source":"ONEE shapefile via OSM-derived conversion","coord_confidence":"approximate","coord_method":"osm_derived"},"geometry":{"type":"LineString","coordinates":[[-2.386084254934619,34.910344818073085],[-2.368890884551297,34.91079964088363]]}},{"type":"Feature","properties":{"id":"onee_hv_2","name":"ONEE 60 kV line","layer":"grid_hv_real","sector":"energy","subsector":"transmission","voltage":"60 kV","grid_class":"distribution","status":"operational","operator":"ONEE","source":"ONEE shapefile via OSM-derived conversion","coord_confidence":"approximate","coord_method":"osm_derived"},"geometry":{"type":"LineString","coordinates":[[-2.436919434025104,34.89938113269291],[-2.419796615953673,34.89897931432022]]}},{"type":"Feature","properties":{"id":"onee_hv_3","name":"ONEE 60 kV line","layer":"grid_hv_real","sector":"energy","subsector":"transmission","voltage":"60 kV","grid_class":"distribution","status":"operational","operator":"ONEE","source":"ONEE shapefile via OSM-derived conversion","coord_confidence":"approximate","coord_method":"osm_derived"},"geometry":{"type":"LineString","coordinates":[[-2.467210640501987,34.894867354225866],[-2.450038569159177,34.895341877074976]]}},{"type":"Feature","properties":{"id":"onee_hv_4","name":"ONEE 60 kV line","layer":"grid_hv_real","sector":"energy","subsector":"transmission","voltage":"60 kV","grid_class":"distribution","status":"operational","operator":"ONEE","source":"ONEE shapefile via OSM-derived conversion","coord_confidence":"approximate","coord_method":"osm_derived"},"geometry":{"type":"LineString","coordinates":[[-5.821305764686657,34.92378424368008],[-5.929220253239231,35.00758771850575]]}},{"type":"Feature","properties":{"id":"onee_hv_5","name":"ONEE 60 kV line","layer":"grid_hv_real","sector":"energy","subsector":"transmission","voltage":"60 kV","grid_class":"distribution","status":"operational","operator":"ONEE","source":"ONEE shapefile via OSM-derived conversion","coord_confidence":"approximate","coord_method":"osm_derived"},"geometry":{"type":"LineString","coordinates":[[-2.313075390491551,34.96763816186542],[-2.27306121526092,35.063078605457264]]}},{"type":"Feature","properties":{"id":"onee_hv_6","name":"ONEE 60 kV line","layer":"grid_hv_real","sector":"energy","subsector":"transmission","voltage":"60 kV","grid_class":"distribution","status":"operational","operator":"ONEE","source":"ONEE shapefile via OSM-derived conversion","coord_confidence":"approximate","coord_method":"osm_derived"},"geometry":{"type":"LineString","coordinates":[[-7.646244431121351,33.26866204564157],[-7.658546773086979,33.253633308711436]]}},{"type":"Feature","properties":{"id":"onee_hv_7","name":"ONEE 60 kV line","layer":"grid_hv_real","sector":"energy","subsector":"transmission","voltage":"60 kV","grid_class":"distribution","status":"operational","operator":"ONEE","source":"ONEE shapefile via OSM-derived conversion","coord_confidence":"approximate","coord_method":"osm_derived"},"geometry":{"type":"LineString","coordinates":[[-7.734065774665098,33.47819892545007],[-7.663626906038386,33.246616267586646]]}},{"type":"Feature","properties":{"id":"onee_hv_8","name":"ONEE 60 kV line","layer":"grid_hv_real","sector":"energy","subsector":"transmission","voltage":"60 kV","grid_class":"distribution","status":"operational","operator":"ONEE","source":"ONEE shapefile via OSM-derived conversion","coord_confidence":"approximate","coord_method":"osm_derived"},"geometry":{"type":"LineString","coordinates":[[-7.644811209487247,33.08792052346131],[-7.64797887265672,33.12956988370344]]}},{"type":"Feature","properties":{"id":"onee_hv_9","name":"ONEE 60 kV line","layer":"grid_hv_real","sector":"energy","subsector":"transmission","voltage":"60 kV","grid_class":"distribution","status":"operational","operator":"ONEE","source":"ONEE shapefile via OSM-derived conversion","coord_confidence":"approximate","coord_method":"osm_derived"},"geometry":{"type":"LineString","coordinates":[[-7.654518685153611,33.1381301318057],[-7.274432644296353,33.08450737518091]]}},{"type":"Feature","properties":{"id":"onee_hv_10","name":"ONEE 60 kV line","layer":"grid_hv_real","sector":"energy","subsector":"transmission","voltage":"60 kV","grid_class":"distribution","status":"operational","operator":"ONEE","source":"ONEE shapefile via OSM-derived conversion","coord_confidence":"approximate","coord_method":"osm_derived"},"geometry":{"type":"LineString","coordinates":[[-7.569219098298059,33.09447806340361],[-7.644811209487247,33.08792052346131]]}},{"type":"Feature","properties":{"id":"onee_hv_11","name":"ONEE 60 kV line","layer":"grid_hv_real","sector":"energy","subsector":"transmission","voltage":"60 kV","grid_class":"distribution","status":"operational","operator":"ONEE","source":"ONEE shapefile via OSM-derived conversion","coord_confidence":"approximate","coord_method":"osm_derived"},"geometry":{"type":"LineString","coordinates":[[-6.382148498489046,33.89931305294286],[-6.548470393062805,33.95086742872928]]}},{"type":"Feature","properties":{"id":"onee_hv_12","name":"ONEE 60 kV line","layer":"grid_hv_real","sector":"energy","subsector":"transmission","voltage":"60 kV","grid_class":"distribution","status":"operational","operator":"ONEE","source":"ONEE shapefile via OSM-derived conversion","coord_confidence":"approximate","coord_method":"osm_derived"},"geometry":{"type":"LineString","coordinates":[[-5.979913696711709,35.504780855301824],[-5.98074272893705,35.615028719900664]]}},{"type":"Feature","properties":{"id":"onee_hv_13","name":"ONEE 60 kV line","layer":"grid_hv_real","sector":"energy","subsector":"transmission","voltage":"60 kV","grid_class":"distribution","status":"operational","operator":"ONEE","source":"ONEE shapefile via OSM-derived conversion","coord_confidence":"approximate","coord_method":"osm_derived"},"geometry":{"type":"LineString","coordinates":[[-5.253604421204683,33.95085332032682],[-5.298142745421744,34.00993632818315]]}},{"type":"Feature","properties":{"id":"onee_hv_14","name":"ONEE 60 kV line","layer":"grid_hv_real","sector":"energy","subsector":"transmission","voltage":"60 kV","grid_class":"distribution","status":"operational","operator":"ONEE","source":"ONEE shapefile via OSM-derived conversion","coord_confidence":"approximate","coord_method":"osm_derived"},"geometry":{"type":"LineString","coordinates":[[-6.63151744437518,34.11600995783453],[-6.569105625108285,33.98456389989261]]}},{"type":"Feature","properties":{"id":"onee_hv_15","name":"ONEE 60 kV line","layer":"grid_hv_real","sector":"energy","subsector":"transmission","voltage":"60 kV","grid_class":"distribution","status":"operational","operator":"ONEE","source":"ONEE shapefile via OSM-derived conversion","coord_confidence":"approximate","coord_method":"osm_derived"},"geometry":{"type":"LineString","coordinates":[[-6.561752062233764,33.99159569280383],[-6.62194325436255,34.11610356470323]]}},{"type":"Feature","properties":{"id":"onee_hv_16","name":"ONEE 60 kV line","layer":"grid_hv_real","sector":"energy","subsector":"transmission","voltage":"60 kV","grid_class":"distribution","status":"operational","operator":"ONEE","source":"ONEE shapefile via OSM-derived conversion","coord_confidence":"approximate","coord_method":"osm_derived"},"geometry":{"type":"LineString","coordinates":[[-3.879243668402263,34.30915037229067],[-3.748092305671303,34.30576716712477]]}},{"type":"Feature","properties":{"id":"onee_hv_17","name":"ONEE 60 kV line","layer":"grid_hv_real","sector":"energy","subsector":"transmission","voltage":"60 kV","grid_class":"distribution","status":"operational","operator":"ONEE","source":"ONEE shapefile via OSM-derived conversion","coord_confidence":"approximate","coord_method":"osm_derived"},"geometry":{"type":"LineString","coordinates":[[-4.046689343370315,34.37622061339097],[-4.073942346179725,34.34089148147584]]}},{"type":"Feature","properties":{"id":"onee_hv_18","name":"ONEE 60 kV line","layer":"grid_hv_real","sector":"energy","subsector":"transmission","voltage":"60 kV","grid_class":"distribution","status":"operational","operator":"ONEE","source":"ONEE shapefile via OSM-derived conversion","coord_confidence":"approximate","coord_method":"osm_derived"},"geometry":{"type":"LineString","coordinates":[[-3.879243668402263,34.30915037229067],[-3.91554707019874,34.369549581928915],[-3.97600166375394,34.39192610555953]]}},{"type":"Feature","properties":{"id":"onee_hv_19","name":"ONEE 60 kV line","layer":"grid_hv_real","sector":"energy","subsector":"transmission","voltage":"60 kV","grid_class":"distribution","status":"operational","operator":"ONEE","source":"ONEE shapefile via OSM-derived conversion","coord_confidence":"approximate","coord_method":"osm_derived"},"geometry":{"type":"LineString","coordinates":[[-3.906084665618113,34.29817027680802],[-3.93612881951813,34.35067146833535],[-3.965747145318142,34.36400793620716]]}},{"type":"Feature","properties":{"id":"onee_hv_20","name":"ONEE 60 kV line","layer":"grid_hv_real","sector":"energy","subsector":"transmission","voltage":"60 kV","grid_class":"distribution","status":"operational","operator":"ONEE","source":"ONEE shapefile via OSM-derived conversion","coord_confidence":"approximate","coord_method":"osm_derived"},"geometry":{"type":"LineString","coordinates":[[-4.044594313350513,34.374452927061725],[-4.010581554650688,34.364510964746664]]}},{"type":"Feature","properties":{"id":"onee_hv_21","name":"ONEE 60 kV line","layer":"grid_hv_real","sector":"energy","subsector":"transmission","voltage":"60 kV","grid_class":"distribution","status":"operational","operator":"ONEE","source":"ONEE shapefile via OSM-derived conversion","coord_confidence":"approximate","coord_method":"osm_derived"},"geometry":{"type":"LineString","coordinates":[[-4.024973602717699,34.400304625812126],[-4.006133233111801,34.375777976356176]]}},{"type":"Feature","properties":{"id":"onee_hv_22","name":"ONEE 60 kV line","layer":"grid_hv_real","sector":"energy","subsector":"transmission","voltage":"60 kV","grid_class":"distribution","status":"operational","operator":"ONEE","source":"ONEE shapefile via OSM-derived conversion","coord_confidence":"approximate","coord_method":"osm_derived"},"geometry":{"type":"LineString","coordinates":[[-2.139024706608558,34.11530020672765],[-2.081549284450849,34.087730483691395]]}},{"type":"Feature","properties":{"id":"onee_hv_23","name":"ONEE 60 kV line","layer":"grid_hv_real","sector":"energy","subsector":"transmission","voltage":"60 kV","grid_class":"distribution","status":"operational","operator":"ONEE","source":"ONEE shapefile via OSM-derived conversion","coord_confidence":"approximate","coord_method":"osm_derived"},"geometry":{"type":"LineString","coordinates":[[-4.839237660117442,33.976599339859206],[-4.797470039891591,34.01810256273637]]}},{"type":"Feature","properties":{"id":"onee_hv_24","name":"ONEE 60 kV line","layer":"grid_hv_real","sector":"energy","subsector":"transmission","voltage":"60 kV","grid_class":"distribution","status":"operational","operator":"ONEE","source":"ONEE shapefile via OSM-derived conversion","coord_confidence":"approximate","coord_method":"osm_derived"},"geometry":{"type":"LineString","coordinates":[[-5.165201628573727,34.045389246877335],[-5.071742708474895,34.01305484118125],[-4.965451265673011,34.02487880902664]]}},{"type":"Feature","properties":{"id":"onee_hv_25","name":"ONEE 60 kV line","layer":"grid_hv_real","sector":"energy","subsector":"transmission","voltage":"60 kV","grid_class":"distribution","status":"operational","operator":"ONEE","source":"ONEE shapefile via OSM-derived conversion","coord_confidence":"approximate","coord_method":"osm_derived"},"geometry":{"type":"LineString","coordinates":[[-5.157802154202158,34.0193170035705],[-5.075054263039946,33.98871714032337],[-4.964429306423102,34.00401952931483]]}},{"type":"Feature","properties":{"id":"onee_hv_26","name":"ONEE 60 kV line","layer":"grid_hv_real","sector":"energy","subsector":"transmission","voltage":"60 kV","grid_class":"distribution","status":"operational","operator":"ONEE","source":"ONEE shapefile via OSM-derived conversion","coord_confidence":"approximate","coord_method":"osm_derived"},"geometry":{"type":"LineString","coordinates":[[-5.172601574477663,34.065386365100025],[-5.107798093753819,34.05049441472833]]}},{"type":"Feature","properties":{"id":"onee_hv_27","name":"ONEE 60 kV line","layer":"grid_hv_real","sector":"energy","subsector":"transmission","voltage":"60 kV","grid_class":"distribution","status":"operational","operator":"ONEE","source":"ONEE shapefile via OSM-derived conversion","coord_confidence":"approximate","coord_method":"osm_derived"},"geometry":{"type":"LineString","coordinates":[[-5.178939808612964,34.084524118020134],[-5.106649397267132,34.06872996002832]]}},{"type":"Feature","properties":{"id":"onee_hv_28","name":"ONEE 60 kV line","layer":"grid_hv_real","sector":"energy","subsector":"transmission","voltage":"60 kV","grid_class":"distribution","status":"operational","operator":"ONEE","source":"ONEE shapefile via OSM-derived conversion","coord_confidence":"approximate","coord_method":"osm_derived"},"geometry":{"type":"LineString","coordinates":[[-5.223873986563685,33.93778553503446],[-5.124035373076315,33.9428313106447],[-5.006131464891571,33.9451016527423],[-4.871101827951273,33.979346812722525]]}},{"type":"Feature","properties":{"id":"onee_hv_29","name":"ONEE 60 kV line","layer":"grid_hv_real","sector":"energy","subsector":"transmission","voltage":"60 kV","grid_class":"distribution","status":"operational","operator":"ONEE","source":"ONEE shapefile via OSM-derived conversion","coord_confidence":"approximate","coord_method":"osm_derived"},"geometry":{"type":"LineString","coordinates":[[-5.382139307372769,33.91703540839014],[-5.312038148542654,33.927449611059274],[-5.254713480041763,33.936968180775985]]}},{"type":"Feature","properties":{"id":"onee_hv_30","name":"ONEE 60 kV line","layer":"grid_hv_real","sector":"energy","subsector":"transmission","voltage":"60 kV","grid_class":"distribution","status":"operational","operator":"ONEE","source":"ONEE shapefile via OSM-derived conversion","coord_confidence":"approximate","coord_method":"osm_derived"},"geometry":{"type":"LineString","coordinates":[[-5.41399842622491,33.91792428835514],[-5.449547345067954,33.8988191370034],[-5.518976296252255,33.892568570708775]]}},{"type":"Feature","properties":{"id":"onee_hv_31","name":"ONEE 60 kV line","layer":"grid_hv_real","sector":"energy","subsector":"transmission","voltage":"60 kV","grid_class":"distribution","status":"operational","operator":"ONEE","source":"ONEE shapefile via OSM-derived conversion","coord_confidence":"approximate","coord_method":"osm_derived"},"geometry":{"type":"LineString","coordinates":[[-4.861497366794431,33.986268945026694],[-4.827245668134732,34.0191222760363]]}},{"type":"Feature","properties":{"id":"onee_hv_32","name":"ONEE 60 kV line","layer":"grid_hv_real","sector":"energy","subsector":"transmission","voltage":"60 kV","grid_class":"distribution","status":"operational","operator":"ONEE","source":"ONEE shapefile via OSM-derived conversion","coord_confidence":"approximate","coord_method":"osm_derived"},"geometry":{"type":"LineString","coordinates":[[-5.279960036012098,34.11244760840251],[-5.231002648699857,34.10979076611843],[-5.085271133102085,34.10253886076893],[-5.024566210183926,34.11107147953623]]}},{"type":"Feature","properties":{"id":"onee_hv_33","name":"ONEE 60 kV line","layer":"grid_hv_real","sector":"energy","subsector":"transmission","voltage":"60 kV","grid_class":"distribution","status":"operational","operator":"ONEE","source":"ONEE shapefile via OSM-derived conversion","coord_confidence":"approximate","coord_method":"osm_derived"},"geometry":{"type":"LineString","coordinates":[[-5.612194372748154,34.20091596136953],[-5.459854887647301,34.180249996327646],[-5.31184531680521,34.11766831688573]]}},{"type":"Feature","properties":{"id":"onee_hv_34","name":"ONEE 60 kV line","layer":"grid_hv_real","sector":"energy","subsector":"transmission","voltage":"60 kV","grid_class":"distribution","status":"operational","operator":"ONEE","source":"ONEE shapefile via OSM-derived conversion","coord_confidence":"approximate","coord_method":"osm_derived"},"geometry":{"type":"LineString","coordinates":[[-5.712612753746339,34.271088169213755],[-5.61540791289173,34.20264736061126]]}},{"type":"Feature","properties":{"id":"onee_hv_35","name":"ONEE 60 kV line","layer":"grid_hv_real","sector":"energy","subsector":"transmission","voltage":"60 kV","grid_class":"distribution","status":"operational","operator":"ONEE","source":"ONEE shapefile via OSM-derived conversion","coord_confidence":"approximate","coord_method":"osm_derived"},"geometry":{"type":"LineString","coordinates":[[-5.760569313723962,34.278745683657775],[-5.712612753746339,34.271088169213755]]}},{"type":"Feature","properties":{"id":"onee_hv_36","name":"ONEE 60 kV line","layer":"grid_hv_real","sector":"energy","subsector":"transmission","voltage":"60 kV","grid_class":"distribution","status":"operational","operator":"ONEE","source":"ONEE shapefile via OSM-derived conversion","coord_confidence":"approximate","coord_method":"osm_derived"},"geometry":{"type":"LineString","coordinates":[[-5.512783324429548,33.8977441669414],[-5.44587561709185,33.9908424310678],[-5.418283237554182,34.01521884729392]]}},{"type":"Feature","properties":{"id":"onee_hv_37","name":"ONEE 60 kV line","layer":"grid_hv_real","sector":"energy","subsector":"transmission","voltage":"60 kV","grid_class":"distribution","status":"operational","operator":"ONEE","source":"ONEE shapefile via OSM-derived conversion","coord_confidence":"approximate","coord_method":"osm_derived"},"geometry":{"type":"LineString","coordinates":[[-5.523965205744533,33.91324312754158],[-5.466983877011709,33.99910440951961],[-5.441665209609771,34.02737883163785]]}},{"type":"Feature","properties":{"id":"onee_hv_38","name":"ONEE 60 kV line","layer":"grid_hv_real","sector":"energy","subsector":"transmission","voltage":"60 kV","grid_class":"distribution","status":"operational","operator":"ONEE","source":"ONEE shapefile via OSM-derived conversion","coord_confidence":"approximate","coord_method":"osm_derived"},"geometry":{"type":"LineString","coordinates":[[-4.993692447527287,34.11356746921268],[-4.951377643551758,34.06739049695193],[-4.818500297986165,34.052950388712674]]}},{"type":"Feature","properties":{"id":"onee_hv_39","name":"ONEE 60 kV line","layer":"grid_hv_real","sector":"energy","subsector":"transmission","voltage":"60 kV","grid_class":"distribution","status":"operational","operator":"ONEE","source":"ONEE shapefile via OSM-derived conversion","coord_confidence":"approximate","coord_method":"osm_derived"},"geometry":{"type":"LineString","coordinates":[[-4.857548246954789,34.10004866346747],[-4.993700500981051,34.11184709439079]]}},{"type":"Feature","properties":{"id":"onee_hv_40","name":"ONEE 60 kV line","layer":"grid_hv_real","sector":"energy","subsector":"transmission","voltage":"60 kV","grid_class":"distribution","status":"operational","operator":"ONEE","source":"ONEE shapefile via OSM-derived conversion","coord_confidence":"approximate","coord_method":"osm_derived"},"geometry":{"type":"LineString","coordinates":[[-5.126325958507444,33.55361551049168],[-5.153974780367833,33.5145649895287],[-5.18146322302773,33.5059629988014]]}},{"type":"Feature","properties":{"id":"onee_hv_41","name":"ONEE 60 kV line","layer":"grid_hv_real","sector":"energy","subsector":"transmission","voltage":"60 kV","grid_class":"distribution","status":"operational","operator":"ONEE","source":"ONEE shapefile via OSM-derived conversion","coord_confidence":"approximate","coord_method":"osm_derived"},"geometry":{"type":"LineString","coordinates":[[-7.960668859238625,33.16958123423301],[-8.49220746863215,33.25132719299968]]}},{"type":"Feature","properties":{"id":"onee_hv_42","name":"ONEE 60 kV line","layer":"grid_hv_real","sector":"energy","subsector":"transmission","voltage":"60 kV","grid_class":"distribution","status":"operational","operator":"ONEE","source":"ONEE shapefile via OSM-derived conversion","coord_confidence":"approximate","coord_method":"osm_derived"},"geometry":{"type":"LineString","coordinates":[[-7.951031024648928,33.16367897319072],[-8.041309571655711,32.94537094736829]]}},{"type":"Feature","properties":{"id":"onee_hv_43","name":"ONEE 60 kV line","layer":"grid_hv_real","sector":"energy","subsector":"transmission","voltage":"60 kV","grid_class":"distribution","status":"operational","operator":"ONEE","source":"ONEE shapefile via OSM-derived conversion","coord_confidence":"approximate","coord_method":"osm_derived"},"geometry":{"type":"LineString","coordinates":[[-7.638769979081891,33.14016146021945],[-7.938410405985029,33.16481838375104]]}},{"type":"Feature","properties":{"id":"onee_hv_44","name":"ONEE 60 kV line","layer":"grid_hv_real","sector":"energy","subsector":"transmission","voltage":"60 kV","grid_class":"distribution","status":"operational","operator":"ONEE","source":"ONEE shapefile via OSM-derived conversion","coord_confidence":"approximate","coord_method":"osm_derived"},"geometry":{"type":"LineString","coordinates":[[-7.642230997393606,33.27565905470403],[-7.643043477269612,33.14357469056758]]}},{"type":"Feature","properties":{"id":"onee_hv_45","name":"ONEE 60 kV line","layer":"grid_hv_real","sector":"energy","subsector":"transmission","voltage":"60 kV","grid_class":"distribution","status":"operational","operator":"ONEE","source":"ONEE shapefile via OSM-derived conversion","coord_confidence":"approximate","coord_method":"osm_derived"},"geometry":{"type":"LineString","coordinates":[[-7.720431465644054,33.481929172674334],[-7.647754368184516,33.28513502763974]]}},{"type":"Feature","properties":{"id":"onee_hv_46","name":"ONEE 60 kV line","layer":"grid_hv_real","sector":"energy","subsector":"transmission","voltage":"60 kV","grid_class":"distribution","status":"operational","operator":"ONEE","source":"ONEE shapefile via OSM-derived conversion","coord_confidence":"approximate","coord_method":"osm_derived"},"geometry":{"type":"LineString","coordinates":[[-7.318308762465484,33.74594955177658],[-7.38680839340359,33.72664354719333]]}},{"type":"Feature","properties":{"id":"onee_hv_47","name":"ONEE 60 kV line","layer":"grid_hv_real","sector":"energy","subsector":"transmission","voltage":"60 kV","grid_class":"distribution","status":"operational","operator":"ONEE","source":"ONEE shapefile via OSM-derived conversion","coord_confidence":"approximate","coord_method":"osm_derived"},"geometry":{"type":"LineString","coordinates":[[-7.318500582068201,33.75466528734397],[-7.388032005559944,33.733580615125526]]}},{"type":"Feature","properties":{"id":"onee_hv_48","name":"ONEE 60 kV line","layer":"grid_hv_real","sector":"energy","subsector":"transmission","voltage":"60 kV","grid_class":"distribution","status":"operational","operator":"ONEE","source":"ONEE shapefile via OSM-derived conversion","coord_confidence":"approximate","coord_method":"osm_derived"},"geometry":{"type":"LineString","coordinates":[[-7.039732100446531,33.86548138129726],[-6.839916095687447,33.97054639124508]]}},{"type":"Feature","properties":{"id":"onee_hv_49","name":"ONEE 60 kV line","layer":"grid_hv_real","sector":"energy","subsector":"transmission","voltage":"60 kV","grid_class":"distribution","status":"operational","operator":"ONEE","source":"ONEE shapefile via OSM-derived conversion","coord_confidence":"approximate","coord_method":"osm_derived"},"geometry":{"type":"LineString","coordinates":[[-7.302517633159433,33.75056280459214],[-7.071484517247844,33.86072280675913]]}},{"type":"Feature","properties":{"id":"onee_hv_50","name":"ONEE 60 kV line","layer":"grid_hv_real","sector":"energy","subsector":"transmission","voltage":"60 kV","grid_class":"distribution","status":"operational","operator":"ONEE","source":"ONEE shapefile via OSM-derived conversion","coord_confidence":"approximate","coord_method":"osm_derived"},"geometry":{"type":"LineString","coordinates":[[-7.303287916576594,33.736669694783984],[-7.182683058905985,33.64284387550656]]}},{"type":"Feature","properties":{"id":"onee_hv_51","name":"ONEE 60 kV line","layer":"grid_hv_real","sector":"energy","subsector":"transmission","voltage":"60 kV","grid_class":"distribution","status":"operational","operator":"ONEE","source":"ONEE shapefile via OSM-derived conversion","coord_confidence":"approximate","coord_method":"osm_derived"},"geometry":{"type":"LineString","coordinates":[[-5.232148356891006,35.1735245625412],[-5.196452822043294,35.23511930735172]]}},{"type":"Feature","properties":{"id":"onee_hv_52","name":"ONEE 60 kV line","layer":"grid_hv_real","sector":"energy","subsector":"transmission","voltage":"60 kV","grid_class":"distribution","status":"operational","operator":"ONEE","source":"ONEE shapefile via OSM-derived conversion","coord_confidence":"approximate","coord_method":"osm_derived"},"geometry":{"type":"LineString","coordinates":[[-3.748092305671303,34.30576716712477],[-3.443651739982324,34.27709119900167],[-3.370654424201782,34.29848836683307]]}},{"type":"Feature","properties":{"id":"onee_hv_53","name":"ONEE 60 kV line","layer":"grid_hv_real","sector":"energy","subsector":"transmission","voltage":"60 kV","grid_class":"distribution","status":"operational","operator":"ONEE","source":"ONEE shapefile via OSM-derived conversion","coord_confidence":"approximate","coord_method":"osm_derived"},"geometry":{"type":"LineString","coordinates":[[-4.036330301818933,34.29184070140109],[-3.906084665618113,34.29817027680802]]}},{"type":"Feature","properties":{"id":"onee_hv_54","name":"ONEE 60 kV line","layer":"grid_hv_real","sector":"energy","subsector":"transmission","voltage":"60 kV","grid_class":"distribution","status":"operational","operator":"ONEE","source":"ONEE shapefile via OSM-derived conversion","coord_confidence":"approximate","coord_method":"osm_derived"},"geometry":{"type":"LineString","coordinates":[[-3.076632070104075,34.3237981367263],[-3.242755880989663,34.29205240293636],[-3.338662228278882,34.29712748176911]]}},{"type":"Feature","properties":{"id":"onee_hv_55","name":"ONEE 60 kV line","layer":"grid_hv_real","sector":"energy","subsector":"transmission","voltage":"60 kV","grid_class":"distribution","status":"operational","operator":"ONEE","source":"ONEE shapefile via OSM-derived conversion","coord_confidence":"approximate","coord_method":"osm_derived"},"geometry":{"type":"LineString","coordinates":[[-2.888588814671663,34.44183029636709],[-3.076632070104075,34.3237981367263]]}},{"type":"Feature","properties":{"id":"onee_hv_56","name":"ONEE 60 kV line","layer":"grid_hv_real","sector":"energy","subsector":"transmission","voltage":"60 kV","grid_class":"distribution","status":"operational","operator":"ONEE","source":"ONEE shapefile via OSM-derived conversion","coord_confidence":"approximate","coord_method":"osm_derived"},"geometry":{"type":"LineString","coordinates":[[-2.844609424336704,35.10019757405612],[-2.885311908236276,35.10533990331993],[-2.901249100579937,35.11347023426841],[-2.934044142903885,35.13495332969324]]}},{"type":"Feature","properties":{"id":"onee_hv_57","name":"ONEE 60 kV line","layer":"grid_hv_real","sector":"energy","subsector":"transmission","voltage":"60 kV","grid_class":"distribution","status":"operational","operator":"ONEE","source":"ONEE shapefile via OSM-derived conversion","coord_confidence":"approximate","coord_method":"osm_derived"},"geometry":{"type":"LineString","coordinates":[[-1.873476138026344,34.78070050209947],[-1.825565758531819,34.74456464592547]]}},{"type":"Feature","properties":{"id":"onee_hv_58","name":"ONEE 60 kV line","layer":"grid_hv_real","sector":"energy","subsector":"transmission","voltage":"60 kV","grid_class":"distribution","status":"operational","operator":"ONEE","source":"ONEE shapefile via OSM-derived conversion","coord_confidence":"approximate","coord_method":"osm_derived"},"geometry":{"type":"LineString","coordinates":[[-6.038979192036101,33.862462136432654],[-5.540042007636597,33.8853089480828]]}},{"type":"Feature","properties":{"id":"onee_hv_59","name":"ONEE 60 kV line","layer":"grid_hv_real","sector":"energy","subsector":"transmission","voltage":"60 kV","grid_class":"distribution","status":"operational","operator":"ONEE","source":"ONEE shapefile via OSM-derived conversion","coord_confidence":"approximate","coord_method":"osm_derived"},"geometry":{"type":"LineString","coordinates":[[-6.070797368736875,33.86229556917216],[-6.300873647464671,33.843433959737624],[-6.369342531556472,33.892449414631706]]}},{"type":"Feature","properties":{"id":"onee_hv_60","name":"ONEE 60 kV line","layer":"grid_hv_real","sector":"energy","subsector":"transmission","voltage":"60 kV","grid_class":"distribution","status":"operational","operator":"ONEE","source":"ONEE shapefile via OSM-derived conversion","coord_confidence":"approximate","coord_method":"osm_derived"},"geometry":{"type":"LineString","coordinates":[[-6.288851843412905,34.327384186727414],[-6.37856730496071,34.33366397110951],[-6.528887960652114,34.32719592031851]]}},{"type":"Feature","properties":{"id":"onee_hv_61","name":"ONEE 60 kV line","layer":"grid_hv_real","sector":"energy","subsector":"transmission","voltage":"60 kV","grid_class":"distribution","status":"operational","operator":"ONEE","source":"ONEE shapefile via OSM-derived conversion","coord_confidence":"approximate","coord_method":"osm_derived"},"geometry":{"type":"LineString","coordinates":[[-5.942054248736127,34.13998395539862],[-5.86442587107656,34.15941455660102],[-5.79765584699763,34.2230649214776],[-5.775421437187018,34.266554392903906]]}},{"type":"Feature","properties":{"id":"onee_hv_62","name":"ONEE 60 kV line","layer":"grid_hv_real","sector":"energy","subsector":"transmission","voltage":"60 kV","grid_class":"distribution","status":"operational","operator":"ONEE","source":"ONEE shapefile via OSM-derived conversion","coord_confidence":"approximate","coord_method":"osm_derived"},"geometry":{"type":"LineString","coordinates":[[-5.974060317404395,34.152886843747574],[-6.078558124090512,34.1697480432669],[-6.232189748430702,34.20355579251001],[-6.276601091250774,34.277094968537966],[-6.275939650214564,34.31356686992899]]}},{"type":"Feature","properties":{"id":"onee_hv_63","name":"ONEE 60 kV line","layer":"grid_hv_real","sector":"energy","subsector":"transmission","voltage":"60 kV","grid_class":"distribution","status":"operational","operator":"ONEE","source":"ONEE shapefile via OSM-derived conversion","coord_confidence":"approximate","coord_method":"osm_derived"},"geometry":{"type":"LineString","coordinates":[[-5.141276864235432,34.5716822224367],[-5.1827513572299,34.679418343217755],[-5.266271223808831,34.68909472511344],[-5.265305998932308,34.65698099318893]]}},{"type":"Feature","properties":{"id":"onee_hv_64","name":"ONEE 60 kV line","layer":"grid_hv_real","sector":"energy","subsector":"transmission","voltage":"60 kV","grid_class":"distribution","status":"operational","operator":"ONEE","source":"ONEE shapefile via OSM-derived conversion","coord_confidence":"approximate","coord_method":"osm_derived"},"geometry":{"type":"LineString","coordinates":[[-2.043264004553184,34.49945152040571],[-2.037430383832899,34.40110571123058],[-2.102129269318759,34.329828597894796]]}},{"type":"Feature","properties":{"id":"onee_hv_65","name":"ONEE 60 kV line","layer":"grid_hv_real","sector":"energy","subsector":"transmission","voltage":"60 kV","grid_class":"distribution","status":"operational","operator":"ONEE","source":"ONEE shapefile via OSM-derived conversion","coord_confidence":"approximate","coord_method":"osm_derived"},"geometry":{"type":"LineString","coordinates":[[-2.477947366575568,34.895115572711774],[-2.597864522503459,34.87265164468412],[-2.699525513326812,34.852254203880406],[-2.791390653000643,34.79598730698817],[-2.792608236793904,34.71958720808434],[-2.870511326556984,34.660364629066926],[-2.950997705987561,34.655013440305474]]}},{"type":"Feature","properties":{"id":"onee_hv_66","name":"ONEE 60 kV line","layer":"grid_hv_real","sector":"energy","subsector":"transmission","voltage":"60 kV","grid_class":"distribution","status":"operational","operator":"ONEE","source":"ONEE shapefile via OSM-derived conversion","coord_confidence":"approximate","coord_method":"osm_derived"},"geometry":{"type":"LineString","coordinates":[[-2.323433805807371,34.949644450909105],[-2.324959060650576,34.93666957734103],[-2.343835277400455,34.918880485070986]]}},{"type":"Feature","properties":{"id":"onee_hv_67","name":"ONEE 60 kV line","layer":"grid_hv_real","sector":"energy","subsector":"transmission","voltage":"60 kV","grid_class":"distribution","status":"operational","operator":"ONEE","source":"ONEE shapefile via OSM-derived conversion","coord_confidence":"approximate","coord_method":"osm_derived"},"geometry":{"type":"LineString","coordinates":[[-1.897424760116315,34.773544985586],[-2.017495237719051,34.855870511371904],[-2.067679825140001,34.891057404307766],[-2.129758370196278,34.926563245636686],[-2.308142254084676,34.95535470268616]]}},{"type":"Feature","properties":{"id":"onee_hv_68","name":"ONEE 60 kV line","layer":"grid_hv_real","sector":"energy","subsector":"transmission","voltage":"60 kV","grid_class":"distribution","status":"operational","operator":"ONEE","source":"ONEE shapefile via OSM-derived conversion","coord_confidence":"approximate","coord_method":"osm_derived"},"geometry":{"type":"LineString","coordinates":[[-1.873440790076054,34.781563214075724],[-1.995559633715292,34.86830445920059],[-2.041480696695993,34.90167451791833],[-2.124607727352532,34.949022906867064],[-2.258228843222973,35.05664664240976]]}},{"type":"Feature","properties":{"id":"onee_hv_69","name":"ONEE 60 kV line","layer":"grid_hv_real","sector":"energy","subsector":"transmission","voltage":"60 kV","grid_class":"distribution","status":"operational","operator":"ONEE","source":"ONEE shapefile via OSM-derived conversion","coord_confidence":"approximate","coord_method":"osm_derived"},"geometry":{"type":"LineString","coordinates":[[-1.853952944838221,34.734086281853116],[-1.910976546615388,34.78174089566713]]}},{"type":"Feature","properties":{"id":"onee_hv_70","name":"ONEE 60 kV line","layer":"grid_hv_real","sector":"energy","subsector":"transmission","voltage":"60 kV","grid_class":"distribution","status":"operational","operator":"ONEE","source":"ONEE shapefile via OSM-derived conversion","coord_confidence":"approximate","coord_method":"osm_derived"},"geometry":{"type":"LineString","coordinates":[[-6.284524558651632,33.6941293967206],[-6.283068614915686,33.65158853727978],[-6.230336135750601,33.563326240357995],[-6.195150868316414,33.53140899425163],[-6.106334340068824,33.530223340106666],[-6.054280542997251,33.496625288747694],[-5.965262343608146,33.46141661925106],[-5.9483927486948,33.45803399593324]]}},{"type":"Feature","properties":{"id":"onee_hv_71","name":"ONEE 60 kV line","layer":"grid_hv_real","sector":"energy","subsector":"transmission","voltage":"60 kV","grid_class":"distribution","status":"operational","operator":"ONEE","source":"ONEE shapefile via OSM-derived conversion","coord_confidence":"approximate","coord_method":"osm_derived"},"geometry":{"type":"LineString","coordinates":[[-6.061176284849907,33.84755469942157],[-6.089604622162343,33.81612260251932],[-6.213214411307347,33.764139351438146],[-6.283789956921667,33.72282218531341],[-6.283719307077656,33.715850592811584]]}},{"type":"Feature","properties":{"id":"onee_hv_72","name":"ONEE 60 kV line","layer":"grid_hv_real","sector":"energy","subsector":"transmission","voltage":"60 kV","grid_class":"distribution","status":"operational","operator":"ONEE","source":"ONEE shapefile via OSM-derived conversion","coord_confidence":"approximate","coord_method":"osm_derived"},"geometry":{"type":"LineString","coordinates":[[-4.795308991735296,34.17533424783979],[-4.857548246954789,34.10004866346747]]}},{"type":"Feature","properties":{"id":"onee_hv_73","name":"ONEE 60 kV line","layer":"grid_hv_real","sector":"energy","subsector":"transmission","voltage":"60 kV","grid_class":"distribution","status":"operational","operator":"ONEE","source":"ONEE shapefile via OSM-derived conversion","coord_confidence":"approximate","coord_method":"osm_derived"},"geometry":{"type":"LineString","coordinates":[[-4.863742576938495,33.96194834328675],[-4.929842793556865,33.92137975457303],[-4.994856074608023,33.864269957622774],[-4.997370857886427,33.79391795084582],[-5.047471277797088,33.71241277350846],[-5.126246956924579,33.57883022355633]]}},{"type":"Feature","properties":{"id":"onee_hv_74","name":"ONEE 60 kV line","layer":"grid_hv_real","sector":"energy","subsector":"transmission","voltage":"60 kV","grid_class":"distribution","status":"operational","operator":"ONEE","source":"ONEE shapefile via OSM-derived conversion","coord_confidence":"approximate","coord_method":"osm_derived"},"geometry":{"type":"LineString","coordinates":[[-4.684496348563925,33.933239382112504],[-4.767937942709653,33.842478687722775],[-4.768674756707068,33.740850105859295],[-4.797664140237292,33.68799706355704],[-4.81393909332426,33.62726663931081],[-4.783930635152358,33.53330317034433],[-4.697119566923104,33.414671522418544]]}},{"type":"Feature","properties":{"id":"onee_hv_75","name":"ONEE 60 kV line","layer":"grid_hv_real","sector":"energy","subsector":"transmission","voltage":"60 kV","grid_class":"distribution","status":"operational","operator":"ONEE","source":"ONEE shapefile via OSM-derived conversion","coord_confidence":"approximate","coord_method":"osm_derived"},"geometry":{"type":"LineString","coordinates":[[-5.43415492348221,33.77459138241337],[-5.407645913764189,33.730295112968136],[-5.355807790448533,33.60780211176697],[-5.24909474150317,33.51126681313237],[-5.213170444885592,33.506903077390675]]}},{"type":"Feature","properties":{"id":"onee_hv_76","name":"ONEE 60 kV line","layer":"grid_hv_real","sector":"energy","subsector":"transmission","voltage":"60 kV","grid_class":"distribution","status":"operational","operator":"ONEE","source":"ONEE shapefile via OSM-derived conversion","coord_confidence":"approximate","coord_method":"osm_derived"},"geometry":{"type":"LineString","coordinates":[[-5.532582967272335,33.87187534997658],[-5.52634644895086,33.844998178262436],[-5.497759875988198,33.83796286649443],[-5.480825677279314,33.80236737242226],[-5.450045860384454,33.78932853579975]]}},{"type":"Feature","properties":{"id":"onee_hv_77","name":"ONEE 60 kV line","layer":"grid_hv_real","sector":"energy","subsector":"transmission","voltage":"60 kV","grid_class":"distribution","status":"operational","operator":"ONEE","source":"ONEE shapefile via OSM-derived conversion","coord_confidence":"approximate","coord_method":"osm_derived"},"geometry":{"type":"LineString","coordinates":[[-4.707668853824189,33.951633845990116],[-4.744013339842022,33.92400975389038],[-4.814559646854424,33.84881370140244]]}},{"type":"Feature","properties":{"id":"onee_hv_78","name":"ONEE 60 kV line","layer":"grid_hv_real","sector":"energy","subsector":"transmission","voltage":"60 kV","grid_class":"distribution","status":"operational","operator":"ONEE","source":"ONEE shapefile via OSM-derived conversion","coord_confidence":"approximate","coord_method":"osm_derived"},"geometry":{"type":"LineString","coordinates":[[-4.713753977329331,34.52405587891462],[-4.748237176447249,34.487769378743025],[-4.884966784573463,34.503148882175815],[-5.141276864235432,34.5716822224367]]}},{"type":"Feature","properties":{"id":"onee_hv_79","name":"ONEE 60 kV line","layer":"grid_hv_real","sector":"energy","subsector":"transmission","voltage":"60 kV","grid_class":"distribution","status":"operational","operator":"ONEE","source":"ONEE shapefile via OSM-derived conversion","coord_confidence":"approximate","coord_method":"osm_derived"},"geometry":{"type":"LineString","coordinates":[[-5.553635089365456,34.82539637288072],[-5.539672401936566,34.80198076433934],[-5.449522416003602,34.77599993709216],[-5.362728507984633,34.67179896441969],[-5.28672410526259,34.643952043615876]]}},{"type":"Feature","properties":{"id":"onee_hv_80","name":"ONEE 60 kV line","layer":"grid_hv_real","sector":"energy","subsector":"transmission","voltage":"60 kV","grid_class":"distribution","status":"operational","operator":"ONEE","source":"ONEE shapefile via OSM-derived conversion","coord_confidence":"approximate","coord_method":"osm_derived"},"geometry":{"type":"LineString","coordinates":[[-5.179128259456963,35.26112209660207],[-5.200564372080914,35.32798914191389]]}},{"type":"Feature","properties":{"id":"onee_hv_81","name":"ONEE 60 kV line","layer":"grid_hv_real","sector":"energy","subsector":"transmission","voltage":"60 kV","grid_class":"distribution","status":"operational","operator":"ONEE","source":"ONEE shapefile via OSM-derived conversion","coord_confidence":"approximate","coord_method":"osm_derived"},"geometry":{"type":"LineString","coordinates":[[-5.444737127720213,35.58457120914016],[-5.426203890882469,35.52082472074122],[-5.412102407761163,35.47307447786586],[-5.320418984245161,35.23002682957054],[-5.264493711420257,35.17356318379726]]}},{"type":"Feature","properties":{"id":"onee_hv_82","name":"ONEE 60 kV line","layer":"grid_hv_real","sector":"energy","subsector":"transmission","voltage":"60 kV","grid_class":"distribution","status":"operational","operator":"ONEE","source":"ONEE shapefile via OSM-derived conversion","coord_confidence":"approximate","coord_method":"osm_derived"},"geometry":{"type":"LineString","coordinates":[[-5.521732365445521,35.77933695106318],[-5.469553312981609,35.68482121314655],[-5.470605577377816,35.61713641211678]]}},{"type":"Feature","properties":{"id":"onee_hv_83","name":"ONEE 60 kV line","layer":"grid_hv_real","sector":"energy","subsector":"transmission","voltage":"60 kV","grid_class":"distribution","status":"operational","operator":"ONEE","source":"ONEE shapefile via OSM-derived conversion","coord_confidence":"approximate","coord_method":"osm_derived"},"geometry":{"type":"LineString","coordinates":[[-5.843596841380434,35.71008512472663],[-5.857140797932608,35.601578877208645],[-5.904365853941932,35.53371954029709],[-5.919353255706111,35.51456500359989],[-5.946259158634748,35.49272828584654],[-5.971107095438898,35.48395209961909]]}},{"type":"Feature","properties":{"id":"onee_hv_84","name":"ONEE 60 kV line","layer":"grid_hv_real","sector":"energy","subsector":"transmission","voltage":"60 kV","grid_class":"distribution","status":"operational","operator":"ONEE","source":"ONEE shapefile via OSM-derived conversion","coord_confidence":"approximate","coord_method":"osm_derived"},"geometry":{"type":"LineString","coordinates":[[-5.984311333454887,34.25532103309365],[-5.998803558343942,34.18750298682096],[-5.964652535326141,34.17635309558666],[-5.957069844591934,34.15471685739723]]}},{"type":"Feature","properties":{"id":"onee_hv_85","name":"ONEE 60 kV line","layer":"grid_hv_real","sector":"energy","subsector":"transmission","voltage":"60 kV","grid_class":"distribution","status":"operational","operator":"ONEE","source":"ONEE shapefile via OSM-derived conversion","coord_confidence":"approximate","coord_method":"osm_derived"},"geometry":{"type":"LineString","coordinates":[[-6.016376598255452,34.71545704900636],[-6.057120345024453,34.7109321889907],[-6.070276755357332,34.61706113459522],[-6.165817584952201,34.532256662189845],[-6.151529909019242,34.48285299083369],[-6.371343331463539,34.35803054612434],[-6.532260623974814,34.33932033923418]]}},{"type":"Feature","properties":{"id":"onee_hv_86","name":"ONEE 60 kV line","layer":"grid_hv_real","sector":"energy","subsector":"transmission","voltage":"60 kV","grid_class":"distribution","status":"operational","operator":"ONEE","source":"ONEE shapefile via OSM-derived conversion","coord_confidence":"approximate","coord_method":"osm_derived"},"geometry":{"type":"LineString","coordinates":[[-6.006767800908587,34.270012567216426],[-6.091267974115069,34.296487398151505],[-6.13603278487898,34.29623335088327],[-6.21931265383591,34.30179230409646],[-6.257910730217733,34.32325363558134]]}},{"type":"Feature","properties":{"id":"onee_hv_87","name":"ONEE 60 kV line","layer":"grid_hv_real","sector":"energy","subsector":"transmission","voltage":"60 kV","grid_class":"distribution","status":"operational","operator":"ONEE","source":"ONEE shapefile via OSM-derived conversion","coord_confidence":"approximate","coord_method":"osm_derived"},"geometry":{"type":"LineString","coordinates":[[-6.418386290550767,34.54699302040452],[-6.402549055813428,34.47417583955545],[-6.338650455993722,34.39127942366079],[-6.27949249968171,34.34916846509003],[-6.279386654381366,34.33874997993254]]}},{"type":"Feature","properties":{"id":"onee_hv_88","name":"ONEE 60 kV line","layer":"grid_hv_real","sector":"energy","subsector":"transmission","voltage":"60 kV","grid_class":"distribution","status":"operational","operator":"ONEE","source":"ONEE shapefile via OSM-derived conversion","coord_confidence":"approximate","coord_method":"osm_derived"},"geometry":{"type":"LineString","coordinates":[[-6.016295933936197,34.70417720176875],[-6.014030134901004,34.6798662509472],[-5.987101801608443,34.503705904470486],[-5.953744740039715,34.4708670973236],[-5.866808456804288,34.399986726107436],[-5.789493145931718,34.31080351399437],[-5.778801014366718,34.291742970895825]]}},{"type":"Feature","properties":{"id":"onee_hv_89","name":"ONEE 60 kV line","layer":"grid_hv_real","sector":"energy","subsector":"transmission","voltage":"60 kV","grid_class":"distribution","status":"operational","operator":"ONEE","source":"ONEE shapefile via OSM-derived conversion","coord_confidence":"approximate","coord_method":"osm_derived"},"geometry":{"type":"LineString","coordinates":[[-6.193937138112439,35.0244363341738],[-6.113116945069164,35.00668720299754]]}},{"type":"Feature","properties":{"id":"onee_hv_90","name":"ONEE 60 kV line","layer":"grid_hv_real","sector":"energy","subsector":"transmission","voltage":"60 kV","grid_class":"distribution","status":"operational","operator":"ONEE","source":"ONEE shapefile via OSM-derived conversion","coord_confidence":"approximate","coord_method":"osm_derived"},"geometry":{"type":"LineString","coordinates":[[-6.121133660543748,35.06394592415671],[-6.109940005446618,35.01886276230368]]}},{"type":"Feature","properties":{"id":"onee_hv_91","name":"ONEE 60 kV line","layer":"grid_hv_real","sector":"energy","subsector":"transmission","voltage":"60 kV","grid_class":"distribution","status":"operational","operator":"ONEE","source":"ONEE shapefile via OSM-derived conversion","coord_confidence":"approximate","coord_method":"osm_derived"},"geometry":{"type":"LineString","coordinates":[[-6.100722315764495,35.07273053346341],[-6.094044188842287,35.048459190337276]]}},{"type":"Feature","properties":{"id":"onee_hv_92","name":"ONEE 60 kV line","layer":"grid_hv_real","sector":"energy","subsector":"transmission","voltage":"60 kV","grid_class":"distribution","status":"operational","operator":"ONEE","source":"ONEE shapefile via OSM-derived conversion","coord_confidence":"approximate","coord_method":"osm_derived"},"geometry":{"type":"LineString","coordinates":[[-6.057942239120427,34.96705425333495],[-6.067921509824675,35.00172653528728]]}},{"type":"Feature","properties":{"id":"onee_hv_93","name":"ONEE 60 kV line","layer":"grid_hv_real","sector":"energy","subsector":"transmission","voltage":"60 kV","grid_class":"distribution","status":"operational","operator":"ONEE","source":"ONEE shapefile via OSM-derived conversion","coord_confidence":"approximate","coord_method":"osm_derived"},"geometry":{"type":"LineString","coordinates":[[-6.021728936478079,35.00456057423022],[-6.060493091507239,35.01825020381081]]}},{"type":"Feature","properties":{"id":"onee_hv_94","name":"ONEE 60 kV line","layer":"grid_hv_real","sector":"energy","subsector":"transmission","voltage":"60 kV","grid_class":"distribution","status":"operational","operator":"ONEE","source":"ONEE shapefile via OSM-derived conversion","coord_confidence":"approximate","coord_method":"osm_derived"},"geometry":{"type":"LineString","coordinates":[[-5.927773040899431,34.947695443402345],[-5.83416866738964,34.92025356143757]]}},{"type":"Feature","properties":{"id":"onee_hv_95","name":"ONEE 60 kV line","layer":"grid_hv_real","sector":"energy","subsector":"transmission","voltage":"60 kV","grid_class":"distribution","status":"operational","operator":"ONEE","source":"ONEE shapefile via OSM-derived conversion","coord_confidence":"approximate","coord_method":"osm_derived"},"geometry":{"type":"LineString","coordinates":[[-5.927767689655584,34.946824073463894],[-6.021728936478079,35.00456057423022]]}},{"type":"Feature","properties":{"id":"onee_hv_96","name":"ONEE 60 kV line","layer":"grid_hv_real","sector":"energy","subsector":"transmission","voltage":"60 kV","grid_class":"distribution","status":"operational","operator":"ONEE","source":"ONEE shapefile via OSM-derived conversion","coord_confidence":"approximate","coord_method":"osm_derived"},"geometry":{"type":"LineString","coordinates":[[-5.549409550369115,34.85058566456121],[-5.574157250687072,34.87400000284318],[-5.77389174534157,34.89962289086673],[-5.831795260264345,34.87338370554171],[-5.991224996805462,34.94914328108826],[-6.04084899756215,34.98189080460266],[-6.058208257662577,35.00177731161672]]}},{"type":"Feature","properties":{"id":"onee_hv_97","name":"ONEE 60 kV line","layer":"grid_hv_real","sector":"energy","subsector":"transmission","voltage":"60 kV","grid_class":"distribution","status":"operational","operator":"ONEE","source":"ONEE shapefile via OSM-derived conversion","coord_confidence":"approximate","coord_method":"osm_derived"},"geometry":{"type":"LineString","coordinates":[[-6.000381007101986,34.72160657986667],[-6.046780760009399,34.91241838172283],[-6.09474441237509,35.00158245388959]]}},{"type":"Feature","properties":{"id":"onee_hv_98","name":"ONEE 60 kV line","layer":"grid_hv_real","sector":"energy","subsector":"transmission","voltage":"60 kV","grid_class":"distribution","status":"operational","operator":"ONEE","source":"ONEE shapefile via OSM-derived conversion","coord_confidence":"approximate","coord_method":"osm_derived"},"geometry":{"type":"LineString","coordinates":[[-6.106355662812141,34.84090331049526],[-6.057948911978107,34.967925605282346]]}},{"type":"Feature","properties":{"id":"onee_hv_99","name":"ONEE 60 kV line","layer":"grid_hv_real","sector":"energy","subsector":"transmission","voltage":"60 kV","grid_class":"distribution","status":"operational","operator":"ONEE","source":"ONEE shapefile via OSM-derived conversion","coord_confidence":"approximate","coord_method":"osm_derived"},"geometry":{"type":"LineString","coordinates":[[-6.190531303768414,34.88902841997167],[-6.112554976543827,34.938960324575106],[-6.079687367132733,35.000782744087225]]}},{"type":"Feature","properties":{"id":"onee_hv_100","name":"ONEE 60 kV line","layer":"grid_hv_real","sector":"energy","subsector":"transmission","voltage":"60 kV","grid_class":"distribution","status":"operational","operator":"ONEE","source":"ONEE shapefile via OSM-derived conversion","coord_confidence":"approximate","coord_method":"osm_derived"},"geometry":{"type":"LineString","coordinates":[[-6.190419766978534,34.87689340287189],[-6.134507781486419,34.8667743280174],[-6.125658325316588,34.83732150465409]]}},{"type":"Feature","properties":{"id":"onee_hv_101","name":"ONEE 60 kV line","layer":"grid_hv_real","sector":"energy","subsector":"transmission","voltage":"60 kV","grid_class":"distribution","status":"operational","operator":"ONEE","source":"ONEE shapefile via OSM-derived conversion","coord_confidence":"approximate","coord_method":"osm_derived"},"geometry":{"type":"LineString","coordinates":[[-6.205503683042719,34.88893408779153],[-6.197679791544827,34.968843118099805],[-6.236590372786035,34.98598213884741],[-6.19392923356448,35.0235815571975]]}},{"type":"Feature","properties":{"id":"onee_hv_102","name":"ONEE 60 kV line","layer":"grid_hv_real","sector":"energy","subsector":"transmission","voltage":"60 kV","grid_class":"distribution","status":"operational","operator":"ONEE","source":"ONEE shapefile via OSM-derived conversion","coord_confidence":"approximate","coord_method":"osm_derived"},"geometry":{"type":"LineString","coordinates":[[-6.100722315764495,35.07273053346341],[-6.128792832915826,35.202923182281744]]}},{"type":"Feature","properties":{"id":"onee_hv_103","name":"ONEE 60 kV line","layer":"grid_hv_real","sector":"energy","subsector":"transmission","voltage":"60 kV","grid_class":"distribution","status":"operational","operator":"ONEE","source":"ONEE shapefile via OSM-derived conversion","coord_confidence":"approximate","coord_method":"osm_derived"},"geometry":{"type":"LineString","coordinates":[[-5.998578455037653,35.08715459450948],[-6.052351957689244,35.08081199688969],[-6.071473674156699,35.049460218209305]]}},{"type":"Feature","properties":{"id":"onee_hv_104","name":"ONEE 60 kV line","layer":"grid_hv_real","sector":"energy","subsector":"transmission","voltage":"60 kV","grid_class":"distribution","status":"operational","operator":"ONEE","source":"ONEE shapefile via OSM-derived conversion","coord_confidence":"approximate","coord_method":"osm_derived"},"geometry":{"type":"LineString","coordinates":[[-5.998651297913257,35.0975934128817],[-6.068624338855678,35.09199657701339],[-6.078036268782509,35.062455664179446]]}},{"type":"Feature","properties":{"id":"onee_hv_105","name":"ONEE 60 kV line","layer":"grid_hv_real","sector":"energy","subsector":"transmission","voltage":"60 kV","grid_class":"distribution","status":"operational","operator":"ONEE","source":"ONEE shapefile via OSM-derived conversion","coord_confidence":"approximate","coord_method":"osm_derived"},"geometry":{"type":"LineString","coordinates":[[-6.150552917930372,35.19453048912605],[-6.1348344142922,35.12297785788578],[-6.121126602644192,35.06310604622803]]}},{"type":"Feature","properties":{"id":"onee_hv_106","name":"ONEE 60 kV line","layer":"grid_hv_real","sector":"energy","subsector":"transmission","voltage":"60 kV","grid_class":"distribution","status":"operational","operator":"ONEE","source":"ONEE shapefile via OSM-derived conversion","coord_confidence":"approximate","coord_method":"osm_derived"},"geometry":{"type":"LineString","coordinates":[[-5.855537926396791,35.70832458265499],[-5.872687791066365,35.67529287566761],[-5.918149889161378,35.66728203375379]]}},{"type":"Feature","properties":{"id":"onee_hv_107","name":"ONEE 60 kV line","layer":"grid_hv_real","sector":"energy","subsector":"transmission","voltage":"60 kV","grid_class":"distribution","status":"operational","operator":"ONEE","source":"ONEE shapefile via OSM-derived conversion","coord_confidence":"approximate","coord_method":"osm_derived"},"geometry":{"type":"LineString","coordinates":[[-5.780968570554336,35.77103569643381],[-5.822109644661094,35.74229501728562]]}},{"type":"Feature","properties":{"id":"onee_hv_108","name":"ONEE 60 kV line","layer":"grid_hv_real","sector":"energy","subsector":"transmission","voltage":"60 kV","grid_class":"distribution","status":"operational","operator":"ONEE","source":"ONEE shapefile via OSM-derived conversion","coord_confidence":"approximate","coord_method":"osm_derived"},"geometry":{"type":"LineString","coordinates":[[-5.689868513500562,35.69055512863896],[-5.706403403422484,35.71168844345114],[-5.814368775472716,35.72145468744454]]}},{"type":"Feature","properties":{"id":"onee_hv_109","name":"ONEE 60 kV line","layer":"grid_hv_real","sector":"energy","subsector":"transmission","voltage":"60 kV","grid_class":"distribution","status":"operational","operator":"ONEE","source":"ONEE shapefile via OSM-derived conversion","coord_confidence":"approximate","coord_method":"osm_derived"},"geometry":{"type":"LineString","coordinates":[[-5.529362701758579,35.78456584403648],[-5.658088180922154,35.66111548411669]]}},{"type":"Feature","properties":{"id":"onee_hv_110","name":"ONEE 60 kV line","layer":"grid_hv_real","sector":"energy","subsector":"transmission","voltage":"60 kV","grid_class":"distribution","status":"operational","operator":"ONEE","source":"ONEE shapefile via OSM-derived conversion","coord_confidence":"approximate","coord_method":"osm_derived"},"geometry":{"type":"LineString","coordinates":[[-5.406715549486832,35.73084833202933],[-5.515201589122335,35.782829493871695]]}},{"type":"Feature","properties":{"id":"onee_hv_111","name":"ONEE 60 kV line","layer":"grid_hv_real","sector":"energy","subsector":"transmission","voltage":"60 kV","grid_class":"distribution","status":"operational","operator":"ONEE","source":"ONEE shapefile via OSM-derived conversion","coord_confidence":"approximate","coord_method":"osm_derived"},"geometry":{"type":"LineString","coordinates":[[-5.381782485428509,35.614563240949074],[-5.39693984497957,35.712620152054676]]}},{"type":"Feature","properties":{"id":"onee_hv_112","name":"ONEE 60 kV line","layer":"grid_hv_real","sector":"energy","subsector":"transmission","voltage":"60 kV","grid_class":"distribution","status":"operational","operator":"ONEE","source":"ONEE shapefile via OSM-derived conversion","coord_confidence":"approximate","coord_method":"osm_derived"},"geometry":{"type":"LineString","coordinates":[[-5.394809726640077,35.59196297803837],[-5.431602229830395,35.59458196167949]]}},{"type":"Feature","properties":{"id":"onee_hv_113","name":"ONEE 60 kV line","layer":"grid_hv_real","sector":"energy","subsector":"transmission","voltage":"60 kV","grid_class":"distribution","status":"operational","operator":"ONEE","source":"ONEE shapefile via OSM-derived conversion","coord_confidence":"approximate","coord_method":"osm_derived"},"geometry":{"type":"LineString","coordinates":[[-5.395895215575963,35.61283088384096],[-5.438110941836191,35.61539843184518]]}},{"type":"Feature","properties":{"id":"onee_hv_114","name":"ONEE 60 kV line","layer":"grid_hv_real","sector":"energy","subsector":"transmission","voltage":"60 kV","grid_class":"distribution","status":"operational","operator":"ONEE","source":"ONEE shapefile via OSM-derived conversion","coord_confidence":"approximate","coord_method":"osm_derived"},"geometry":{"type":"LineString","coordinates":[[-3.87112632350977,35.13145752149235],[-3.84565901822469,35.10943025791981],[-3.578431734109074,35.11977423142235],[-3.453032444359822,35.04671427381842],[-3.036000443180662,35.069160550436166],[-3.021926529695953,35.110571837021986],[-2.993127059807998,35.13956606461428]]}},{"type":"Feature","properties":{"id":"onee_hv_115","name":"ONEE 60 kV line","layer":"grid_hv_real","sector":"energy","subsector":"transmission","voltage":"60 kV","grid_class":"distribution","status":"operational","operator":"ONEE","source":"ONEE shapefile via OSM-derived conversion","coord_confidence":"approximate","coord_method":"osm_derived"},"geometry":{"type":"LineString","coordinates":[[-4.696641043087793,34.52396157203137],[-4.737748777732694,34.46426137943695],[-4.707470301108804,34.37812585901523],[-4.727152364434991,34.312223190665286],[-4.822530166266405,34.25274369425985],[-4.827029513012369,34.213688106952596],[-4.781317545992373,34.19957118209846]]}},{"type":"Feature","properties":{"id":"onee_hv_116","name":"ONEE 60 kV line","layer":"grid_hv_real","sector":"energy","subsector":"transmission","voltage":"60 kV","grid_class":"distribution","status":"operational","operator":"ONEE","source":"ONEE shapefile via OSM-derived conversion","coord_confidence":"approximate","coord_method":"osm_derived"},"geometry":{"type":"LineString","coordinates":[[-4.75897907716099,34.183845204781704],[-4.796981866167427,34.088447071695015]]}},{"type":"Feature","properties":{"id":"onee_hv_117","name":"ONEE 60 kV line","layer":"grid_hv_real","sector":"energy","subsector":"transmission","voltage":"60 kV","grid_class":"distribution","status":"operational","operator":"ONEE","source":"ONEE shapefile via OSM-derived conversion","coord_confidence":"approximate","coord_method":"osm_derived"},"geometry":{"type":"LineString","coordinates":[[-4.59668518666325,34.11689595883932],[-4.488688773229322,34.176076925506344],[-4.407642367908399,34.18068000686045],[-4.280556137707968,34.20478908694328],[-4.149940878296815,34.25132693761699],[-4.067234110864066,34.29217209478378]]}},{"type":"Feature","properties":{"id":"onee_hv_118","name":"ONEE 60 kV line","layer":"grid_hv_real","sector":"energy","subsector":"transmission","voltage":"60 kV","grid_class":"distribution","status":"operational","operator":"ONEE","source":"ONEE shapefile via OSM-derived conversion","coord_confidence":"approximate","coord_method":"osm_derived"},"geometry":{"type":"LineString","coordinates":[[-4.746081484151188,34.06648793187956],[-4.574257661525861,34.12629050353631]]}},{"type":"Feature","properties":{"id":"onee_hv_119","name":"ONEE 60 kV line","layer":"grid_hv_real","sector":"energy","subsector":"transmission","voltage":"60 kV","grid_class":"distribution","status":"operational","operator":"ONEE","source":"ONEE shapefile via OSM-derived conversion","coord_confidence":"approximate","coord_method":"osm_derived"},"geometry":{"type":"LineString","coordinates":[[-4.784483895357266,34.05192445939108],[-4.746081484151188,34.06648793187956]]}},{"type":"Feature","properties":{"id":"onee_hv_120","name":"ONEE 60 kV line","layer":"grid_hv_real","sector":"energy","subsector":"transmission","voltage":"60 kV","grid_class":"distribution","status":"operational","operator":"ONEE","source":"ONEE shapefile via OSM-derived conversion","coord_confidence":"approximate","coord_method":"osm_derived"},"geometry":{"type":"LineString","coordinates":[[-4.781581088471884,34.01802516199722],[-4.790436109534403,33.96161299127568],[-4.843214148686668,33.852408868410244]]}},{"type":"Feature","properties":{"id":"onee_hv_121","name":"ONEE 60 kV line","layer":"grid_hv_real","sector":"energy","subsector":"transmission","voltage":"60 kV","grid_class":"distribution","status":"operational","operator":"ONEE","source":"ONEE shapefile via OSM-derived conversion","coord_confidence":"approximate","coord_method":"osm_derived"},"geometry":{"type":"LineString","coordinates":[[-4.052288339241489,34.292012774294335],[-4.051236158998113,34.292001491195684],[-4.048005887656918,34.29196679621849]]}},{"type":"Feature","properties":{"id":"onee_hv_122","name":"ONEE 60 kV line","layer":"grid_hv_real","sector":"energy","subsector":"transmission","voltage":"60 kV","grid_class":"distribution","status":"operational","operator":"ONEE","source":"ONEE shapefile via OSM-derived conversion","coord_confidence":"approximate","coord_method":"osm_derived"},"geometry":{"type":"LineString","coordinates":[[-4.073942346179725,34.34089148147584],[-4.049969331265897,34.30588831887213]]}},{"type":"Feature","properties":{"id":"onee_hv_123","name":"ONEE 60 kV line","layer":"grid_hv_real","sector":"energy","subsector":"transmission","voltage":"60 kV","grid_class":"distribution","status":"operational","operator":"ONEE","source":"ONEE shapefile via OSM-derived conversion","coord_confidence":"approximate","coord_method":"osm_derived"},"geometry":{"type":"LineString","coordinates":[[-3.885726581798094,34.72872243606019],[-3.882919622007992,34.64706627687839],[-3.901501072543651,34.56304702819914],[-4.024973602717699,34.400304625812126]]}},{"type":"Feature","properties":{"id":"onee_hv_124","name":"ONEE 60 kV line","layer":"grid_hv_real","sector":"energy","subsector":"transmission","voltage":"60 kV","grid_class":"distribution","status":"operational","operator":"ONEE","source":"ONEE shapefile via OSM-derived conversion","coord_confidence":"approximate","coord_method":"osm_derived"},"geometry":{"type":"LineString","coordinates":[[-2.856126753672853,34.45680340804869],[-2.771805210211658,34.454231736107],[-2.671190128905889,34.45814263651762],[-2.570083941940312,34.446377999634194],[-2.448636024420839,34.4027669912362],[-2.270121862749988,34.40800399315302],[-2.208476624441744,34.31174972287585]]}},{"type":"Feature","properties":{"id":"onee_hv_125","name":"ONEE 60 kV line","layer":"grid_hv_real","sector":"energy","subsector":"transmission","voltage":"60 kV","grid_class":"distribution","status":"operational","operator":"ONEE","source":"ONEE shapefile via OSM-derived conversion","coord_confidence":"approximate","coord_method":"osm_derived"},"geometry":{"type":"LineString","coordinates":[[-2.951367332590294,34.64199846355159],[-2.914379389132598,34.6239025356721],[-2.885146093191631,34.599008602104846],[-2.863629918324488,34.56468397765233],[-2.865868557531338,34.52563966334913],[-2.870848711185324,34.46493527853602]]}},{"type":"Feature","properties":{"id":"onee_hv_126","name":"ONEE 60 kV line","layer":"grid_hv_real","sector":"energy","subsector":"transmission","voltage":"60 kV","grid_class":"distribution","status":"operational","operator":"ONEE","source":"ONEE shapefile via OSM-derived conversion","coord_confidence":"approximate","coord_method":"osm_derived"},"geometry":{"type":"LineString","coordinates":[[-3.900257106030594,35.12572514165963],[-3.99401084323484,35.12159097960434],[-4.052561795646137,35.09617265171612],[-4.133552493111924,35.07965687586017],[-4.156225089046655,35.073801343976726]]}},{"type":"Feature","properties":{"id":"onee_hv_127","name":"ONEE 60 kV line","layer":"grid_hv_real","sector":"energy","subsector":"transmission","voltage":"60 kV","grid_class":"distribution","status":"operational","operator":"ONEE","source":"ONEE shapefile via OSM-derived conversion","coord_confidence":"approximate","coord_method":"osm_derived"},"geometry":{"type":"LineString","coordinates":[[-2.948490865856635,35.00583562704708],[-2.984714165071693,34.866714346985724],[-2.997218302522675,34.80006482671764],[-2.993874398123327,34.69057756169573],[-2.968036411869623,34.658831521517804]]}},{"type":"Feature","properties":{"id":"onee_hv_128","name":"ONEE 60 kV line","layer":"grid_hv_real","sector":"energy","subsector":"transmission","voltage":"60 kV","grid_class":"distribution","status":"operational","operator":"ONEE","source":"ONEE shapefile via OSM-derived conversion","coord_confidence":"approximate","coord_method":"osm_derived"},"geometry":{"type":"LineString","coordinates":[[-2.3937776324434,34.93484750884282],[-2.381978045140376,34.93629557359571]]}},{"type":"Feature","properties":{"id":"onee_hv_129","name":"ONEE 60 kV line","layer":"grid_hv_real","sector":"energy","subsector":"transmission","voltage":"60 kV","grid_class":"distribution","status":"operational","operator":"ONEE","source":"ONEE shapefile via OSM-derived conversion","coord_confidence":"approximate","coord_method":"osm_derived"},"geometry":{"type":"LineString","coordinates":[[-2.377553994132547,34.938775583357135],[-2.309724579240221,34.971910283644746]]}},{"type":"Feature","properties":{"id":"onee_hv_130","name":"ONEE 60 kV line","layer":"grid_hv_real","sector":"energy","subsector":"transmission","voltage":"60 kV","grid_class":"distribution","status":"operational","operator":"ONEE","source":"ONEE shapefile via OSM-derived conversion","coord_confidence":"approximate","coord_method":"osm_derived"},"geometry":{"type":"LineString","coordinates":[[-2.440043105802912,34.935065175768536],[-2.422805133267607,34.935532991542075]]}},{"type":"Feature","properties":{"id":"onee_hv_131","name":"ONEE 60 kV line","layer":"grid_hv_real","sector":"energy","subsector":"transmission","voltage":"60 kV","grid_class":"distribution","status":"operational","operator":"ONEE","source":"ONEE shapefile via OSM-derived conversion","coord_confidence":"approximate","coord_method":"osm_derived"},"geometry":{"type":"LineString","coordinates":[[-2.822408697976969,35.08496369135013],[-2.759755496862704,35.02288251273702],[-2.732677586632447,34.994542905903636],[-2.671240526187743,34.963693342443996],[-2.585011090237488,34.93836918851684],[-2.448697691781918,34.934395351500605]]}},{"type":"Feature","properties":{"id":"onee_hv_132","name":"ONEE 60 kV line","layer":"grid_hv_real","sector":"energy","subsector":"transmission","voltage":"60 kV","grid_class":"distribution","status":"operational","operator":"ONEE","source":"ONEE shapefile via OSM-derived conversion","coord_confidence":"approximate","coord_method":"osm_derived"},"geometry":{"type":"LineString","coordinates":[[-2.977918645857244,35.258203903974575],[-2.972592934783787,35.18085613086909]]}},{"type":"Feature","properties":{"id":"onee_hv_133","name":"ONEE 60 kV line","layer":"grid_hv_real","sector":"energy","subsector":"transmission","voltage":"60 kV","grid_class":"distribution","status":"operational","operator":"ONEE","source":"ONEE shapefile via OSM-derived conversion","coord_confidence":"approximate","coord_method":"osm_derived"},"geometry":{"type":"LineString","coordinates":[[-3.887424100934491,35.12123101329177],[-3.85406762404546,35.058322398975754],[-3.834110816002667,35.033758985821564],[-3.792868459995711,34.9967715679049],[-3.775402208187487,34.95226111854855],[-3.764279811663828,34.918260410531374],[-3.760895441743674,34.869590225506364],[-3.810357349262044,34.806823163290794],[-3.852649037366271,34.78303307486086],[-3.873202499335846,34.7720020868953],[-3.885268329044792,34.754785152518764]]}},{"type":"Feature","properties":{"id":"onee_hv_134","name":"ONEE 60 kV line","layer":"grid_hv_real","sector":"energy","subsector":"transmission","voltage":"60 kV","grid_class":"distribution","status":"operational","operator":"ONEE","source":"ONEE shapefile via OSM-derived conversion","coord_confidence":"approximate","coord_method":"osm_derived"},"geometry":{"type":"LineString","coordinates":[[-1.837380440095563,34.719715950055836],[-1.87056490247471,34.61386572570298],[-1.764098500374216,34.50296172499431],[-1.719665001243888,34.488354362716805]]}},{"type":"Feature","properties":{"id":"onee_hv_135","name":"ONEE 60 kV line","layer":"grid_hv_real","sector":"energy","subsector":"transmission","voltage":"60 kV","grid_class":"distribution","status":"operational","operator":"ONEE","source":"ONEE shapefile via OSM-derived conversion","coord_confidence":"approximate","coord_method":"osm_derived"},"geometry":{"type":"LineString","coordinates":[[-2.101059132969672,34.3298005286806],[-2.175935632101229,34.297011954899574]]}},{"type":"Feature","properties":{"id":"onee_hv_136","name":"ONEE 60 kV line","layer":"grid_hv_real","sector":"energy","subsector":"transmission","voltage":"60 kV","grid_class":"distribution","status":"operational","operator":"ONEE","source":"ONEE shapefile via OSM-derived conversion","coord_confidence":"approximate","coord_method":"osm_derived"},"geometry":{"type":"LineString","coordinates":[[-2.054606697578822,34.51049919187162],[-1.904697637926318,34.52691392346602],[-1.784330474108389,34.48090133511035],[-1.719665001243888,34.488354362716805]]}},{"type":"Feature","properties":{"id":"onee_hv_137","name":"ONEE 60 kV line","layer":"grid_hv_real","sector":"energy","subsector":"transmission","voltage":"60 kV","grid_class":"distribution","status":"operational","operator":"ONEE","source":"ONEE shapefile via OSM-derived conversion","coord_confidence":"approximate","coord_method":"osm_derived"},"geometry":{"type":"LineString","coordinates":[[-2.042171819880217,34.499422420731044],[-2.014160570190296,34.56719802796784],[-1.94452766705114,34.66796953830192],[-1.852319355861041,34.72100006021462]]}},{"type":"Feature","properties":{"id":"onee_hv_138","name":"ONEE 60 kV line","layer":"grid_hv_real","sector":"energy","subsector":"transmission","voltage":"60 kV","grid_class":"distribution","status":"operational","operator":"ONEE","source":"ONEE shapefile via OSM-derived conversion","coord_confidence":"approximate","coord_method":"osm_derived"},"geometry":{"type":"LineString","coordinates":[[-2.174152836408537,34.28738281876983],[-2.101756631164718,34.254232292572524],[-2.09018248649428,34.223519676786104],[-2.072169329779457,34.16567634416377],[-2.062993523500943,34.09942434799361]]}},{"type":"Feature","properties":{"id":"onee_hv_139","name":"ONEE 60 kV line","layer":"grid_hv_real","sector":"energy","subsector":"transmission","voltage":"60 kV","grid_class":"distribution","status":"operational","operator":"ONEE","source":"ONEE shapefile via OSM-derived conversion","coord_confidence":"approximate","coord_method":"osm_derived"},"geometry":{"type":"LineString","coordinates":[[-2.180787366052382,34.30842579806732],[-2.13184873162115,34.361019092728846],[-2.177214956070006,34.462987063556795]]}},{"type":"Feature","properties":{"id":"onee_hv_140","name":"ONEE 60 kV line","layer":"grid_hv_real","sector":"energy","subsector":"transmission","voltage":"60 kV","grid_class":"distribution","status":"operational","operator":"ONEE","source":"ONEE shapefile via OSM-derived conversion","coord_confidence":"approximate","coord_method":"osm_derived"},"geometry":{"type":"LineString","coordinates":[[-4.089757634892226,33.079602095872474],[-4.038829563563845,33.112059694942666],[-4.007188701323653,33.11780954419735],[-3.985075677168357,33.118431284116],[-3.953472533801181,33.12152520328997],[-3.89530018270333,33.1373331521141]]}},{"type":"Feature","properties":{"id":"onee_hv_141","name":"ONEE 60 kV line","layer":"grid_hv_real","sector":"energy","subsector":"transmission","voltage":"60 kV","grid_class":"distribution","status":"operational","operator":"ONEE","source":"ONEE shapefile via OSM-derived conversion","coord_confidence":"approximate","coord_method":"osm_derived"},"geometry":{"type":"LineString","coordinates":[[-5.626095752199682,32.99247787225225],[-5.701230513057543,33.14609355030925],[-5.77717239406318,33.198013818867416]]}},{"type":"Feature","properties":{"id":"onee_hv_142","name":"ONEE 60 kV line","layer":"grid_hv_real","sector":"energy","subsector":"transmission","voltage":"60 kV","grid_class":"distribution","status":"operational","operator":"ONEE","source":"ONEE shapefile via OSM-derived conversion","coord_confidence":"approximate","coord_method":"osm_derived"},"geometry":{"type":"LineString","coordinates":[[-10.324091069993944,28.903436204699535],[-10.310320928028812,28.890158911387555]]}},{"type":"Feature","properties":{"id":"onee_hv_143","name":"ONEE 60 kV line","layer":"grid_hv_real","sector":"energy","subsector":"transmission","voltage":"60 kV","grid_class":"distribution","status":"operational","operator":"ONEE","source":"ONEE shapefile via OSM-derived conversion","coord_confidence":"approximate","coord_method":"osm_derived"},"geometry":{"type":"LineString","coordinates":[[-13.405440992416688,27.169463258467868],[-13.357050680626738,27.181473033905107],[-13.32356142672004,27.170724157433973]]}},{"type":"Feature","properties":{"id":"onee_hv_144","name":"ONEE 60 kV line","layer":"grid_hv_real","sector":"energy","subsector":"transmission","voltage":"60 kV","grid_class":"distribution","status":"operational","operator":"ONEE","source":"ONEE shapefile via OSM-derived conversion","coord_confidence":"approximate","coord_method":"osm_derived"},"geometry":{"type":"LineString","coordinates":[[-13.36361285231795,27.18881600478529],[-13.387854868595712,27.20623978432054]]}},{"type":"Feature","properties":{"id":"onee_hv_145","name":"ONEE 60 kV line","layer":"grid_hv_real","sector":"energy","subsector":"transmission","voltage":"60 kV","grid_class":"distribution","status":"operational","operator":"ONEE","source":"ONEE shapefile via OSM-derived conversion","coord_confidence":"approximate","coord_method":"osm_derived"},"geometry":{"type":"LineString","coordinates":[[-13.13417081952048,27.17477807796255],[-13.121322560374358,27.21033735562644]]}},{"type":"Feature","properties":{"id":"onee_hv_146","name":"ONEE 60 kV line","layer":"grid_hv_real","sector":"energy","subsector":"transmission","voltage":"60 kV","grid_class":"distribution","status":"operational","operator":"ONEE","source":"ONEE shapefile via OSM-derived conversion","coord_confidence":"approximate","coord_method":"osm_derived"},"geometry":{"type":"LineString","coordinates":[[-13.32356142672004,27.170724157433973],[-13.135991911836186,27.172914811164734]]}},{"type":"Feature","properties":{"id":"onee_hv_147","name":"ONEE 60 kV line","layer":"grid_hv_real","sector":"energy","subsector":"transmission","voltage":"60 kV","grid_class":"distribution","status":"operational","operator":"ONEE","source":"ONEE shapefile via OSM-derived conversion","coord_confidence":"approximate","coord_method":"osm_derived"},"geometry":{"type":"LineString","coordinates":[[-13.36361285231795,27.18881600478529],[-13.404991455510588,27.17555794898928]]}},{"type":"Feature","properties":{"id":"onee_hv_148","name":"ONEE 60 kV line","layer":"grid_hv_real","sector":"energy","subsector":"transmission","voltage":"60 kV","grid_class":"distribution","status":"operational","operator":"ONEE","source":"ONEE shapefile via OSM-derived conversion","coord_confidence":"approximate","coord_method":"osm_derived"},"geometry":{"type":"LineString","coordinates":[[-12.723838612161742,26.755864134408124],[-12.664544215122772,26.81504749438397]]}},{"type":"Feature","properties":{"id":"onee_hv_149","name":"ONEE 60 kV line","layer":"grid_hv_real","sector":"energy","subsector":"transmission","voltage":"60 kV","grid_class":"distribution","status":"operational","operator":"ONEE","source":"ONEE shapefile via OSM-derived conversion","coord_confidence":"approximate","coord_method":"osm_derived"},"geometry":{"type":"LineString","coordinates":[[-7.586612687811898,33.07507692531709],[-7.644167500183415,33.06272600273843]]}},{"type":"Feature","properties":{"id":"onee_hv_150","name":"ONEE 60 kV line","layer":"grid_hv_real","sector":"energy","subsector":"transmission","voltage":"60 kV","grid_class":"distribution","status":"operational","operator":"ONEE","source":"ONEE shapefile via OSM-derived conversion","coord_confidence":"approximate","coord_method":"osm_derived"},"geometry":{"type":"LineString","coordinates":[[-9.239718556276065,32.298840412963855],[-9.288509211763959,32.331924189547]]}},{"type":"Feature","properties":{"id":"onee_hv_151","name":"ONEE 60 kV line","layer":"grid_hv_real","sector":"energy","subsector":"transmission","voltage":"60 kV","grid_class":"distribution","status":"operational","operator":"ONEE","source":"ONEE shapefile via OSM-derived conversion","coord_confidence":"approximate","coord_method":"osm_derived"},"geometry":{"type":"LineString","coordinates":[[-9.640189940959434,30.50068194315176],[-9.625116948697327,30.48468079409293]]}},{"type":"Feature","properties":{"id":"onee_hv_152","name":"ONEE 60 kV line","layer":"grid_hv_real","sector":"energy","subsector":"transmission","voltage":"60 kV","grid_class":"distribution","status":"operational","operator":"ONEE","source":"ONEE shapefile via OSM-derived conversion","coord_confidence":"approximate","coord_method":"osm_derived"},"geometry":{"type":"LineString","coordinates":[[-6.727691598723577,31.08112400197107],[-6.663806009985973,31.070532586983933],[-6.82675047706775,30.97233874032839]]}},{"type":"Feature","properties":{"id":"onee_hv_153","name":"ONEE 60 kV line","layer":"grid_hv_real","sector":"energy","subsector":"transmission","voltage":"60 kV","grid_class":"distribution","status":"operational","operator":"ONEE","source":"ONEE shapefile via OSM-derived conversion","coord_confidence":"approximate","coord_method":"osm_derived"},"geometry":{"type":"LineString","coordinates":[[-8.354260075964019,32.754938091852445],[-7.942931691607786,32.775375727014904]]}},{"type":"Feature","properties":{"id":"onee_hv_154","name":"ONEE 60 kV line","layer":"grid_hv_real","sector":"energy","subsector":"transmission","voltage":"60 kV","grid_class":"distribution","status":"operational","operator":"ONEE","source":"ONEE shapefile via OSM-derived conversion","coord_confidence":"approximate","coord_method":"osm_derived"},"geometry":{"type":"LineString","coordinates":[[-9.746179851092739,31.343387557254637],[-9.746138364958613,31.342533094945882]]}},{"type":"Feature","properties":{"id":"onee_hv_155","name":"ONEE 60 kV line","layer":"grid_hv_real","sector":"energy","subsector":"transmission","voltage":"60 kV","grid_class":"distribution","status":"operational","operator":"ONEE","source":"ONEE shapefile via OSM-derived conversion","coord_confidence":"approximate","coord_method":"osm_derived"},"geometry":{"type":"LineString","coordinates":[[-9.745252707709573,31.34602497521546],[-9.746222220727208,31.344260199922577]]}},{"type":"Feature","properties":{"id":"onee_hv_156","name":"ONEE 60 kV line","layer":"grid_hv_real","sector":"energy","subsector":"transmission","voltage":"60 kV","grid_class":"distribution","status":"operational","operator":"ONEE","source":"ONEE shapefile via OSM-derived conversion","coord_confidence":"approximate","coord_method":"osm_derived"},"geometry":{"type":"LineString","coordinates":[[-9.74438936788822,31.34958062261345],[-9.745338074095192,31.3477834853758]]}},{"type":"Feature","properties":{"id":"onee_hv_157","name":"ONEE 60 kV line","layer":"grid_hv_real","sector":"energy","subsector":"transmission","voltage":"60 kV","grid_class":"distribution","status":"operational","operator":"ONEE","source":"ONEE shapefile via OSM-derived conversion","coord_confidence":"approximate","coord_method":"osm_derived"},"geometry":{"type":"LineString","coordinates":[[-9.74451467082981,31.35216220012402],[-9.744431642785482,31.350451615489114]]}},{"type":"Feature","properties":{"id":"onee_hv_158","name":"ONEE 60 kV line","layer":"grid_hv_real","sector":"energy","subsector":"transmission","voltage":"60 kV","grid_class":"distribution","status":"operational","operator":"ONEE","source":"ONEE shapefile via OSM-derived conversion","coord_confidence":"approximate","coord_method":"osm_derived"},"geometry":{"type":"LineString","coordinates":[[-9.743665447792717,31.355652775193224],[-9.743581630673196,31.353925660011637]]}},{"type":"Feature","properties":{"id":"onee_hv_159","name":"ONEE 60 kV line","layer":"grid_hv_real","sector":"energy","subsector":"transmission","voltage":"60 kV","grid_class":"distribution","status":"operational","operator":"ONEE","source":"ONEE shapefile via OSM-derived conversion","coord_confidence":"approximate","coord_method":"osm_derived"},"geometry":{"type":"LineString","coordinates":[[-9.742769238710782,31.358335432435023],[-9.743707718513207,31.356523770583657]]}},{"type":"Feature","properties":{"id":"onee_hv_160","name":"ONEE 60 kV line","layer":"grid_hv_real","sector":"energy","subsector":"transmission","voltage":"60 kV","grid_class":"distribution","status":"operational","operator":"ONEE","source":"ONEE shapefile via OSM-derived conversion","coord_confidence":"approximate","coord_method":"osm_derived"},"geometry":{"type":"LineString","coordinates":[[-9.741920291685844,31.361794533492347],[-9.742853044286145,31.360062551426328]]}},{"type":"Feature","properties":{"id":"onee_hv_161","name":"ONEE 60 kV line","layer":"grid_hv_real","sector":"energy","subsector":"transmission","voltage":"60 kV","grid_class":"distribution","status":"operational","operator":"ONEE","source":"ONEE shapefile via OSM-derived conversion","coord_confidence":"approximate","coord_method":"osm_derived"},"geometry":{"type":"LineString","coordinates":[[-9.741005509261955,31.364494400287995],[-9.741961746487318,31.362649004283856]]}},{"type":"Feature","properties":{"id":"onee_hv_162","name":"ONEE 60 kV line","layer":"grid_hv_real","sector":"energy","subsector":"transmission","voltage":"60 kV","grid_class":"distribution","status":"operational","operator":"ONEE","source":"ONEE shapefile via OSM-derived conversion","coord_confidence":"approximate","coord_method":"osm_derived"},"geometry":{"type":"LineString","coordinates":[[-9.7401489012893,31.368001779948123],[-9.741088484866316,31.36620499750112]]}},{"type":"Feature","properties":{"id":"onee_hv_163","name":"ONEE 60 kV line","layer":"grid_hv_real","sector":"energy","subsector":"transmission","voltage":"60 kV","grid_class":"distribution","status":"operational","operator":"ONEE","source":"ONEE shapefile via OSM-derived conversion","coord_confidence":"approximate","coord_method":"osm_derived"},"geometry":{"type":"LineString","coordinates":[[-9.740274107729034,31.370583382073416],[-9.740188819076096,31.368824851268148]]}},{"type":"Feature","properties":{"id":"onee_hv_164","name":"ONEE 60 kV line","layer":"grid_hv_real","sector":"energy","subsector":"transmission","voltage":"60 kV","grid_class":"distribution","status":"operational","operator":"ONEE","source":"ONEE shapefile via OSM-derived conversion","coord_confidence":"approximate","coord_method":"osm_derived"},"geometry":{"type":"LineString","coordinates":[[-9.739388172205064,31.374075253230874],[-9.739302897628352,31.372316719211]]}},{"type":"Feature","properties":{"id":"onee_hv_165","name":"ONEE 60 kV line","layer":"grid_hv_real","sector":"energy","subsector":"transmission","voltage":"60 kV","grid_class":"distribution","status":"operational","operator":"ONEE","source":"ONEE shapefile via OSM-derived conversion","coord_confidence":"approximate","coord_method":"osm_derived"},"geometry":{"type":"LineString","coordinates":[[-9.738488774973918,31.376743101933847],[-9.739432012975698,31.374979312088133]]}},{"type":"Feature","properties":{"id":"onee_hv_166","name":"ONEE 60 kV line","layer":"grid_hv_real","sector":"energy","subsector":"transmission","voltage":"60 kV","grid_class":"distribution","status":"operational","operator":"ONEE","source":"ONEE shapefile via OSM-derived conversion","coord_confidence":"approximate","coord_method":"osm_derived"},"geometry":{"type":"LineString","coordinates":[[-9.737603834185757,31.380218372768454],[-9.738570912479357,31.378437182095876]]}},{"type":"Feature","properties":{"id":"onee_hv_167","name":"ONEE 60 kV line","layer":"grid_hv_real","sector":"energy","subsector":"transmission","voltage":"60 kV","grid_class":"distribution","status":"operational","operator":"ONEE","source":"ONEE shapefile via OSM-derived conversion","coord_confidence":"approximate","coord_method":"osm_derived"},"geometry":{"type":"LineString","coordinates":[[-9.736722213215726,31.382852464485172],[-9.737646057524305,31.381089379320937]]}},{"type":"Feature","properties":{"id":"onee_hv_168","name":"ONEE 60 kV line","layer":"grid_hv_real","sector":"energy","subsector":"transmission","voltage":"60 kV","grid_class":"distribution","status":"operational","operator":"ONEE","source":"ONEE shapefile via OSM-derived conversion","coord_confidence":"approximate","coord_method":"osm_derived"},"geometry":{"type":"LineString","coordinates":[[-9.736851347103425,31.38551672465377],[-9.73680592506482,31.38457960552447]]}},{"type":"Feature","properties":{"id":"onee_hv_169","name":"ONEE 60 kV line","layer":"grid_hv_real","sector":"energy","subsector":"transmission","voltage":"60 kV","grid_class":"distribution","status":"operational","operator":"ONEE","source":"ONEE shapefile via OSM-derived conversion","coord_confidence":"approximate","coord_method":"osm_derived"},"geometry":{"type":"LineString","coordinates":[[-9.730341791457867,31.42136640068907],[-9.730298019813372,31.420462321176355]]}},{"type":"Feature","properties":{"id":"onee_hv_170","name":"ONEE 60 kV line","layer":"grid_hv_real","sector":"energy","subsector":"transmission","voltage":"60 kV","grid_class":"distribution","status":"operational","operator":"ONEE","source":"ONEE shapefile via OSM-derived conversion","coord_confidence":"approximate","coord_method":"osm_derived"},"geometry":{"type":"LineString","coordinates":[[-9.730509044091475,31.424820747634342],[-9.730425416161387,31.423093573583433]]}},{"type":"Feature","properties":{"id":"onee_hv_171","name":"ONEE 60 kV line","layer":"grid_hv_real","sector":"energy","subsector":"transmission","voltage":"60 kV","grid_class":"distribution","status":"operational","operator":"ONEE","source":"ONEE shapefile via OSM-derived conversion","coord_confidence":"approximate","coord_method":"osm_derived"},"geometry":{"type":"LineString","coordinates":[[-9.729642757784509,31.428343351263308],[-9.730551219400743,31.42569177268963]]}},{"type":"Feature","properties":{"id":"onee_hv_172","name":"ONEE 60 kV line","layer":"grid_hv_real","sector":"energy","subsector":"transmission","voltage":"60 kV","grid_class":"distribution","status":"operational","operator":"ONEE","source":"ONEE shapefile via OSM-derived conversion","coord_confidence":"approximate","coord_method":"osm_derived"},"geometry":{"type":"LineString","coordinates":[[-9.729768625693216,31.4309432095158],[-9.72968652666048,31.42924743390728]]}},{"type":"Feature","properties":{"id":"onee_hv_173","name":"ONEE 60 kV line","layer":"grid_hv_real","sector":"energy","subsector":"transmission","voltage":"60 kV","grid_class":"distribution","status":"operational","operator":"ONEE","source":"ONEE shapefile via OSM-derived conversion","coord_confidence":"approximate","coord_method":"osm_derived"},"geometry":{"type":"LineString","coordinates":[[-9.729936594321366,31.434412445912407],[-9.729809996462313,31.43179770895099]]}},{"type":"Feature","properties":{"id":"onee_hv_174","name":"ONEE 60 kV line","layer":"grid_hv_real","sector":"energy","subsector":"transmission","voltage":"60 kV","grid_class":"distribution","status":"operational","operator":"ONEE","source":"ONEE shapefile via OSM-derived conversion","coord_confidence":"approximate","coord_method":"osm_derived"},"geometry":{"type":"LineString","coordinates":[[-9.730063999885758,31.437043713572784],[-9.729978848603071,31.435285127354362]]}},{"type":"Feature","properties":{"id":"onee_hv_175","name":"ONEE 60 kV line","layer":"grid_hv_real","sector":"energy","subsector":"transmission","voltage":"60 kV","grid_class":"distribution","status":"operational","operator":"ONEE","source":"ONEE shapefile via OSM-derived conversion","coord_confidence":"approximate","coord_method":"osm_derived"},"geometry":{"type":"LineString","coordinates":[[-9.72918619002453,31.440535279189703],[-9.730146033185825,31.43873784145556]]}},{"type":"Feature","properties":{"id":"onee_hv_176","name":"ONEE 60 kV line","layer":"grid_hv_real","sector":"energy","subsector":"transmission","voltage":"60 kV","grid_class":"distribution","status":"operational","operator":"ONEE","source":"ONEE shapefile via OSM-derived conversion","coord_confidence":"approximate","coord_method":"osm_derived"},"geometry":{"type":"LineString","coordinates":[[-9.729354234084946,31.4440061826002],[-9.729226039294353,31.441358378725038]]}},{"type":"Feature","properties":{"id":"onee_hv_177","name":"ONEE 60 kV line","layer":"grid_hv_real","sector":"energy","subsector":"transmission","voltage":"60 kV","grid_class":"distribution","status":"operational","operator":"ONEE","source":"ONEE shapefile via OSM-derived conversion","coord_confidence":"approximate","coord_method":"osm_derived"},"geometry":{"type":"LineString","coordinates":[[-9.729480035596847,31.44660440473268],[-9.7293956069314,31.444860686668992]]}},{"type":"Feature","properties":{"id":"onee_hv_178","name":"ONEE 60 kV line","layer":"grid_hv_real","sector":"energy","subsector":"transmission","voltage":"60 kV","grid_class":"distribution","status":"operational","operator":"ONEE","source":"ONEE shapefile via OSM-derived conversion","coord_confidence":"approximate","coord_method":"osm_derived"},"geometry":{"type":"LineString","coordinates":[[-9.729647302098087,31.45005878800941],[-9.7295214108453,31.447458909647203]]}},{"type":"Feature","properties":{"id":"onee_hv_179","name":"ONEE 60 kV line","layer":"grid_hv_real","sector":"energy","subsector":"transmission","voltage":"60 kV","grid_class":"distribution","status":"operational","operator":"ONEE","source":"ONEE shapefile via OSM-derived conversion","coord_confidence":"approximate","coord_method":"osm_derived"},"geometry":{"type":"LineString","coordinates":[[-9.728745706650386,31.452693575100884],[-9.729688680540358,31.45091329404562]]}},{"type":"Feature","properties":{"id":"onee_hv_180","name":"ONEE 60 kV line","layer":"grid_hv_real","sector":"energy","subsector":"transmission","voltage":"60 kV","grid_class":"distribution","status":"operational","operator":"ONEE","source":"ONEE shapefile via OSM-derived conversion","coord_confidence":"approximate","coord_method":"osm_derived"},"geometry":{"type":"LineString","coordinates":[[-9.728912956171566,31.456147967767134],[-9.728830850247885,31.4544521744396]]}},{"type":"Feature","properties":{"id":"onee_hv_181","name":"ONEE 60 kV line","layer":"grid_hv_real","sector":"energy","subsector":"transmission","voltage":"60 kV","grid_class":"distribution","status":"operational","operator":"ONEE","source":"ONEE shapefile via OSM-derived conversion","coord_confidence":"approximate","coord_method":"osm_derived"},"geometry":{"type":"LineString","coordinates":[[-9.729040362556015,31.45877925936901],[-9.72895433041344,31.45700247612266]]}},{"type":"Feature","properties":{"id":"onee_hv_182","name":"ONEE 60 kV line","layer":"grid_hv_real","sector":"energy","subsector":"transmission","voltage":"60 kV","grid_class":"distribution","status":"operational","operator":"ONEE","source":"ONEE shapefile via OSM-derived conversion","coord_confidence":"approximate","coord_method":"osm_derived"},"geometry":{"type":"LineString","coordinates":[[-9.729248214301757,31.46307164203529],[-9.729207554786694,31.462232007144753],[-9.72912391704146,31.460504806284217]]}},{"type":"Feature","properties":{"id":"onee_hv_183","name":"ONEE 60 kV line","layer":"grid_hv_real","sector":"energy","subsector":"transmission","voltage":"60 kV","grid_class":"distribution","status":"operational","operator":"ONEE","source":"ONEE shapefile via OSM-derived conversion","coord_confidence":"approximate","coord_method":"osm_derived"},"geometry":{"type":"LineString","coordinates":[[-9.728371946178195,31.46659628638307],[-9.728245348545917,31.46398151420899]]}},{"type":"Feature","properties":{"id":"onee_hv_184","name":"ONEE 60 kV line","layer":"grid_hv_real","sector":"energy","subsector":"transmission","voltage":"60 kV","grid_class":"distribution","status":"operational","operator":"ONEE","source":"ONEE shapefile via OSM-derived conversion","coord_confidence":"approximate","coord_method":"osm_derived"},"geometry":{"type":"LineString","coordinates":[[-9.728499271486227,31.469225936582838],[-9.728415640883648,31.46749873047167]]}},{"type":"Feature","properties":{"id":"onee_hv_185","name":"ONEE 60 kV line","layer":"grid_hv_real","sector":"energy","subsector":"transmission","voltage":"60 kV","grid_class":"distribution","status":"operational","operator":"ONEE","source":"ONEE shapefile via OSM-derived conversion","coord_confidence":"approximate","coord_method":"osm_derived"},"geometry":{"type":"LineString","coordinates":[[-9.728665742007028,31.472663823834942],[-9.72854072785252,31.47008210232228]]}},{"type":"Feature","properties":{"id":"onee_hv_186","name":"ONEE 60 kV line","layer":"grid_hv_real","sector":"energy","subsector":"transmission","voltage":"60 kV","grid_class":"distribution","status":"operational","operator":"ONEE","source":"ONEE shapefile via OSM-derived conversion","coord_confidence":"approximate","coord_method":"osm_derived"},"geometry":{"type":"LineString","coordinates":[[-9.727748705158819,31.47534883756581],[-9.727663562963208,31.4735902229672]]}},{"type":"Feature","properties":{"id":"onee_hv_187","name":"ONEE 60 kV line","layer":"grid_hv_real","sector":"energy","subsector":"transmission","voltage":"60 kV","grid_class":"distribution","status":"operational","operator":"ONEE","source":"ONEE shapefile via OSM-derived conversion","coord_confidence":"approximate","coord_method":"osm_derived"},"geometry":{"type":"LineString","coordinates":[[-9.727917479045427,31.478834666329988],[-9.727833850701236,31.477107453315018]]}},{"type":"Feature","properties":{"id":"onee_hv_188","name":"ONEE 60 kV line","layer":"grid_hv_real","sector":"energy","subsector":"transmission","voltage":"60 kV","grid_class":"distribution","status":"operational","operator":"ONEE","source":"ONEE shapefile via OSM-derived conversion","coord_confidence":"approximate","coord_method":"osm_derived"},"geometry":{"type":"LineString","coordinates":[[-9.728084745420174,31.482289095678656],[-9.727957333688945,31.479657778759144]]}},{"type":"Feature","properties":{"id":"onee_hv_189","name":"ONEE 60 kV line","layer":"grid_hv_real","sector":"energy","subsector":"transmission","voltage":"60 kV","grid_class":"distribution","status":"operational","operator":"ONEE","source":"ONEE shapefile via OSM-derived conversion","coord_confidence":"approximate","coord_method":"osm_derived"},"geometry":{"type":"LineString","coordinates":[[-9.727204566649734,31.484939686822674],[-9.727121746548894,31.48322899760365]]}},{"type":"Feature","properties":{"id":"onee_hv_190","name":"ONEE 60 kV line","layer":"grid_hv_real","sector":"energy","subsector":"transmission","voltage":"60 kV","grid_class":"distribution","status":"operational","operator":"ONEE","source":"ONEE shapefile via OSM-derived conversion","coord_confidence":"approximate","coord_method":"osm_derived"},"geometry":{"type":"LineString","coordinates":[[-9.727371816895026,31.488394125349057],[-9.727246017899057,31.48579585825784]]}},{"type":"Feature","properties":{"id":"onee_hv_191","name":"ONEE 60 kV line","layer":"grid_hv_real","sector":"energy","subsector":"transmission","voltage":"60 kV","grid_class":"distribution","status":"operational","operator":"ONEE","source":"ONEE shapefile via OSM-derived conversion","coord_confidence":"approximate","coord_method":"osm_derived"},"geometry":{"type":"LineString","coordinates":[[-9.727496902912147,31.49097751932929],[-9.727413271345412,31.489250297874168]]}},{"type":"Feature","properties":{"id":"onee_hv_192","name":"ONEE 60 kV line","layer":"grid_hv_real","sector":"energy","subsector":"transmission","voltage":"60 kV","grid_class":"distribution","status":"operational","operator":"ONEE","source":"ONEE shapefile via OSM-derived conversion","coord_confidence":"approximate","coord_method":"osm_derived"},"geometry":{"type":"LineString","coordinates":[[-9.726657662261998,31.494515762313586],[-9.72657484376229,31.49280506637973]]}},{"type":"Feature","properties":{"id":"onee_hv_193","name":"ONEE 60 kV line","layer":"grid_hv_real","sector":"energy","subsector":"transmission","voltage":"60 kV","grid_class":"distribution","status":"operational","operator":"ONEE","source":"ONEE shapefile via OSM-derived conversion","coord_confidence":"approximate","coord_method":"osm_derived"},"geometry":{"type":"LineString","coordinates":[[-9.726824909274947,31.49797021437389],[-9.726700633108404,31.49540334120608]]}},{"type":"Feature","properties":{"id":"onee_hv_194","name":"ONEE 60 kV line","layer":"grid_hv_real","sector":"energy","subsector":"transmission","voltage":"60 kV","grid_class":"distribution","status":"operational","operator":"ONEE","source":"ONEE shapefile via OSM-derived conversion","coord_confidence":"approximate","coord_method":"osm_derived"},"geometry":{"type":"LineString","coordinates":[[-9.726948392271968,31.500520561443665],[-9.726866282897264,31.49882473739855]]}},{"type":"Feature","properties":{"id":"onee_hv_195","name":"ONEE 60 kV line","layer":"grid_hv_real","sector":"energy","subsector":"transmission","voltage":"60 kV","grid_class":"distribution","status":"operational","operator":"ONEE","source":"ONEE shapefile via OSM-derived conversion","coord_confidence":"approximate","coord_method":"osm_derived"},"geometry":{"type":"LineString","coordinates":[[-9.72604218404977,31.503236652630804],[-9.725956168746709,31.501459836473984]]}},{"type":"Feature","properties":{"id":"onee_hv_196","name":"ONEE 60 kV line","layer":"grid_hv_real","sector":"energy","subsector":"transmission","voltage":"60 kV","grid_class":"distribution","status":"operational","operator":"ONEE","source":"ONEE shapefile via OSM-derived conversion","coord_confidence":"approximate","coord_method":"osm_derived"},"geometry":{"type":"LineString","coordinates":[[-9.735937399281514,31.387246339396253],[-9.736851347103425,31.38551672465377]]}},{"type":"Feature","properties":{"id":"onee_hv_197","name":"ONEE 60 kV line","layer":"grid_hv_real","sector":"energy","subsector":"transmission","voltage":"60 kV","grid_class":"distribution","status":"operational","operator":"ONEE","source":"ONEE shapefile via OSM-derived conversion","coord_confidence":"approximate","coord_method":"osm_derived"},"geometry":{"type":"LineString","coordinates":[[-9.736062511164256,31.38982796672724],[-9.735978888850465,31.388102474158213]]}},{"type":"Feature","properties":{"id":"onee_hv_198","name":"ONEE 60 kV line","layer":"grid_hv_real","sector":"energy","subsector":"transmission","voltage":"60 kV","grid_class":"distribution","status":"operational","operator":"ONEE","source":"ONEE shapefile via OSM-derived conversion","coord_confidence":"approximate","coord_method":"osm_derived"},"geometry":{"type":"LineString","coordinates":[[-9.735194134531188,31.393335752952353],[-9.736106326057586,31.39073203275098]]}},{"type":"Feature","properties":{"id":"onee_hv_199","name":"ONEE 60 kV line","layer":"grid_hv_real","sector":"energy","subsector":"transmission","voltage":"60 kV","grid_class":"distribution","status":"operational","operator":"ONEE","source":"ONEE shapefile via OSM-derived conversion","coord_confidence":"approximate","coord_method":"osm_derived"},"geometry":{"type":"LineString","coordinates":[[-9.734286939563212,31.396003858735288],[-9.735236340605319,31.39420676511274]]}},{"type":"Feature","properties":{"id":"onee_hv_200","name":"ONEE 60 kV line","layer":"grid_hv_real","sector":"energy","subsector":"transmission","voltage":"60 kV","grid_class":"distribution","status":"operational","operator":"ONEE","source":"ONEE shapefile via OSM-derived conversion","coord_confidence":"approximate","coord_method":"osm_derived"},"geometry":{"type":"LineString","coordinates":[[-9.734454297091007,31.399458164274805],[-9.734329138067046,31.396874872175324]]}},{"type":"Feature","properties":{"id":"onee_hv_201","name":"ONEE 60 kV line","layer":"grid_hv_real","sector":"energy","subsector":"transmission","voltage":"60 kV","grid_class":"distribution","status":"operational","operator":"ONEE","source":"ONEE shapefile via OSM-derived conversion","coord_confidence":"approximate","coord_method":"osm_derived"},"geometry":{"type":"LineString","coordinates":[[-9.73350880483534,31.40209452045952],[-9.733425140238436,31.400367364565895]]}},{"type":"Feature","properties":{"id":"onee_hv_202","name":"ONEE 60 kV line","layer":"grid_hv_real","sector":"energy","subsector":"transmission","voltage":"60 kV","grid_class":"distribution","status":"operational","operator":"ONEE","source":"ONEE shapefile via OSM-derived conversion","coord_confidence":"approximate","coord_method":"osm_derived"},"geometry":{"type":"LineString","coordinates":[[-9.732642136115912,31.405602237626386],[-9.733550278052,31.402950661328692]]}},{"type":"Feature","properties":{"id":"onee_hv_203","name":"ONEE 60 kV line","layer":"grid_hv_real","sector":"energy","subsector":"transmission","voltage":"60 kV","grid_class":"distribution","status":"operational","operator":"ONEE","source":"ONEE shapefile via OSM-derived conversion","coord_confidence":"approximate","coord_method":"osm_derived"},"geometry":{"type":"LineString","coordinates":[[-9.732767979139146,31.408200415846977],[-9.732684323135047,31.40647325509335]]}},{"type":"Feature","properties":{"id":"onee_hv_204","name":"ONEE 60 kV line","layer":"grid_hv_real","sector":"energy","subsector":"transmission","voltage":"60 kV","grid_class":"distribution","status":"operational","operator":"ONEE","source":"ONEE shapefile via OSM-derived conversion","coord_confidence":"approximate","coord_method":"osm_derived"},"geometry":{"type":"LineString","coordinates":[[-9.731938558489562,31.41172170735609],[-9.731812734596483,31.409123524515778]]}},{"type":"Feature","properties":{"id":"onee_hv_205","name":"ONEE 60 kV line","layer":"grid_hv_real","sector":"energy","subsector":"transmission","voltage":"60 kV","grid_class":"distribution","status":"operational","operator":"ONEE","source":"ONEE shapefile via OSM-derived conversion","coord_confidence":"approximate","coord_method":"osm_derived"},"geometry":{"type":"LineString","coordinates":[[-9.731011807994616,31.414390495427817],[-9.731980021142897,31.41257785215301]]}},{"type":"Feature","properties":{"id":"onee_hv_206","name":"ONEE 60 kV line","layer":"grid_hv_real","sector":"energy","subsector":"transmission","voltage":"60 kV","grid_class":"distribution","status":"operational","operator":"ONEE","source":"ONEE shapefile via OSM-derived conversion","coord_confidence":"approximate","coord_method":"osm_derived"},"geometry":{"type":"LineString","coordinates":[[-9.731179873808042,31.417861359557033],[-9.731051662423202,31.41521358563934]]}},{"type":"Feature","properties":{"id":"onee_hv_207","name":"ONEE 60 kV line","layer":"grid_hv_real","sector":"energy","subsector":"transmission","voltage":"60 kV","grid_class":"distribution","status":"operational","operator":"ONEE","source":"ONEE shapefile via OSM-derived conversion","coord_confidence":"approximate","coord_method":"osm_derived"},"geometry":{"type":"LineString","coordinates":[[-9.730298019813372,31.420462321176355],[-9.730215200199071,31.41875167799478]]}},{"type":"Feature","properties":{"id":"onee_hv_208","name":"ONEE 60 kV line","layer":"grid_hv_real","sector":"energy","subsector":"transmission","voltage":"60 kV","grid_class":"distribution","status":"operational","operator":"ONEE","source":"ONEE shapefile via OSM-derived conversion","coord_confidence":"approximate","coord_method":"osm_derived"},"geometry":{"type":"LineString","coordinates":[[-9.726125802201212,31.50496388432099],[-9.72604218404977,31.503236652630804]]}},{"type":"Feature","properties":{"id":"onee_hv_209","name":"ONEE 60 kV line","layer":"grid_hv_real","sector":"energy","subsector":"transmission","voltage":"60 kV","grid_class":"distribution","status":"operational","operator":"ONEE","source":"ONEE shapefile via OSM-derived conversion","coord_confidence":"approximate","coord_method":"osm_derived"},"geometry":{"type":"LineString","coordinates":[[-9.726292968167014,31.508416698094294],[-9.726167972579999,31.50583493841698]]}},{"type":"Feature","properties":{"id":"onee_hv_210","name":"ONEE 60 kV line","layer":"grid_hv_real","sector":"energy","subsector":"transmission","voltage":"60 kV","grid_class":"distribution","status":"operational","operator":"ONEE","source":"ONEE shapefile via OSM-derived conversion","coord_confidence":"approximate","coord_method":"osm_derived"},"geometry":{"type":"LineString","coordinates":[[-9.726420371862545,31.511048045908492],[-9.726335221828222,31.509289406136972]]}},{"type":"Feature","properties":{"id":"onee_hv_211","name":"ONEE 60 kV line","layer":"grid_hv_real","sector":"energy","subsector":"transmission","voltage":"60 kV","grid_class":"distribution","status":"operational","operator":"ONEE","source":"ONEE shapefile via OSM-derived conversion","coord_confidence":"approximate","coord_method":"osm_derived"},"geometry":{"type":"LineString","coordinates":[[-9.72555236862922,31.514555864013175],[-9.72546875259271,31.512828625614]]}},{"type":"Feature","properties":{"id":"onee_hv_212","name":"ONEE 60 kV line","layer":"grid_hv_real","sector":"energy","subsector":"transmission","voltage":"60 kV","grid_class":"distribution","status":"operational","operator":"ONEE","source":"ONEE shapefile via OSM-derived conversion","coord_confidence":"approximate","coord_method":"osm_derived"},"geometry":{"type":"LineString","coordinates":[[-9.7257180099302,31.517977286789115],[-9.725594537941534,31.515426921489254]]}},{"type":"Feature","properties":{"id":"onee_hv_213","name":"ONEE 60 kV line","layer":"grid_hv_real","sector":"energy","subsector":"transmission","voltage":"60 kV","grid_class":"distribution","status":"operational","operator":"ONEE","source":"ONEE shapefile via OSM-derived conversion","coord_confidence":"approximate","coord_method":"osm_derived"},"geometry":{"type":"LineString","coordinates":[[-9.725846930842858,31.52064004916459],[-9.725760262493507,31.518849998199812]]}},{"type":"Feature","properties":{"id":"onee_hv_214","name":"ONEE 60 kV line","layer":"grid_hv_real","sector":"energy","subsector":"transmission","voltage":"60 kV","grid_class":"distribution","status":"operational","operator":"ONEE","source":"ONEE shapefile via OSM-derived conversion","coord_confidence":"approximate","coord_method":"osm_derived"},"geometry":{"type":"LineString","coordinates":[[-9.724958716014807,31.524132032652357],[-9.725887585335967,31.52147970412198]]}},{"type":"Feature","properties":{"id":"onee_hv_215","name":"ONEE 60 kV line","layer":"grid_hv_real","sector":"energy","subsector":"transmission","voltage":"60 kV","grid_class":"distribution","status":"operational","operator":"ONEE","source":"ONEE shapefile via OSM-derived conversion","coord_confidence":"approximate","coord_method":"osm_derived"},"geometry":{"type":"LineString","coordinates":[[-9.72508378225822,31.526715464340608],[-9.725000163911716,31.5249882176823]]}},{"type":"Feature","properties":{"id":"onee_hv_216","name":"ONEE 60 kV line","layer":"grid_hv_real","sector":"energy","subsector":"transmission","voltage":"60 kV","grid_class":"distribution","status":"operational","operator":"ONEE","source":"ONEE shapefile via OSM-derived conversion","coord_confidence":"approximate","coord_method":"osm_derived"},"geometry":{"type":"LineString","coordinates":[[-9.72525102864163,31.53016996084754],[-9.725125152529221,31.527569997291366]]}},{"type":"Feature","properties":{"id":"onee_hv_217","name":"ONEE 60 kV line","layer":"grid_hv_real","sector":"energy","subsector":"transmission","voltage":"60 kV","grid_class":"distribution","status":"operational","operator":"ONEE","source":"ONEE shapefile via OSM-derived conversion","coord_confidence":"approximate","coord_method":"osm_derived"},"geometry":{"type":"LineString","coordinates":[[-9.725379152913055,31.532816207215085],[-9.725294802914675,31.531074080969436]]}},{"type":"Feature","properties":{"id":"onee_hv_218","name":"ONEE 60 kV line","layer":"grid_hv_real","sector":"energy","subsector":"transmission","voltage":"60 kV","grid_class":"distribution","status":"operational","operator":"ONEE","source":"ONEE shapefile via OSM-derived conversion","coord_confidence":"approximate","coord_method":"osm_derived"},"geometry":{"type":"LineString","coordinates":[[-9.762723331806287,31.343668917520265],[-9.762596629930908,31.34106918830561]]}},{"type":"Feature","properties":{"id":"onee_hv_219","name":"ONEE 60 kV line","layer":"grid_hv_real","sector":"energy","subsector":"transmission","voltage":"60 kV","grid_class":"distribution","status":"operational","operator":"ONEE","source":"ONEE shapefile via OSM-derived conversion","coord_confidence":"approximate","coord_method":"osm_derived"},"geometry":{"type":"LineString","coordinates":[[-9.761859097528564,31.347191630843138],[-9.76173330162013,31.344610076733943]]}},{"type":"Feature","properties":{"id":"onee_hv_220","name":"ONEE 60 kV line","layer":"grid_hv_real","sector":"energy","subsector":"transmission","voltage":"60 kV","grid_class":"distribution","status":"operational","operator":"ONEE","source":"ONEE shapefile via OSM-derived conversion","coord_confidence":"approximate","coord_method":"osm_derived"},"geometry":{"type":"LineString","coordinates":[[-9.760914421135366,31.349861273669053],[-9.761903151970756,31.348095671244955]]}},{"type":"Feature","properties":{"id":"onee_hv_221","name":"ONEE 60 kV line","layer":"grid_hv_real","sector":"energy","subsector":"transmission","voltage":"60 kV","grid_class":"distribution","status":"operational","operator":"ONEE","source":"ONEE shapefile via OSM-derived conversion","coord_confidence":"approximate","coord_method":"osm_derived"},"geometry":{"type":"LineString","coordinates":[[-9.76004794848628,31.35333604617082],[-9.76095452167833,31.350684331802032]]}},{"type":"Feature","properties":{"id":"onee_hv_222","name":"ONEE 60 kV line","layer":"grid_hv_real","sector":"energy","subsector":"transmission","voltage":"60 kV","grid_class":"distribution","status":"operational","operator":"ONEE","source":"ONEE shapefile via OSM-derived conversion","coord_confidence":"approximate","coord_method":"osm_derived"},"geometry":{"type":"LineString","coordinates":[[-9.75915954861857,31.35597054684801],[-9.760091182553843,31.35422356230382]]}},{"type":"Feature","properties":{"id":"onee_hv_223","name":"ONEE 60 kV line","layer":"grid_hv_real","sector":"energy","subsector":"transmission","voltage":"60 kV","grid_class":"distribution","status":"operational","operator":"ONEE","source":"ONEE shapefile via OSM-derived conversion","coord_confidence":"approximate","coord_method":"osm_derived"},"geometry":{"type":"LineString","coordinates":[[-9.758276600177023,31.359510471381867],[-9.759202775152573,31.35685806429573]]}},{"type":"Feature","properties":{"id":"onee_hv_224","name":"ONEE 60 kV line","layer":"grid_hv_real","sector":"energy","subsector":"transmission","voltage":"60 kV","grid_class":"distribution","status":"operational","operator":"ONEE","source":"ONEE shapefile via OSM-derived conversion","coord_confidence":"approximate","coord_method":"osm_derived"},"geometry":{"type":"LineString","coordinates":[[-9.758400788094457,31.36206064351431],[-9.75831829047179,31.360366588497957]]}},{"type":"Feature","properties":{"id":"onee_hv_225","name":"ONEE 60 kV line","layer":"grid_hv_real","sector":"energy","subsector":"transmission","voltage":"60 kV","grid_class":"distribution","status":"operational","operator":"ONEE","source":"ONEE shapefile via OSM-derived conversion","coord_confidence":"approximate","coord_method":"osm_derived"},"geometry":{"type":"LineString","coordinates":[[-9.757557077107094,31.365615718080768],[-9.757429769961304,31.363001084432423]]}},{"type":"Feature","properties":{"id":"onee_hv_226","name":"ONEE 60 kV line","layer":"grid_hv_real","sector":"energy","subsector":"transmission","voltage":"60 kV","grid_class":"distribution","status":"operational","operator":"ONEE","source":"ONEE shapefile via OSM-derived conversion","coord_confidence":"approximate","coord_method":"osm_derived"},"geometry":{"type":"LineString","coordinates":[[-9.756665831768128,31.368235408676462],[-9.757598763362736,31.36647183766449]]}},{"type":"Feature","properties":{"id":"onee_hv_227","name":"ONEE 60 kV line","layer":"grid_hv_real","sector":"energy","subsector":"transmission","voltage":"60 kV","grid_class":"distribution","status":"operational","operator":"ONEE","source":"ONEE shapefile via OSM-derived conversion","coord_confidence":"approximate","coord_method":"osm_derived"},"geometry":{"type":"LineString","coordinates":[[-9.755799593516384,31.371726713668362],[-9.756709844122351,31.369139459069338]]}},{"type":"Feature","properties":{"id":"onee_hv_228","name":"ONEE 60 kV line","layer":"grid_hv_real","sector":"energy","subsector":"transmission","voltage":"60 kV","grid_class":"distribution","status":"operational","operator":"ONEE","source":"ONEE shapefile via OSM-derived conversion","coord_confidence":"approximate","coord_method":"osm_derived"},"geometry":{"type":"LineString","coordinates":[[-9.75491379550695,31.374425669201496],[-9.755843518389842,31.37262911296239]]}},{"type":"Feature","properties":{"id":"onee_hv_229","name":"ONEE 60 kV line","layer":"grid_hv_real","sector":"energy","subsector":"transmission","voltage":"60 kV","grid_class":"distribution","status":"operational","operator":"ONEE","source":"ONEE shapefile via OSM-derived conversion","coord_confidence":"approximate","coord_method":"osm_derived"},"geometry":{"type":"LineString","coordinates":[[-9.754026784138226,31.377884597621712],[-9.754956184504337,31.375296667616862]]}},{"type":"Feature","properties":{"id":"onee_hv_230","name":"ONEE 60 kV line","layer":"grid_hv_real","sector":"energy","subsector":"transmission","voltage":"60 kV","grid_class":"distribution","status":"operational","operator":"ONEE","source":"ONEE shapefile via OSM-derived conversion","coord_confidence":"approximate","coord_method":"osm_derived"},"geometry":{"type":"LineString","coordinates":[[-9.754154013049941,31.38049925126316],[-9.754069970363393,31.378772125130958]]}},{"type":"Feature","properties":{"id":"onee_hv_231","name":"ONEE 60 kV line","layer":"grid_hv_real","sector":"energy","subsector":"transmission","voltage":"60 kV","grid_class":"distribution","status":"operational","operator":"ONEE","source":"ONEE shapefile via OSM-derived conversion","coord_confidence":"approximate","coord_method":"osm_derived"},"geometry":{"type":"LineString","coordinates":[[-9.753287558167527,31.383990556383974],[-9.753161153678851,31.381392425548103]]}},{"type":"Feature","properties":{"id":"onee_hv_232","name":"ONEE 60 kV line","layer":"grid_hv_real","sector":"energy","subsector":"transmission","voltage":"60 kV","grid_class":"distribution","status":"operational","operator":"ONEE","source":"ONEE shapefile via OSM-derived conversion","coord_confidence":"approximate","coord_method":"osm_derived"},"geometry":{"type":"LineString","coordinates":[[-9.74678437680534,31.419874213690143],[-9.746701242612442,31.418163582150637]]}},{"type":"Feature","properties":{"id":"onee_hv_233","name":"ONEE 60 kV line","layer":"grid_hv_real","sector":"energy","subsector":"transmission","voltage":"60 kV","grid_class":"distribution","status":"operational","operator":"ONEE","source":"ONEE shapefile via OSM-derived conversion","coord_confidence":"approximate","coord_method":"osm_derived"},"geometry":{"type":"LineString","coordinates":[[-9.746955394230312,31.423392994603724],[-9.746828314710228,31.42077828705003]]}},{"type":"Feature","properties":{"id":"onee_hv_234","name":"ONEE 60 kV line","layer":"grid_hv_real","sector":"energy","subsector":"transmission","voltage":"60 kV","grid_class":"distribution","status":"operational","operator":"ONEE","source":"ONEE shapefile via OSM-derived conversion","coord_confidence":"approximate","coord_method":"osm_derived"},"geometry":{"type":"LineString","coordinates":[[-9.746054750082992,31.42599641789105],[-9.74699620262918,31.424232610486527]]}},{"type":"Feature","properties":{"id":"onee_hv_235","name":"ONEE 60 kV line","layer":"grid_hv_real","sector":"energy","subsector":"transmission","voltage":"60 kV","grid_class":"distribution","status":"operational","operator":"ONEE","source":"ONEE shapefile via OSM-derived conversion","coord_confidence":"approximate","coord_method":"osm_derived"},"geometry":{"type":"LineString","coordinates":[[-9.746222617922161,31.42945074971812],[-9.74614020845508,31.4277549862454]]}},{"type":"Feature","properties":{"id":"onee_hv_236","name":"ONEE 60 kV line","layer":"grid_hv_real","sector":"energy","subsector":"transmission","voltage":"60 kV","grid_class":"distribution","status":"operational","operator":"ONEE","source":"ONEE shapefile via OSM-derived conversion","coord_confidence":"approximate","coord_method":"osm_derived"},"geometry":{"type":"LineString","coordinates":[[-9.746392024964912,31.432936489226442],[-9.746266554849656,31.430354826798723]]}},{"type":"Feature","properties":{"id":"onee_hv_237","name":"ONEE 60 kV line","layer":"grid_hv_real","sector":"energy","subsector":"transmission","voltage":"60 kV","grid_class":"distribution","status":"operational","operator":"ONEE","source":"ONEE shapefile via OSM-derived conversion","coord_confidence":"approximate","coord_method":"osm_derived"},"geometry":{"type":"LineString","coordinates":[[-9.746517582650748,31.43551980701286],[-9.746435162009101,31.433824039577896]]}},{"type":"Feature","properties":{"id":"onee_hv_238","name":"ONEE 60 kV line","layer":"grid_hv_real","sector":"energy","subsector":"transmission","voltage":"60 kV","grid_class":"distribution","status":"operational","operator":"ONEE","source":"ONEE shapefile via OSM-derived conversion","coord_confidence":"approximate","coord_method":"osm_derived"},"geometry":{"type":"LineString","coordinates":[[-9.745671100275658,31.439041851149316],[-9.74656305190455,31.436455289325682]]}},{"type":"Feature","properties":{"id":"onee_hv_239","name":"ONEE 60 kV line","layer":"grid_hv_real","sector":"energy","subsector":"transmission","voltage":"60 kV","grid_class":"distribution","status":"operational","operator":"ONEE","source":"ONEE shapefile via OSM-derived conversion","coord_confidence":"approximate","coord_method":"osm_derived"},"geometry":{"type":"LineString","coordinates":[[-9.745798975153102,31.44167310722596],[-9.745715036336156,31.439945931927287]]}},{"type":"Feature","properties":{"id":"onee_hv_240","name":"ONEE 60 kV line","layer":"grid_hv_real","sector":"energy","subsector":"transmission","voltage":"60 kV","grid_class":"distribution","status":"operational","operator":"ONEE","source":"ONEE shapefile via OSM-derived conversion","coord_confidence":"approximate","coord_method":"osm_derived"},"geometry":{"type":"LineString","coordinates":[[-9.745966059185609,31.445110933219787],[-9.74588372049831,31.44341681167382]]}},{"type":"Feature","properties":{"id":"onee_hv_241","name":"ONEE 60 kV line","layer":"grid_hv_real","sector":"energy","subsector":"transmission","voltage":"60 kV","grid_class":"distribution","status":"operational","operator":"ONEE","source":"ONEE shapefile via OSM-derived conversion","coord_confidence":"approximate","coord_method":"osm_derived"},"geometry":{"type":"LineString","coordinates":[[-9.746135485859966,31.448596695038304],[-9.74601000120448,31.446015016092318]]}},{"type":"Feature","properties":{"id":"onee_hv_242","name":"ONEE 60 kV line","layer":"grid_hv_real","sector":"energy","subsector":"transmission","voltage":"60 kV","grid_class":"distribution","status":"operational","operator":"ONEE","source":"ONEE shapefile via OSM-derived conversion","coord_confidence":"approximate","coord_method":"osm_derived"},"geometry":{"type":"LineString","coordinates":[[-9.745218416807436,31.45126528671681],[-9.746177904845373,31.4494693758183]]}},{"type":"Feature","properties":{"id":"onee_hv_243","name":"ONEE 60 kV line","layer":"grid_hv_real","sector":"energy","subsector":"transmission","voltage":"60 kV","grid_class":"distribution","status":"operational","operator":"ONEE","source":"ONEE shapefile via OSM-derived conversion","coord_confidence":"approximate","coord_method":"osm_derived"},"geometry":{"type":"LineString","coordinates":[[-9.745386299728148,31.454719654765803],[-9.745259221607522,31.452104912602046]]}},{"type":"Feature","properties":{"id":"onee_hv_244","name":"ONEE 60 kV line","layer":"grid_hv_real","sector":"energy","subsector":"transmission","voltage":"60 kV","grid_class":"distribution","status":"operational","operator":"ONEE","source":"ONEE shapefile via OSM-derived conversion","coord_confidence":"approximate","coord_method":"osm_derived"},"geometry":{"type":"LineString","coordinates":[[-9.745512581928878,31.457317871410545],[-9.745427107678168,31.455559281748698]]}},{"type":"Feature","properties":{"id":"onee_hv_245","name":"ONEE 60 kV line","layer":"grid_hv_real","sector":"energy","subsector":"transmission","voltage":"60 kV","grid_class":"distribution","status":"operational","operator":"ONEE","source":"ONEE shapefile via OSM-derived conversion","coord_confidence":"approximate","coord_method":"osm_derived"},"geometry":{"type":"LineString","coordinates":[[-9.745722827531369,31.46164327970333],[-9.74563887146213,31.459916090602288],[-9.745597336499772,31.459061586935945]]}},{"type":"Feature","properties":{"id":"onee_hv_246","name":"ONEE 60 kV line","layer":"grid_hv_real","sector":"energy","subsector":"transmission","voltage":"60 kV","grid_class":"distribution","status":"operational","operator":"ONEE","source":"ONEE shapefile via OSM-derived conversion","coord_confidence":"approximate","coord_method":"osm_derived"},"geometry":{"type":"LineString","coordinates":[[-9.744867080618748,31.465183888383304],[-9.744737593074872,31.462519550405865]]}},{"type":"Feature","properties":{"id":"onee_hv_247","name":"ONEE 60 kV line","layer":"grid_hv_real","sector":"energy","subsector":"transmission","voltage":"60 kV","grid_class":"distribution","status":"operational","operator":"ONEE","source":"ONEE shapefile via OSM-derived conversion","coord_confidence":"approximate","coord_method":"osm_derived"},"geometry":{"type":"LineString","coordinates":[[-9.744994165841533,31.467798644494863],[-9.744907085153415,31.466006990852687]]}},{"type":"Feature","properties":{"id":"onee_hv_248","name":"ONEE 60 kV line","layer":"grid_hv_real","sector":"energy","subsector":"transmission","voltage":"60 kV","grid_class":"distribution","status":"operational","operator":"ONEE","source":"ONEE shapefile via OSM-derived conversion","coord_confidence":"approximate","coord_method":"osm_derived"},"geometry":{"type":"LineString","coordinates":[[-9.745159660892112,31.471203450850247],[-9.745034895736616,31.468636623132806]]}},{"type":"Feature","properties":{"id":"onee_hv_249","name":"ONEE 60 kV line","layer":"grid_hv_real","sector":"energy","subsector":"transmission","voltage":"60 kV","grid_class":"distribution","status":"operational","operator":"ONEE","source":"ONEE shapefile via OSM-derived conversion","coord_confidence":"approximate","coord_method":"osm_derived"},"geometry":{"type":"LineString","coordinates":[[-9.744235246131021,31.473920326940647],[-9.74414737146422,31.472112140237737]]}},{"type":"Feature","properties":{"id":"onee_hv_250","name":"ONEE 60 kV line","layer":"grid_hv_real","sector":"energy","subsector":"transmission","voltage":"60 kV","grid_class":"distribution","status":"operational","operator":"ONEE","source":"ONEE shapefile via OSM-derived conversion","coord_confidence":"approximate","coord_method":"osm_derived"},"geometry":{"type":"LineString","coordinates":[[-9.744401607259615,31.477343323564913],[-9.744317661979984,31.475616122888905]]}},{"type":"Feature","properties":{"id":"onee_hv_251","name":"ONEE 60 kV line","layer":"grid_hv_real","sector":"energy","subsector":"transmission","voltage":"60 kV","grid_class":"distribution","status":"operational","operator":"ONEE","source":"ONEE shapefile via OSM-derived conversion","coord_confidence":"approximate","coord_method":"osm_derived"},"geometry":{"type":"LineString","coordinates":[[-9.744529419167044,31.4799729680603],[-9.744445468953115,31.478245765698496]]}},{"type":"Feature","properties":{"id":"onee_hv_252","name":"ONEE 60 kV line","layer":"grid_hv_real","sector":"energy","subsector":"transmission","voltage":"60 kV","grid_class":"distribution","status":"operational","operator":"ONEE","source":"ONEE shapefile via OSM-derived conversion","coord_confidence":"approximate","coord_method":"osm_derived"},"geometry":{"type":"LineString","coordinates":[[-9.743669111127957,31.483464077769806],[-9.74358517425451,31.48173687246615]]}},{"type":"Feature","properties":{"id":"onee_hv_253","name":"ONEE 60 kV line","layer":"grid_hv_real","sector":"energy","subsector":"transmission","voltage":"60 kV","grid_class":"distribution","status":"operational","operator":"ONEE","source":"ONEE shapefile via OSM-derived conversion","coord_confidence":"approximate","coord_method":"osm_derived"},"geometry":{"type":"LineString","coordinates":[[-9.743837797898763,31.48693501998901],[-9.743712245499564,31.4843516468571]]}},{"type":"Feature","properties":{"id":"onee_hv_254","name":"ONEE 60 kV line","layer":"grid_hv_real","sector":"energy","subsector":"transmission","voltage":"60 kV","grid_class":"distribution","status":"operational","operator":"ONEE","source":"ONEE shapefile via OSM-derived conversion","coord_confidence":"approximate","coord_method":"osm_derived"},"geometry":{"type":"LineString","coordinates":[[-9.743965687258909,31.489566327715597],[-9.743880132299987,31.48780606190025]]}},{"type":"Feature","properties":{"id":"onee_hv_255","name":"ONEE 60 kV line","layer":"grid_hv_real","sector":"energy","subsector":"transmission","voltage":"60 kV","grid_class":"distribution","status":"operational","operator":"ONEE","source":"ONEE shapefile via OSM-derived conversion","coord_confidence":"approximate","coord_method":"osm_derived"},"geometry":{"type":"LineString","coordinates":[[-9.743080565512079,31.493056672046837],[-9.742952777525728,31.490427012672047]]}},{"type":"Feature","properties":{"id":"onee_hv_256","name":"ONEE 60 kV line","layer":"grid_hv_real","sector":"energy","subsector":"transmission","voltage":"60 kV","grid_class":"distribution","status":"operational","operator":"ONEE","source":"ONEE shapefile via OSM-derived conversion","coord_confidence":"approximate","coord_method":"osm_derived"},"geometry":{"type":"LineString","coordinates":[[-9.74320691513689,31.49565658289634],[-9.74312297575613,31.493929369118895]]}},{"type":"Feature","properties":{"id":"onee_hv_257","name":"ONEE 60 kV line","layer":"grid_hv_real","sector":"energy","subsector":"transmission","voltage":"60 kV","grid_class":"distribution","status":"operational","operator":"ONEE","source":"ONEE shapefile via OSM-derived conversion","coord_confidence":"approximate","coord_method":"osm_derived"},"geometry":{"type":"LineString","coordinates":[[-9.743373196972758,31.49907795694859],[-9.743290857758979,31.497383797765067]]}},{"type":"Feature","properties":{"id":"onee_hv_258","name":"ONEE 60 kV line","layer":"grid_hv_real","sector":"energy","subsector":"transmission","voltage":"60 kV","grid_class":"distribution","status":"operational","operator":"ONEE","source":"ONEE shapefile via OSM-derived conversion","coord_confidence":"approximate","coord_method":"osm_derived"},"geometry":{"type":"LineString","coordinates":[[-9.742494509470903,31.50179320538165],[-9.742405919798356,31.499970122319752]]}},{"type":"Feature","properties":{"id":"onee_hv_259","name":"ONEE 60 kV line","layer":"grid_hv_real","sector":"energy","subsector":"transmission","voltage":"60 kV","grid_class":"distribution","status":"operational","operator":"ONEE","source":"ONEE shapefile via OSM-derived conversion","coord_confidence":"approximate","coord_method":"osm_derived"},"geometry":{"type":"LineString","coordinates":[[-9.752315929809868,31.384964089277425],[-9.753287558167527,31.383990556383974]]}},{"type":"Feature","properties":{"id":"onee_hv_260","name":"ONEE 60 kV line","layer":"grid_hv_real","sector":"energy","subsector":"transmission","voltage":"60 kV","grid_class":"distribution","status":"operational","operator":"ONEE","source":"ONEE shapefile via OSM-derived conversion","coord_confidence":"approximate","coord_method":"osm_derived"},"geometry":{"type":"LineString","coordinates":[[-9.752482354332692,31.388385298926075],[-9.752398336498947,31.386658165936023]]}},{"type":"Feature","properties":{"id":"onee_hv_261","name":"ONEE 60 kV line","layer":"grid_hv_real","sector":"energy","subsector":"transmission","voltage":"60 kV","grid_class":"distribution","status":"operational","operator":"ONEE","source":"ONEE shapefile via OSM-derived conversion","coord_confidence":"approximate","coord_method":"osm_derived"},"geometry":{"type":"LineString","coordinates":[[-9.751574920928528,31.391037000490034],[-9.752523922248592,31.38923977568645]]}},{"type":"Feature","properties":{"id":"onee_hv_262","name":"ONEE 60 kV line","layer":"grid_hv_real","sector":"energy","subsector":"transmission","voltage":"60 kV","grid_class":"distribution","status":"operational","operator":"ONEE","source":"ONEE shapefile via OSM-derived conversion","coord_confidence":"approximate","coord_method":"osm_derived"},"geometry":{"type":"LineString","coordinates":[[-9.750727531105667,31.394527613151205],[-9.751658123081054,31.392747609571973]]}},{"type":"Feature","properties":{"id":"onee_hv_263","name":"ONEE 60 kV line","layer":"grid_hv_real","sector":"energy","subsector":"transmission","voltage":"60 kV","grid_class":"distribution","status":"operational","operator":"ONEE","source":"ONEE shapefile via OSM-derived conversion","coord_confidence":"approximate","coord_method":"osm_derived"},"geometry":{"type":"LineString","coordinates":[[-9.75089704753327,31.39801329651098],[-9.750770692642277,31.39541514800286]]}},{"type":"Feature","properties":{"id":"onee_hv_264","name":"ONEE 60 kV line","layer":"grid_hv_real","sector":"energy","subsector":"transmission","voltage":"60 kV","grid_class":"distribution","status":"operational","operator":"ONEE","source":"ONEE shapefile via OSM-derived conversion","coord_confidence":"approximate","coord_method":"osm_derived"},"geometry":{"type":"LineString","coordinates":[[-9.749987942590563,31.400633594232392],[-9.749903961399053,31.398906450726027]]}},{"type":"Feature","properties":{"id":"onee_hv_265","name":"ONEE 60 kV line","layer":"grid_hv_real","sector":"energy","subsector":"transmission","voltage":"60 kV","grid_class":"distribution","status":"operational","operator":"ONEE","source":"ONEE shapefile via OSM-derived conversion","coord_confidence":"approximate","coord_method":"osm_derived"},"geometry":{"type":"LineString","coordinates":[[-9.749131488328036,31.404139429271964],[-9.750030296056591,31.401504603891865]]}},{"type":"Feature","properties":{"id":"onee_hv_266","name":"ONEE 60 kV line","layer":"grid_hv_real","sector":"energy","subsector":"transmission","voltage":"60 kV","grid_class":"distribution","status":"operational","operator":"ONEE","source":"ONEE shapefile via OSM-derived conversion","coord_confidence":"approximate","coord_method":"osm_derived"},"geometry":{"type":"LineString","coordinates":[[-9.749257807942387,31.406737588854664],[-9.749173915472555,31.40501209326349]]}},{"type":"Feature","properties":{"id":"onee_hv_267","name":"ONEE 60 kV line","layer":"grid_hv_real","sector":"energy","subsector":"transmission","voltage":"60 kV","grid_class":"distribution","status":"operational","operator":"ONEE","source":"ONEE shapefile via OSM-derived conversion","coord_confidence":"approximate","coord_method":"osm_derived"},"geometry":{"type":"LineString","coordinates":[[-9.748373243869388,31.41026264174093],[-9.748246141556642,31.407647949715997]]}},{"type":"Feature","properties":{"id":"onee_hv_268","name":"ONEE 60 kV line","layer":"grid_hv_real","sector":"energy","subsector":"transmission","voltage":"60 kV","grid_class":"distribution","status":"operational","operator":"ONEE","source":"ONEE shapefile via OSM-derived conversion","coord_confidence":"approximate","coord_method":"osm_derived"},"geometry":{"type":"LineString","coordinates":[[-9.747466270192772,31.412930864432848],[-9.748415586174294,31.411133655418283]]}},{"type":"Feature","properties":{"id":"onee_hv_269","name":"ONEE 60 kV line","layer":"grid_hv_real","sector":"energy","subsector":"transmission","voltage":"60 kV","grid_class":"distribution","status":"operational","operator":"ONEE","source":"ONEE shapefile via OSM-derived conversion","coord_confidence":"approximate","coord_method":"osm_derived"},"geometry":{"type":"LineString","coordinates":[[-9.747634891059484,31.41640005095755],[-9.74750860493226,31.413801879378955]]}},{"type":"Feature","properties":{"id":"onee_hv_270","name":"ONEE 60 kV line","layer":"grid_hv_real","sector":"energy","subsector":"transmission","voltage":"60 kV","grid_class":"distribution","status":"operational","operator":"ONEE","source":"ONEE shapefile via OSM-derived conversion","coord_confidence":"approximate","coord_method":"osm_derived"},"geometry":{"type":"LineString","coordinates":[[-9.746701242612442,31.418163582150637],[-9.746659716867155,31.417309093199204]]}},{"type":"Feature","properties":{"id":"onee_hv_271","name":"ONEE 60 kV line","layer":"grid_hv_real","sector":"energy","subsector":"transmission","voltage":"60 kV","grid_class":"distribution","status":"operational","operator":"ONEE","source":"ONEE shapefile via OSM-derived conversion","coord_confidence":"approximate","coord_method":"osm_derived"},"geometry":{"type":"LineString","coordinates":[[-9.742578444087506,31.503520424811047],[-9.742494509470903,31.50179320538165]]}},{"type":"Feature","properties":{"id":"onee_hv_272","name":"ONEE 60 kV line","layer":"grid_hv_real","sector":"energy","subsector":"transmission","voltage":"60 kV","grid_class":"distribution","status":"operational","operator":"ONEE","source":"ONEE shapefile via OSM-derived conversion","coord_confidence":"approximate","coord_method":"osm_derived"},"geometry":{"type":"LineString","coordinates":[[-9.74274632304519,31.506974866921123],[-9.742620051156468,31.504376597140745]]}},{"type":"Feature","properties":{"id":"onee_hv_273","name":"ONEE 60 kV line","layer":"grid_hv_real","sector":"energy","subsector":"transmission","voltage":"60 kV","grid_class":"distribution","status":"operational","operator":"ONEE","source":"ONEE shapefile via OSM-derived conversion","coord_confidence":"approximate","coord_method":"osm_derived"},"geometry":{"type":"LineString","coordinates":[[-9.74287179894377,31.509556610691085],[-9.7427878529984,31.507829387479195]]}},{"type":"Feature","properties":{"id":"onee_hv_274","name":"ONEE 60 kV line","layer":"grid_hv_real","sector":"energy","subsector":"transmission","voltage":"60 kV","grid_class":"distribution","status":"operational","operator":"ONEE","source":"ONEE shapefile via OSM-derived conversion","coord_confidence":"approximate","coord_method":"osm_derived"},"geometry":{"type":"LineString","coordinates":[[-9.742045371512809,31.513111100417074],[-9.74191830817739,31.510496295363076]]}},{"type":"Feature","properties":{"id":"onee_hv_275","name":"ONEE 60 kV line","layer":"grid_hv_real","sector":"energy","subsector":"transmission","voltage":"60 kV","grid_class":"distribution","status":"operational","operator":"ONEE","source":"ONEE shapefile via OSM-derived conversion","coord_confidence":"approximate","coord_method":"osm_derived"},"geometry":{"type":"LineString","coordinates":[[-9.742169309596813,31.515661446785924],[-9.742086977936312,31.513967276059308]]}},{"type":"Feature","properties":{"id":"onee_hv_276","name":"ONEE 60 kV line","layer":"grid_hv_real","sector":"energy","subsector":"transmission","voltage":"60 kV","grid_class":"distribution","status":"operational","operator":"ONEE","source":"ONEE shapefile via OSM-derived conversion","coord_confidence":"approximate","coord_method":"osm_derived"},"geometry":{"type":"LineString","coordinates":[[-9.742338802151368,31.519148962457972],[-9.742253250939719,31.51738867556549]]}},{"type":"Feature","properties":{"id":"onee_hv_277","name":"ONEE 60 kV line","layer":"grid_hv_real","sector":"energy","subsector":"transmission","voltage":"60 kV","grid_class":"distribution","status":"operational","operator":"ONEE","source":"ONEE shapefile via OSM-derived conversion","coord_confidence":"approximate","coord_method":"osm_derived"},"geometry":{"type":"LineString","coordinates":[[-9.741471744585374,31.52270490632434],[-9.742382663515,31.520051419831173]]}},{"type":"Feature","properties":{"id":"onee_hv_278","name":"ONEE 60 kV line","layer":"grid_hv_real","sector":"energy","subsector":"transmission","voltage":"60 kV","grid_class":"distribution","status":"operational","operator":"ONEE","source":"ONEE shapefile via OSM-derived conversion","coord_confidence":"approximate","coord_method":"osm_derived"},"geometry":{"type":"LineString","coordinates":[[-9.741594073132381,31.5252222054009],[-9.741512466455864,31.52354290386136]]}},{"type":"Feature","properties":{"id":"onee_hv_279","name":"ONEE 60 kV line","layer":"grid_hv_real","sector":"energy","subsector":"transmission","voltage":"60 kV","grid_class":"distribution","status":"operational","operator":"ONEE","source":"ONEE shapefile via OSM-derived conversion","coord_confidence":"approximate","coord_method":"osm_derived"},"geometry":{"type":"LineString","coordinates":[[-9.741765087614143,31.528741138759955],[-9.741638010279583,31.526126317965616]]}},{"type":"Feature","properties":{"id":"onee_hv_280","name":"ONEE 60 kV line","layer":"grid_hv_real","sector":"energy","subsector":"transmission","voltage":"60 kV","grid_class":"distribution","status":"operational","operator":"ONEE","source":"ONEE shapefile via OSM-derived conversion","coord_confidence":"approximate","coord_method":"osm_derived"},"geometry":{"type":"LineString","coordinates":[[-9.74189217238028,31.531355961987565],[-9.741805895313048,31.529580790959987]]}},{"type":"Feature","properties":{"id":"onee_hv_281","name":"ONEE 60 kV line","layer":"grid_hv_real","sector":"energy","subsector":"transmission","voltage":"60 kV","grid_class":"distribution","status":"operational","operator":"ONEE","source":"ONEE shapefile via OSM-derived conversion","coord_confidence":"approximate","coord_method":"osm_derived"},"geometry":{"type":"LineString","coordinates":[[-6.599495844139796,31.10425094566426],[-6.542271302656985,31.137739764591778]]}},{"type":"Feature","properties":{"id":"onee_hv_282","name":"ONEE 60 kV line","layer":"grid_hv_real","sector":"energy","subsector":"transmission","voltage":"60 kV","grid_class":"distribution","status":"operational","operator":"ONEE","source":"ONEE shapefile via OSM-derived conversion","coord_confidence":"approximate","coord_method":"osm_derived"},"geometry":{"type":"LineString","coordinates":[[-6.759271125539552,31.12768325884806],[-7.034609319460285,31.106095747560495]]}},{"type":"Feature","properties":{"id":"onee_hv_283","name":"ONEE 60 kV line","layer":"grid_hv_real","sector":"energy","subsector":"transmission","voltage":"60 kV","grid_class":"distribution","status":"operational","operator":"ONEE","source":"ONEE shapefile via OSM-derived conversion","coord_confidence":"approximate","coord_method":"osm_derived"},"geometry":{"type":"LineString","coordinates":[[-6.776147679838354,31.091924242242253],[-7.007202864568001,31.069082952886546]]}},{"type":"Feature","properties":{"id":"onee_hv_284","name":"ONEE 60 kV line","layer":"grid_hv_real","sector":"energy","subsector":"transmission","voltage":"60 kV","grid_class":"distribution","status":"operational","operator":"ONEE","source":"ONEE shapefile via OSM-derived conversion","coord_confidence":"approximate","coord_method":"osm_derived"},"geometry":{"type":"LineString","coordinates":[[-6.736461662711586,31.116678702671013],[-6.599495844139796,31.10425094566426]]}},{"type":"Feature","properties":{"id":"onee_hv_285","name":"ONEE 60 kV line","layer":"grid_hv_real","sector":"energy","subsector":"transmission","voltage":"60 kV","grid_class":"distribution","status":"operational","operator":"ONEE","source":"ONEE shapefile via OSM-derived conversion","coord_confidence":"approximate","coord_method":"osm_derived"},"geometry":{"type":"LineString","coordinates":[[-6.727769450806119,31.0863897937616],[-6.629996721758852,31.077809241321624]]}},{"type":"Feature","properties":{"id":"onee_hv_286","name":"ONEE 60 kV line","layer":"grid_hv_real","sector":"energy","subsector":"transmission","voltage":"60 kV","grid_class":"distribution","status":"operational","operator":"ONEE","source":"ONEE shapefile via OSM-derived conversion","coord_confidence":"approximate","coord_method":"osm_derived"},"geometry":{"type":"LineString","coordinates":[[-8.665376564855599,31.56059146094781],[-8.746301265237479,31.567141522993072],[-8.731074084359694,31.602294095559703]]}},{"type":"Feature","properties":{"id":"onee_hv_287","name":"ONEE 60 kV line","layer":"grid_hv_real","sector":"energy","subsector":"transmission","voltage":"60 kV","grid_class":"distribution","status":"operational","operator":"ONEE","source":"ONEE shapefile via OSM-derived conversion","coord_confidence":"approximate","coord_method":"osm_derived"},"geometry":{"type":"LineString","coordinates":[[-8.264898335860705,31.71405479812843],[-8.225588191391303,31.649822713924294],[-8.006785173732174,31.637289359020315]]}},{"type":"Feature","properties":{"id":"onee_hv_288","name":"ONEE 60 kV line","layer":"grid_hv_real","sector":"energy","subsector":"transmission","voltage":"60 kV","grid_class":"distribution","status":"operational","operator":"ONEE","source":"ONEE shapefile via OSM-derived conversion","coord_confidence":"approximate","coord_method":"osm_derived"},"geometry":{"type":"LineString","coordinates":[[-8.285614121247413,31.713566767418016],[-8.273325607754122,31.62263816524761],[-8.020703425357787,31.617888893363798]]}},{"type":"Feature","properties":{"id":"onee_hv_289","name":"ONEE 60 kV line","layer":"grid_hv_real","sector":"energy","subsector":"transmission","voltage":"60 kV","grid_class":"distribution","status":"operational","operator":"ONEE","source":"ONEE shapefile via OSM-derived conversion","coord_confidence":"approximate","coord_method":"osm_derived"},"geometry":{"type":"LineString","coordinates":[[-8.110693691648526,31.71930641056861],[-7.978851942038911,31.745677723788113]]}},{"type":"Feature","properties":{"id":"onee_hv_290","name":"ONEE 60 kV line","layer":"grid_hv_real","sector":"energy","subsector":"transmission","voltage":"60 kV","grid_class":"distribution","status":"operational","operator":"ONEE","source":"ONEE shapefile via OSM-derived conversion","coord_confidence":"approximate","coord_method":"osm_derived"},"geometry":{"type":"LineString","coordinates":[[-8.108084573480566,31.736738097181703],[-7.971124577903807,31.764943423893197]]}},{"type":"Feature","properties":{"id":"onee_hv_291","name":"ONEE 60 kV line","layer":"grid_hv_real","sector":"energy","subsector":"transmission","voltage":"60 kV","grid_class":"distribution","status":"operational","operator":"ONEE","source":"ONEE shapefile via OSM-derived conversion","coord_confidence":"approximate","coord_method":"osm_derived"},"geometry":{"type":"LineString","coordinates":[[-8.50092321087522,31.58525324214311],[-8.38562182147655,31.792864866754726],[-8.229759715078728,31.84784362936907],[-8.028937620262678,31.827987963278794],[-7.952602650767542,31.80613916544926]]}},{"type":"Feature","properties":{"id":"onee_hv_292","name":"ONEE 60 kV line","layer":"grid_hv_real","sector":"energy","subsector":"transmission","voltage":"60 kV","grid_class":"distribution","status":"operational","operator":"ONEE","source":"ONEE shapefile via OSM-derived conversion","coord_confidence":"approximate","coord_method":"osm_derived"},"geometry":{"type":"LineString","coordinates":[[-8.50092321087522,31.58525324214311],[-8.430298353990718,31.568217151802628]]}},{"type":"Feature","properties":{"id":"onee_hv_293","name":"ONEE 60 kV line","layer":"grid_hv_real","sector":"energy","subsector":"transmission","voltage":"60 kV","grid_class":"distribution","status":"operational","operator":"ONEE","source":"ONEE shapefile via OSM-derived conversion","coord_confidence":"approximate","coord_method":"osm_derived"},"geometry":{"type":"LineString","coordinates":[[-8.666446627576422,31.56146812767947],[-8.48032377029506,31.52883605960422],[-8.316923853699665,31.658080814481036],[-8.29906533094483,31.71324799333738]]}},{"type":"Feature","properties":{"id":"onee_hv_294","name":"ONEE 60 kV line","layer":"grid_hv_real","sector":"energy","subsector":"transmission","voltage":"60 kV","grid_class":"distribution","status":"operational","operator":"ONEE","source":"ONEE shapefile via OSM-derived conversion","coord_confidence":"approximate","coord_method":"osm_derived"},"geometry":{"type":"LineString","coordinates":[[-8.1409228536016,31.72473982564193],[-8.251417864095249,31.714370485629832]]}},{"type":"Feature","properties":{"id":"onee_hv_295","name":"ONEE 60 kV line","layer":"grid_hv_real","sector":"energy","subsector":"transmission","voltage":"60 kV","grid_class":"distribution","status":"operational","operator":"ONEE","source":"ONEE shapefile via OSM-derived conversion","coord_confidence":"approximate","coord_method":"osm_derived"},"geometry":{"type":"LineString","coordinates":[[-9.633035685613265,30.50093358679469],[-9.431182355781655,30.51395037141035]]}},{"type":"Feature","properties":{"id":"onee_hv_296","name":"ONEE 60 kV line","layer":"grid_hv_real","sector":"energy","subsector":"transmission","voltage":"60 kV","grid_class":"distribution","status":"operational","operator":"ONEE","source":"ONEE shapefile via OSM-derived conversion","coord_confidence":"approximate","coord_method":"osm_derived"},"geometry":{"type":"LineString","coordinates":[[-9.62789039250418,30.52197586880332],[-9.422825432920758,30.532488728773554]]}},{"type":"Feature","properties":{"id":"onee_hv_297","name":"ONEE 60 kV line","layer":"grid_hv_real","sector":"energy","subsector":"transmission","voltage":"60 kV","grid_class":"distribution","status":"operational","operator":"ONEE","source":"ONEE shapefile via OSM-derived conversion","coord_confidence":"approximate","coord_method":"osm_derived"},"geometry":{"type":"LineString","coordinates":[[-9.57821124239101,29.648151092752784],[-9.59252795477734,29.672825373824953]]}},{"type":"Feature","properties":{"id":"onee_hv_298","name":"ONEE 60 kV line","layer":"grid_hv_real","sector":"energy","subsector":"transmission","voltage":"60 kV","grid_class":"distribution","status":"operational","operator":"ONEE","source":"ONEE shapefile via OSM-derived conversion","coord_confidence":"approximate","coord_method":"osm_derived"},"geometry":{"type":"LineString","coordinates":[[-9.661506563649501,29.6738567132949],[-9.6118980527895,29.67480784932723]]}},{"type":"Feature","properties":{"id":"onee_hv_299","name":"ONEE 60 kV line","layer":"grid_hv_real","sector":"energy","subsector":"transmission","voltage":"60 kV","grid_class":"distribution","status":"operational","operator":"ONEE","source":"ONEE shapefile via OSM-derived conversion","coord_confidence":"approximate","coord_method":"osm_derived"},"geometry":{"type":"LineString","coordinates":[[-9.661099073873713,29.708623655955062],[-9.599871902950659,29.700360219186553]]}},{"type":"Feature","properties":{"id":"onee_hv_300","name":"ONEE 60 kV line","layer":"grid_hv_real","sector":"energy","subsector":"transmission","voltage":"60 kV","grid_class":"distribution","status":"operational","operator":"ONEE","source":"ONEE shapefile via OSM-derived conversion","coord_confidence":"approximate","coord_method":"osm_derived"},"geometry":{"type":"LineString","coordinates":[[-8.038487502857906,32.92026386922767],[-7.942931691607786,32.775375727014904],[-7.839104332591871,32.69751890375163]]}},{"type":"Feature","properties":{"id":"onee_hv_301","name":"ONEE 60 kV line","layer":"grid_hv_real","sector":"energy","subsector":"transmission","voltage":"60 kV","grid_class":"distribution","status":"operational","operator":"ONEE","source":"ONEE shapefile via OSM-derived conversion","coord_confidence":"approximate","coord_method":"osm_derived"},"geometry":{"type":"LineString","coordinates":[[-7.824369042314004,32.69518260637574],[-7.7434788863752,32.96269847265598],[-7.644167500183415,33.06272600273843]]}},{"type":"Feature","properties":{"id":"onee_hv_302","name":"ONEE 60 kV line","layer":"grid_hv_real","sector":"energy","subsector":"transmission","voltage":"60 kV","grid_class":"distribution","status":"operational","operator":"ONEE","source":"ONEE shapefile via OSM-derived conversion","coord_confidence":"approximate","coord_method":"osm_derived"},"geometry":{"type":"LineString","coordinates":[[-7.1643052250181,30.640478252457243],[-7.169626792154768,30.65085059929093]]}},{"type":"Feature","properties":{"id":"onee_hv_303","name":"ONEE 60 kV line","layer":"grid_hv_real","sector":"energy","subsector":"transmission","voltage":"60 kV","grid_class":"distribution","status":"operational","operator":"ONEE","source":"ONEE shapefile via OSM-derived conversion","coord_confidence":"approximate","coord_method":"osm_derived"},"geometry":{"type":"LineString","coordinates":[[-6.820065250003458,30.61206052912172],[-6.984795960841958,30.61606482450846],[-7.027444501530239,30.599007928567985],[-7.1643052250181,30.640478252457243]]}},{"type":"Feature","properties":{"id":"onee_hv_304","name":"ONEE 60 kV line","layer":"grid_hv_real","sector":"energy","subsector":"transmission","voltage":"60 kV","grid_class":"distribution","status":"operational","operator":"ONEE","source":"ONEE shapefile via OSM-derived conversion","coord_confidence":"approximate","coord_method":"osm_derived"},"geometry":{"type":"LineString","coordinates":[[-6.480402010910017,30.69546815070819],[-6.702353234516094,30.609882979249576],[-6.789371159640976,30.61327286975812]]}},{"type":"Feature","properties":{"id":"onee_hv_305","name":"ONEE 60 kV line","layer":"grid_hv_real","sector":"energy","subsector":"transmission","voltage":"60 kV","grid_class":"distribution","status":"operational","operator":"ONEE","source":"ONEE shapefile via OSM-derived conversion","coord_confidence":"approximate","coord_method":"osm_derived"},"geometry":{"type":"LineString","coordinates":[[-5.522255782962299,31.59388422402737],[-5.785357711152115,31.456081074370765],[-5.98895320328989,31.32845340598196],[-6.046379961450807,31.285596509585105]]}},{"type":"Feature","properties":{"id":"onee_hv_306","name":"ONEE 60 kV line","layer":"grid_hv_real","sector":"energy","subsector":"transmission","voltage":"60 kV","grid_class":"distribution","status":"operational","operator":"ONEE","source":"ONEE shapefile via OSM-derived conversion","coord_confidence":"approximate","coord_method":"osm_derived"},"geometry":{"type":"LineString","coordinates":[[-4.867682248223645,31.75957986460597],[-4.961103190682062,31.719932423880458],[-5.016167106274089,31.670615119229343],[-5.321551901963675,31.65128973756161],[-5.49636467360768,31.597396431147427]]}},{"type":"Feature","properties":{"id":"onee_hv_307","name":"ONEE 60 kV line","layer":"grid_hv_real","sector":"energy","subsector":"transmission","voltage":"60 kV","grid_class":"distribution","status":"operational","operator":"ONEE","source":"ONEE shapefile via OSM-derived conversion","coord_confidence":"approximate","coord_method":"osm_derived"},"geometry":{"type":"LineString","coordinates":[[-7.833301088646668,32.56468265568012],[-7.817887531922408,32.64837893644376],[-7.825889307763814,32.67430151869433]]}},{"type":"Feature","properties":{"id":"onee_hv_308","name":"ONEE 60 kV line","layer":"grid_hv_real","sector":"energy","subsector":"transmission","voltage":"60 kV","grid_class":"distribution","status":"operational","operator":"ONEE","source":"ONEE shapefile via OSM-derived conversion","coord_confidence":"approximate","coord_method":"osm_derived"},"geometry":{"type":"LineString","coordinates":[[-7.882781070098947,32.5010853140527],[-7.833301088646668,32.56468265568012]]}},{"type":"Feature","properties":{"id":"onee_hv_309","name":"ONEE 60 kV line","layer":"grid_hv_real","sector":"energy","subsector":"transmission","voltage":"60 kV","grid_class":"distribution","status":"operational","operator":"ONEE","source":"ONEE shapefile via OSM-derived conversion","coord_confidence":"approximate","coord_method":"osm_derived"},"geometry":{"type":"LineString","coordinates":[[-7.982501393493193,32.30002086642561],[-7.91291552072903,32.274495854372546]]}},{"type":"Feature","properties":{"id":"onee_hv_310","name":"ONEE 60 kV line","layer":"grid_hv_real","sector":"energy","subsector":"transmission","voltage":"60 kV","grid_class":"distribution","status":"operational","operator":"ONEE","source":"ONEE shapefile via OSM-derived conversion","coord_confidence":"approximate","coord_method":"osm_derived"},"geometry":{"type":"LineString","coordinates":[[-7.905299962467969,32.4849997435577],[-7.943154892493931,32.455533246990235],[-7.982450779249771,32.29828404790274]]}},{"type":"Feature","properties":{"id":"onee_hv_311","name":"ONEE 60 kV line","layer":"grid_hv_real","sector":"energy","subsector":"transmission","voltage":"60 kV","grid_class":"distribution","status":"operational","operator":"ONEE","source":"ONEE shapefile via OSM-derived conversion","coord_confidence":"approximate","coord_method":"osm_derived"},"geometry":{"type":"LineString","coordinates":[[-8.488685601534755,32.278830590457645],[-8.289873029005657,32.29317422137569],[-8.084236892347416,32.216973991433804],[-7.924668342077068,32.24732808174075]]}},{"type":"Feature","properties":{"id":"onee_hv_312","name":"ONEE 60 kV line","layer":"grid_hv_real","sector":"energy","subsector":"transmission","voltage":"60 kV","grid_class":"distribution","status":"operational","operator":"ONEE","source":"ONEE shapefile via OSM-derived conversion","coord_confidence":"approximate","coord_method":"osm_derived"},"geometry":{"type":"LineString","coordinates":[[-7.341714897413404,32.08330373857101],[-7.249003180402076,32.175091276441066],[-7.226426556108986,32.293604362191545],[-7.280398315430935,32.43005420293161],[-7.27831761179417,32.47792469316064]]}},{"type":"Feature","properties":{"id":"onee_hv_313","name":"ONEE 60 kV line","layer":"grid_hv_real","sector":"energy","subsector":"transmission","voltage":"60 kV","grid_class":"distribution","status":"operational","operator":"ONEE","source":"ONEE shapefile via OSM-derived conversion","coord_confidence":"approximate","coord_method":"osm_derived"},"geometry":{"type":"LineString","coordinates":[[-7.401878510518195,32.07446528373962],[-7.341714897413404,32.08330373857101]]}},{"type":"Feature","properties":{"id":"onee_hv_314","name":"ONEE 60 kV line","layer":"grid_hv_real","sector":"energy","subsector":"transmission","voltage":"60 kV","grid_class":"distribution","status":"operational","operator":"ONEE","source":"ONEE shapefile via OSM-derived conversion","coord_confidence":"approximate","coord_method":"osm_derived"},"geometry":{"type":"LineString","coordinates":[[-7.687863722603538,31.913956726246965],[-7.453598057118828,32.06410722235666],[-7.430825803876256,32.06791398182805]]}},{"type":"Feature","properties":{"id":"onee_hv_315","name":"ONEE 60 kV line","layer":"grid_hv_real","sector":"energy","subsector":"transmission","voltage":"60 kV","grid_class":"distribution","status":"operational","operator":"ONEE","source":"ONEE shapefile via OSM-derived conversion","coord_confidence":"approximate","coord_method":"osm_derived"},"geometry":{"type":"LineString","coordinates":[[-9.562864296385776,30.435463236995123],[-9.543531666450784,30.378219755606015],[-9.501217592095443,30.33934124125536]]}},{"type":"Feature","properties":{"id":"onee_hv_316","name":"ONEE 60 kV line","layer":"grid_hv_real","sector":"energy","subsector":"transmission","voltage":"60 kV","grid_class":"distribution","status":"operational","operator":"ONEE","source":"ONEE shapefile via OSM-derived conversion","coord_confidence":"approximate","coord_method":"osm_derived"},"geometry":{"type":"LineString","coordinates":[[-9.58149900307988,30.42550998177803],[-9.562156711485507,30.368269897851256],[-9.519839287800231,30.32939821310855]]}},{"type":"Feature","properties":{"id":"onee_hv_317","name":"ONEE 60 kV line","layer":"grid_hv_real","sector":"energy","subsector":"transmission","voltage":"60 kV","grid_class":"distribution","status":"operational","operator":"ONEE","source":"ONEE shapefile via OSM-derived conversion","coord_confidence":"approximate","coord_method":"osm_derived"},"geometry":{"type":"LineString","coordinates":[[-9.10461934574413,32.35043627247818],[-9.218999012947014,32.306188840204385]]}},{"type":"Feature","properties":{"id":"onee_hv_318","name":"ONEE 60 kV line","layer":"grid_hv_real","sector":"energy","subsector":"transmission","voltage":"60 kV","grid_class":"distribution","status":"operational","operator":"ONEE","source":"ONEE shapefile via OSM-derived conversion","coord_confidence":"approximate","coord_method":"osm_derived"},"geometry":{"type":"LineString","coordinates":[[-9.08502060491508,32.31612587495739],[-9.224960564999117,32.296519295407755]]}},{"type":"Feature","properties":{"id":"onee_hv_319","name":"ONEE 60 kV line","layer":"grid_hv_real","sector":"energy","subsector":"transmission","voltage":"60 kV","grid_class":"distribution","status":"operational","operator":"ONEE","source":"ONEE shapefile via OSM-derived conversion","coord_confidence":"approximate","coord_method":"osm_derived"},"geometry":{"type":"LineString","coordinates":[[-8.943885519366164,32.35245963338546],[-9.091599925577174,32.31342994163366]]}},{"type":"Feature","properties":{"id":"onee_hv_320","name":"ONEE 60 kV line","layer":"grid_hv_real","sector":"energy","subsector":"transmission","voltage":"60 kV","grid_class":"distribution","status":"operational","operator":"ONEE","source":"ONEE shapefile via OSM-derived conversion","coord_confidence":"approximate","coord_method":"osm_derived"},"geometry":{"type":"LineString","coordinates":[[-9.10357325621351,32.3504678035794],[-8.946344319776697,32.35940674518275]]}},{"type":"Feature","properties":{"id":"onee_hv_321","name":"ONEE 60 kV line","layer":"grid_hv_real","sector":"energy","subsector":"transmission","voltage":"60 kV","grid_class":"distribution","status":"operational","operator":"ONEE","source":"ONEE shapefile via OSM-derived conversion","coord_confidence":"approximate","coord_method":"osm_derived"},"geometry":{"type":"LineString","coordinates":[[-4.515436531514851,32.069428863763456],[-4.507674363633032,32.01288454613149],[-4.54596250851158,31.921929645350524],[-4.753049724547468,31.851089593461857],[-4.822033536972539,31.765399551323586],[-4.840683499060293,31.76206166542098]]}},{"type":"Feature","properties":{"id":"onee_hv_322","name":"ONEE 60 kV line","layer":"grid_hv_real","sector":"energy","subsector":"transmission","voltage":"60 kV","grid_class":"distribution","status":"operational","operator":"ONEE","source":"ONEE shapefile via OSM-derived conversion","coord_confidence":"approximate","coord_method":"osm_derived"},"geometry":{"type":"LineString","coordinates":[[-6.11635941117047,32.43019313328299],[-6.342785784639993,32.42258380427657],[-6.500178435126066,32.40132756209071],[-6.702932131934195,32.28029049546111]]}},{"type":"Feature","properties":{"id":"onee_hv_323","name":"ONEE 60 kV line","layer":"grid_hv_real","sector":"energy","subsector":"transmission","voltage":"60 kV","grid_class":"distribution","status":"operational","operator":"ONEE","source":"ONEE shapefile via OSM-derived conversion","coord_confidence":"approximate","coord_method":"osm_derived"},"geometry":{"type":"LineString","coordinates":[[-8.503165059858617,32.28015567273688],[-8.647730515707453,32.3268466166131],[-8.80771660365999,32.2555832164497],[-8.971157939535482,32.276133746226115],[-8.936186489285978,32.34042679396556]]}},{"type":"Feature","properties":{"id":"onee_hv_324","name":"ONEE 60 kV line","layer":"grid_hv_real","sector":"energy","subsector":"transmission","voltage":"60 kV","grid_class":"distribution","status":"operational","operator":"ONEE","source":"ONEE shapefile via OSM-derived conversion","coord_confidence":"approximate","coord_method":"osm_derived"},"geometry":{"type":"LineString","coordinates":[[-9.157017033586179,32.52791827938041],[-9.118732527501447,32.61167258159518],[-9.03600639542256,32.71239866087946]]}},{"type":"Feature","properties":{"id":"onee_hv_325","name":"ONEE 60 kV line","layer":"grid_hv_real","sector":"energy","subsector":"transmission","voltage":"60 kV","grid_class":"distribution","status":"operational","operator":"ONEE","source":"ONEE shapefile via OSM-derived conversion","coord_confidence":"approximate","coord_method":"osm_derived"},"geometry":{"type":"LineString","coordinates":[[-8.932002318822239,32.392866865556876],[-9.016643436737668,32.41908845507989],[-9.109382755522136,32.4641459889425],[-9.159145963739514,32.50349414790895]]}},{"type":"Feature","properties":{"id":"onee_hv_326","name":"ONEE 60 kV line","layer":"grid_hv_real","sector":"energy","subsector":"transmission","voltage":"60 kV","grid_class":"distribution","status":"operational","operator":"ONEE","source":"ONEE shapefile via OSM-derived conversion","coord_confidence":"approximate","coord_method":"osm_derived"},"geometry":{"type":"LineString","coordinates":[[-8.936030105286303,30.376590678448377],[-8.929783243801982,30.39935733501513],[-8.93568014922746,30.420055701596254]]}},{"type":"Feature","properties":{"id":"onee_hv_327","name":"ONEE 60 kV line","layer":"grid_hv_real","sector":"energy","subsector":"transmission","voltage":"60 kV","grid_class":"distribution","status":"operational","operator":"ONEE","source":"ONEE shapefile via OSM-derived conversion","coord_confidence":"approximate","coord_method":"osm_derived"},"geometry":{"type":"LineString","coordinates":[[-9.180120458101715,30.403110789461667],[-9.262711597402426,30.37614194562444],[-9.372044979900036,30.384003944383146],[-9.497459382301075,30.335333172146722]]}},{"type":"Feature","properties":{"id":"onee_hv_328","name":"ONEE 60 kV line","layer":"grid_hv_real","sector":"energy","subsector":"transmission","voltage":"60 kV","grid_class":"distribution","status":"operational","operator":"ONEE","source":"ONEE shapefile via OSM-derived conversion","coord_confidence":"approximate","coord_method":"osm_derived"},"geometry":{"type":"LineString","coordinates":[[-8.938745375966302,30.44599215075453],[-8.899383489008985,30.511440139277678],[-8.85006912425564,30.531991253080694]]}},{"type":"Feature","properties":{"id":"onee_hv_329","name":"ONEE 60 kV line","layer":"grid_hv_real","sector":"energy","subsector":"transmission","voltage":"60 kV","grid_class":"distribution","status":"operational","operator":"ONEE","source":"ONEE shapefile via OSM-derived conversion","coord_confidence":"approximate","coord_method":"osm_derived"},"geometry":{"type":"LineString","coordinates":[[-8.75441700888456,30.572009459812822],[-8.829323541242893,30.55083891770922]]}},{"type":"Feature","properties":{"id":"onee_hv_330","name":"ONEE 60 kV line","layer":"grid_hv_real","sector":"energy","subsector":"transmission","voltage":"60 kV","grid_class":"distribution","status":"operational","operator":"ONEE","source":"ONEE shapefile via OSM-derived conversion","coord_confidence":"approximate","coord_method":"osm_derived"},"geometry":{"type":"LineString","coordinates":[[-9.480868476839657,30.311080661762446],[-9.400360314411145,30.323092544003075],[-9.315459799937468,30.32139573933712],[-9.156150566983065,30.317836153424597],[-9.070557423527383,30.37076826925375],[-9.033203401223911,30.40763594745577],[-8.987742999525485,30.419355475261472]]}},{"type":"Feature","properties":{"id":"onee_hv_331","name":"ONEE 60 kV line","layer":"grid_hv_real","sector":"energy","subsector":"transmission","voltage":"60 kV","grid_class":"distribution","status":"operational","operator":"ONEE","source":"ONEE shapefile via OSM-derived conversion","coord_confidence":"approximate","coord_method":"osm_derived"},"geometry":{"type":"LineString","coordinates":[[-9.27847633643804,28.08037036463633],[-9.225768538095055,28.081241895031376]]}},{"type":"Feature","properties":{"id":"onee_hv_332","name":"ONEE 60 kV line","layer":"grid_hv_real","sector":"energy","subsector":"transmission","voltage":"60 kV","grid_class":"distribution","status":"operational","operator":"ONEE","source":"ONEE shapefile via OSM-derived conversion","coord_confidence":"approximate","coord_method":"osm_derived"},"geometry":{"type":"LineString","coordinates":[[-9.503757962301558,29.23147794020197],[-9.418710601910112,29.269924890228097]]}},{"type":"Feature","properties":{"id":"onee_hv_333","name":"ONEE 60 kV line","layer":"grid_hv_real","sector":"energy","subsector":"transmission","voltage":"60 kV","grid_class":"distribution","status":"operational","operator":"ONEE","source":"ONEE shapefile via OSM-derived conversion","coord_confidence":"approximate","coord_method":"osm_derived"},"geometry":{"type":"LineString","coordinates":[[-8.946199697276084,29.72419506354371],[-8.985099470383346,29.760332814593507]]}},{"type":"Feature","properties":{"id":"onee_hv_334","name":"ONEE 60 kV line","layer":"grid_hv_real","sector":"energy","subsector":"transmission","voltage":"60 kV","grid_class":"distribution","status":"operational","operator":"ONEE","source":"ONEE shapefile via OSM-derived conversion","coord_confidence":"approximate","coord_method":"osm_derived"},"geometry":{"type":"LineString","coordinates":[[-8.332575145637929,30.087161922674888],[-8.213966306816753,30.003181098092472]]}},{"type":"Feature","properties":{"id":"onee_hv_335","name":"ONEE 60 kV line","layer":"grid_hv_real","sector":"energy","subsector":"transmission","voltage":"60 kV","grid_class":"distribution","status":"operational","operator":"ONEE","source":"ONEE shapefile via OSM-derived conversion","coord_confidence":"approximate","coord_method":"osm_derived"},"geometry":{"type":"LineString","coordinates":[[-8.957451464826315,30.375959181925783],[-8.950209269098554,30.399629901806435],[-8.956086082646019,30.419454555828946]]}},{"type":"Feature","properties":{"id":"onee_hv_336","name":"ONEE 60 kV line","layer":"grid_hv_real","sector":"energy","subsector":"transmission","voltage":"60 kV","grid_class":"distribution","status":"operational","operator":"ONEE","source":"ONEE shapefile via OSM-derived conversion","coord_confidence":"approximate","coord_method":"osm_derived"},"geometry":{"type":"LineString","coordinates":[[-9.148571847007409,30.406650321815604],[-9.042621048184866,30.38647924172353],[-8.977333592277217,30.362365906527213],[-8.96612930963601,30.36360177340356]]}},{"type":"Feature","properties":{"id":"onee_hv_337","name":"ONEE 60 kV line","layer":"grid_hv_real","sector":"energy","subsector":"transmission","voltage":"60 kV","grid_class":"distribution","status":"operational","operator":"ONEE","source":"ONEE shapefile via OSM-derived conversion","coord_confidence":"approximate","coord_method":"osm_derived"},"geometry":{"type":"LineString","coordinates":[[-8.860104951997423,30.554255566367893],[-8.921817376114985,30.536005477663853],[-8.953585952881863,30.485556233456112]]}},{"type":"Feature","properties":{"id":"onee_hv_338","name":"ONEE 60 kV line","layer":"grid_hv_real","sector":"energy","subsector":"transmission","voltage":"60 kV","grid_class":"distribution","status":"operational","operator":"ONEE","source":"ONEE shapefile via OSM-derived conversion","coord_confidence":"approximate","coord_method":"osm_derived"},"geometry":{"type":"LineString","coordinates":[[-8.524134954903301,30.598196066371944],[-8.486921071277084,30.676439882099586],[-8.378237176639239,30.734759491783315],[-8.227661808476217,30.73661851047303],[-8.109864031731952,30.702875528976698],[-7.996535372350673,30.609836545605077],[-7.964151785881483,30.620962809941286]]}},{"type":"Feature","properties":{"id":"onee_hv_339","name":"ONEE 60 kV line","layer":"grid_hv_real","sector":"energy","subsector":"transmission","voltage":"60 kV","grid_class":"distribution","status":"operational","operator":"ONEE","source":"ONEE shapefile via OSM-derived conversion","coord_confidence":"approximate","coord_method":"osm_derived"},"geometry":{"type":"LineString","coordinates":[[-8.75441700888456,30.572009459812822],[-8.689299860158261,30.60853756085514],[-8.586347172773767,30.620864784125807],[-8.549704023045448,30.59753097960589]]}},{"type":"Feature","properties":{"id":"onee_hv_340","name":"ONEE 60 kV line","layer":"grid_hv_real","sector":"energy","subsector":"transmission","voltage":"60 kV","grid_class":"distribution","status":"operational","operator":"ONEE","source":"ONEE shapefile via OSM-derived conversion","coord_confidence":"approximate","coord_method":"osm_derived"},"geometry":{"type":"LineString","coordinates":[[-8.489040978196398,30.289902221096913],[-8.458962273423165,30.1248120067221],[-8.415963742090629,30.117213830639763],[-8.363425738715803,30.127209059393326]]}},{"type":"Feature","properties":{"id":"onee_hv_341","name":"ONEE 60 kV line","layer":"grid_hv_real","sector":"energy","subsector":"transmission","voltage":"60 kV","grid_class":"distribution","status":"operational","operator":"ONEE","source":"ONEE shapefile via OSM-derived conversion","coord_confidence":"approximate","coord_method":"osm_derived"},"geometry":{"type":"LineString","coordinates":[[-8.832714157557872,30.532486863241132],[-8.643376429019987,30.442098296820046],[-8.490111167809534,30.290714880817806]]}},{"type":"Feature","properties":{"id":"onee_hv_342","name":"ONEE 60 kV line","layer":"grid_hv_real","sector":"energy","subsector":"transmission","voltage":"60 kV","grid_class":"distribution","status":"operational","operator":"ONEE","source":"ONEE shapefile via OSM-derived conversion","coord_confidence":"approximate","coord_method":"osm_derived"},"geometry":{"type":"LineString","coordinates":[[-8.213966306816753,30.003181098092472],[-8.08758576156983,29.955755282462928],[-7.96247694182541,29.843020750771775],[-7.948483213430617,29.81377855997403],[-7.939387348750906,29.81489268038164]]}},{"type":"Feature","properties":{"id":"onee_hv_343","name":"ONEE 60 kV line","layer":"grid_hv_real","sector":"energy","subsector":"transmission","voltage":"60 kV","grid_class":"distribution","status":"operational","operator":"ONEE","source":"ONEE shapefile via OSM-derived conversion","coord_confidence":"approximate","coord_method":"osm_derived"},"geometry":{"type":"LineString","coordinates":[[-8.346837146406791,30.118931216749736],[-8.332575145637929,30.087161922674888]]}},{"type":"Feature","properties":{"id":"onee_hv_344","name":"ONEE 60 kV line","layer":"grid_hv_real","sector":"energy","subsector":"transmission","voltage":"60 kV","grid_class":"distribution","status":"operational","operator":"ONEE","source":"ONEE shapefile via OSM-derived conversion","coord_confidence":"approximate","coord_method":"osm_derived"},"geometry":{"type":"LineString","coordinates":[[-9.41379336068183,28.55959746650339],[-9.395538794838872,28.623503982840692]]}},{"type":"Feature","properties":{"id":"onee_hv_345","name":"ONEE 60 kV line","layer":"grid_hv_real","sector":"energy","subsector":"transmission","voltage":"60 kV","grid_class":"distribution","status":"operational","operator":"ONEE","source":"ONEE shapefile via OSM-derived conversion","coord_confidence":"approximate","coord_method":"osm_derived"},"geometry":{"type":"LineString","coordinates":[[-9.443677887709727,28.716422884747967],[-9.40060258199042,28.64852701756354]]}},{"type":"Feature","properties":{"id":"onee_hv_346","name":"ONEE 60 kV line","layer":"grid_hv_real","sector":"energy","subsector":"transmission","voltage":"60 kV","grid_class":"distribution","status":"operational","operator":"ONEE","source":"ONEE shapefile via OSM-derived conversion","coord_confidence":"approximate","coord_method":"osm_derived"},"geometry":{"type":"LineString","coordinates":[[-8.946199697276084,29.72419506354371],[-8.91945567749954,29.71449212520888],[-8.892840540889878,29.681480506942343],[-8.763159268714224,29.653882850079345],[-8.710339934036819,29.565991116579248]]}},{"type":"Feature","properties":{"id":"onee_hv_347","name":"ONEE 60 kV line","layer":"grid_hv_real","sector":"energy","subsector":"transmission","voltage":"60 kV","grid_class":"distribution","status":"operational","operator":"ONEE","source":"ONEE shapefile via OSM-derived conversion","coord_confidence":"approximate","coord_method":"osm_derived"},"geometry":{"type":"LineString","coordinates":[[-9.57821124239101,29.648151092752784],[-9.339472069101006,29.67796749143895],[-9.188528715739375,29.750570301841073],[-9.00996282278395,29.773455179734924]]}},{"type":"Feature","properties":{"id":"onee_hv_348","name":"ONEE 60 kV line","layer":"grid_hv_real","sector":"energy","subsector":"transmission","voltage":"60 kV","grid_class":"distribution","status":"operational","operator":"ONEE","source":"ONEE shapefile via OSM-derived conversion","coord_confidence":"approximate","coord_method":"osm_derived"},"geometry":{"type":"LineString","coordinates":[[-9.661992400560692,29.684239352284756],[-9.606442805594707,29.68884111925612]]}},{"type":"Feature","properties":{"id":"onee_hv_349","name":"ONEE 60 kV line","layer":"grid_hv_real","sector":"energy","subsector":"transmission","voltage":"60 kV","grid_class":"distribution","status":"operational","operator":"ONEE","source":"ONEE shapefile via OSM-derived conversion","coord_confidence":"approximate","coord_method":"osm_derived"},"geometry":{"type":"LineString","coordinates":[[-9.420704024801486,29.269001351244064],[-9.318040991879252,29.321028716124456]]}},{"type":"Feature","properties":{"id":"onee_hv_350","name":"ONEE 60 kV line","layer":"grid_hv_real","sector":"energy","subsector":"transmission","voltage":"60 kV","grid_class":"distribution","status":"operational","operator":"ONEE","source":"ONEE shapefile via OSM-derived conversion","coord_confidence":"approximate","coord_method":"osm_derived"},"geometry":{"type":"LineString","coordinates":[[-9.731956698266176,29.344846424377888],[-9.757797817272762,29.230235923716833]]}},{"type":"Feature","properties":{"id":"onee_hv_351","name":"ONEE 60 kV line","layer":"grid_hv_real","sector":"energy","subsector":"transmission","voltage":"60 kV","grid_class":"distribution","status":"operational","operator":"ONEE","source":"ONEE shapefile via OSM-derived conversion","coord_confidence":"approximate","coord_method":"osm_derived"},"geometry":{"type":"LineString","coordinates":[[-9.556274426093966,29.188848696731167],[-9.74388468617894,29.213375509019745]]}},{"type":"Feature","properties":{"id":"onee_hv_352","name":"ONEE 60 kV line","layer":"grid_hv_real","sector":"energy","subsector":"transmission","voltage":"60 kV","grid_class":"distribution","status":"operational","operator":"ONEE","source":"ONEE shapefile via OSM-derived conversion","coord_confidence":"approximate","coord_method":"osm_derived"},"geometry":{"type":"LineString","coordinates":[[-9.774645073618823,29.181915810752248],[-9.766726614071162,29.205597855725383],[-9.768640979962647,29.204654751147384]]}},{"type":"Feature","properties":{"id":"onee_hv_353","name":"ONEE 60 kV line","layer":"grid_hv_real","sector":"energy","subsector":"transmission","voltage":"60 kV","grid_class":"distribution","status":"operational","operator":"ONEE","source":"ONEE shapefile via OSM-derived conversion","coord_confidence":"approximate","coord_method":"osm_derived"},"geometry":{"type":"LineString","coordinates":[[-9.908571160970475,29.138670414679584],[-9.97026847336491,29.103333001307654]]}},{"type":"Feature","properties":{"id":"onee_hv_354","name":"ONEE 60 kV line","layer":"grid_hv_real","sector":"energy","subsector":"transmission","voltage":"60 kV","grid_class":"distribution","status":"operational","operator":"ONEE","source":"ONEE shapefile via OSM-derived conversion","coord_confidence":"approximate","coord_method":"osm_derived"},"geometry":{"type":"LineString","coordinates":[[-9.970081742317074,29.05908097646926],[-9.973316143751468,29.08412128898555]]}},{"type":"Feature","properties":{"id":"onee_hv_355","name":"ONEE 60 kV line","layer":"grid_hv_real","sector":"energy","subsector":"transmission","voltage":"60 kV","grid_class":"distribution","status":"operational","operator":"ONEE","source":"ONEE shapefile via OSM-derived conversion","coord_confidence":"approximate","coord_method":"osm_derived"},"geometry":{"type":"LineString","coordinates":[[-10.065008074436584,29.00591474112353],[-9.999052835298286,29.054524033108066],[-9.992469060514056,29.084253044543193]]}},{"type":"Feature","properties":{"id":"onee_hv_356","name":"ONEE 60 kV line","layer":"grid_hv_real","sector":"energy","subsector":"transmission","voltage":"60 kV","grid_class":"distribution","status":"operational","operator":"ONEE","source":"ONEE shapefile via OSM-derived conversion","coord_confidence":"approximate","coord_method":"osm_derived"},"geometry":{"type":"LineString","coordinates":[[-11.945051356004395,26.795471432223525],[-11.691958341418422,26.847526402103632]]}},{"type":"Feature","properties":{"id":"onee_hv_357","name":"ONEE 60 kV line","layer":"grid_hv_real","sector":"energy","subsector":"transmission","voltage":"60 kV","grid_class":"distribution","status":"operational","operator":"ONEE","source":"ONEE shapefile via OSM-derived conversion","coord_confidence":"approximate","coord_method":"osm_derived"},"geometry":{"type":"LineString","coordinates":[[-13.035231695383011,27.269767469057694],[-13.122029491420905,27.266631564405714]]}},{"type":"Feature","properties":{"id":"onee_hv_358","name":"ONEE 60 kV line","layer":"grid_hv_real","sector":"energy","subsector":"transmission","voltage":"60 kV","grid_class":"distribution","status":"operational","operator":"ONEE","source":"ONEE shapefile via OSM-derived conversion","coord_confidence":"approximate","coord_method":"osm_derived"},"geometry":{"type":"LineString","coordinates":[[-13.366831068975088,27.203356631122375],[-13.388222119976716,27.21052106590724]]}},{"type":"Feature","properties":{"id":"onee_hv_359","name":"ONEE 60 kV line","layer":"grid_hv_real","sector":"energy","subsector":"transmission","voltage":"60 kV","grid_class":"distribution","status":"operational","operator":"ONEE","source":"ONEE shapefile via OSM-derived conversion","coord_confidence":"approximate","coord_method":"osm_derived"},"geometry":{"type":"LineString","coordinates":[[-9.556274426093966,29.188848696731167],[-9.504760778810546,29.23144332783462]]}},{"type":"Feature","properties":{"id":"onee_hv_360","name":"ONEE 60 kV line","layer":"grid_hv_real","sector":"energy","subsector":"transmission","voltage":"60 kV","grid_class":"distribution","status":"operational","operator":"ONEE","source":"ONEE shapefile via OSM-derived conversion","coord_confidence":"approximate","coord_method":"osm_derived"},"geometry":{"type":"LineString","coordinates":[[-9.676707783717735,29.717594782105298],[-9.679734790927832,29.695781183053995]]}},{"type":"Feature","properties":{"id":"onee_hv_361","name":"ONEE 60 kV line","layer":"grid_hv_real","sector":"energy","subsector":"transmission","voltage":"60 kV","grid_class":"distribution","status":"operational","operator":"ONEE","source":"ONEE shapefile via OSM-derived conversion","coord_confidence":"approximate","coord_method":"osm_derived"},"geometry":{"type":"LineString","coordinates":[[-9.948489961475778,29.45484934998063],[-10.0985319238352,29.42473948279752]]}},{"type":"Feature","properties":{"id":"onee_hv_362","name":"ONEE 60 kV line","layer":"grid_hv_real","sector":"energy","subsector":"transmission","voltage":"60 kV","grid_class":"distribution","status":"operational","operator":"ONEE","source":"ONEE shapefile via OSM-derived conversion","coord_confidence":"approximate","coord_method":"osm_derived"},"geometry":{"type":"LineString","coordinates":[[-9.668824348876896,29.44178254994899],[-9.662213397426267,29.580881133648095]]}},{"type":"Feature","properties":{"id":"onee_hv_363","name":"ONEE 60 kV line","layer":"grid_hv_real","sector":"energy","subsector":"transmission","voltage":"60 kV","grid_class":"distribution","status":"operational","operator":"ONEE","source":"ONEE shapefile via OSM-derived conversion","coord_confidence":"approximate","coord_method":"osm_derived"},"geometry":{"type":"LineString","coordinates":[[-9.883640688614637,29.514629557181998],[-9.884029245804978,29.624880610555344]]}},{"type":"Feature","properties":{"id":"onee_hv_364","name":"ONEE 60 kV line","layer":"grid_hv_real","sector":"energy","subsector":"transmission","voltage":"60 kV","grid_class":"distribution","status":"operational","operator":"ONEE","source":"ONEE shapefile via OSM-derived conversion","coord_confidence":"approximate","coord_method":"osm_derived"},"geometry":{"type":"LineString","coordinates":[[-9.491344358169997,30.305554477051345],[-9.456033998678242,30.271562204344583],[-9.488416539966181,29.99428961350474],[-9.502843075559108,29.886902792140287],[-9.504839556744177,29.88513911019685],[-9.671645412704345,29.6960707198144]]}},{"type":"Feature","properties":{"id":"onee_hv_365","name":"ONEE 60 kV line","layer":"grid_hv_real","sector":"energy","subsector":"transmission","voltage":"60 kV","grid_class":"distribution","status":"operational","operator":"ONEE","source":"ONEE shapefile via OSM-derived conversion","coord_confidence":"approximate","coord_method":"osm_derived"},"geometry":{"type":"LineString","coordinates":[[-9.5175682356005,30.305693099099955],[-9.492729385146124,30.270318001044213],[-9.537515162734756,30.045555027283022],[-9.537594609654167,30.047297389627584],[-9.567571155238404,29.902950764868194],[-9.676707783717735,29.717594782105298]]}},{"type":"Feature","properties":{"id":"onee_hv_366","name":"ONEE 60 kV line","layer":"grid_hv_real","sector":"energy","subsector":"transmission","voltage":"60 kV","grid_class":"distribution","status":"operational","operator":"ONEE","source":"ONEE shapefile via OSM-derived conversion","coord_confidence":"approximate","coord_method":"osm_derived"},"geometry":{"type":"LineString","coordinates":[[-9.668824348876896,29.44178254994899],[-9.73199792955795,29.345716152253694]]}},{"type":"Feature","properties":{"id":"onee_hv_367","name":"ONEE 60 kV line","layer":"grid_hv_real","sector":"energy","subsector":"transmission","voltage":"60 kV","grid_class":"distribution","status":"operational","operator":"ONEE","source":"ONEE shapefile via OSM-derived conversion","coord_confidence":"approximate","coord_method":"osm_derived"},"geometry":{"type":"LineString","coordinates":[[-9.6765234899941,29.67071871167649],[-9.662499049334135,29.586990642724555],[-9.662213397426267,29.580881133648095]]}},{"type":"Feature","properties":{"id":"onee_hv_368","name":"ONEE 60 kV line","layer":"grid_hv_real","sector":"energy","subsector":"transmission","voltage":"60 kV","grid_class":"distribution","status":"operational","operator":"ONEE","source":"ONEE shapefile via OSM-derived conversion","coord_confidence":"approximate","coord_method":"osm_derived"},"geometry":{"type":"LineString","coordinates":[[-9.948489961475778,29.45484934998063],[-9.883640688614637,29.514629557181998]]}},{"type":"Feature","properties":{"id":"onee_hv_369","name":"ONEE 60 kV line","layer":"grid_hv_real","sector":"energy","subsector":"transmission","voltage":"60 kV","grid_class":"distribution","status":"operational","operator":"ONEE","source":"ONEE shapefile via OSM-derived conversion","coord_confidence":"approximate","coord_method":"osm_derived"},"geometry":{"type":"LineString","coordinates":[[-9.692288680218335,29.682314398764372],[-9.862703385612546,29.64478549722048]]}},{"type":"Feature","properties":{"id":"onee_hv_370","name":"ONEE 60 kV line","layer":"grid_hv_real","sector":"energy","subsector":"transmission","voltage":"60 kV","grid_class":"distribution","status":"operational","operator":"ONEE","source":"ONEE shapefile via OSM-derived conversion","coord_confidence":"approximate","coord_method":"osm_derived"},"geometry":{"type":"LineString","coordinates":[[-9.774645073618823,29.181915810752248],[-9.908571160970475,29.138670414679584]]}},{"type":"Feature","properties":{"id":"onee_hv_371","name":"ONEE 60 kV line","layer":"grid_hv_real","sector":"energy","subsector":"transmission","voltage":"60 kV","grid_class":"distribution","status":"operational","operator":"ONEE","source":"ONEE shapefile via OSM-derived conversion","coord_confidence":"approximate","coord_method":"osm_derived"},"geometry":{"type":"LineString","coordinates":[[-9.413829802659302,28.56043354091905],[-9.38703487371375,28.358463316733943],[-9.283670861582006,28.204116506933204],[-9.27851413227977,28.08127187308716]]}},{"type":"Feature","properties":{"id":"onee_hv_372","name":"ONEE 60 kV line","layer":"grid_hv_real","sector":"energy","subsector":"transmission","voltage":"60 kV","grid_class":"distribution","status":"operational","operator":"ONEE","source":"ONEE shapefile via OSM-derived conversion","coord_confidence":"approximate","coord_method":"osm_derived"},"geometry":{"type":"LineString","coordinates":[[-9.916461659369254,29.012566880919312],[-9.728228966847153,28.882480010849445],[-9.651080397208196,28.865232184954362],[-9.580764522632409,28.88687044125431],[-9.449514641598041,28.84896274977639],[-9.443677887709727,28.716422884747967]]}},{"type":"Feature","properties":{"id":"onee_hv_373","name":"ONEE 60 kV line","layer":"grid_hv_real","sector":"energy","subsector":"transmission","voltage":"60 kV","grid_class":"distribution","status":"operational","operator":"ONEE","source":"ONEE shapefile via OSM-derived conversion","coord_confidence":"approximate","coord_method":"osm_derived"},"geometry":{"type":"LineString","coordinates":[[-10.960639718696177,28.49339672352212],[-10.757645919184865,28.633791458797006],[-10.685859674525565,28.657874632768415],[-10.590361006950141,28.688975269961706],[-10.310320928028812,28.890158911387555],[-10.065008074436584,29.00591474112353]]}},{"type":"Feature","properties":{"id":"onee_hv_374","name":"ONEE 60 kV line","layer":"grid_hv_real","sector":"energy","subsector":"transmission","voltage":"60 kV","grid_class":"distribution","status":"operational","operator":"ONEE","source":"ONEE shapefile via OSM-derived conversion","coord_confidence":"approximate","coord_method":"osm_derived"},"geometry":{"type":"LineString","coordinates":[[-13.035231695383011,27.269767469057694],[-12.95245088479036,27.114752456585325],[-12.966373649604904,26.96995527652955],[-12.93227962594829,26.901938073108127],[-12.674715483929855,26.718225264968872],[-12.430488829355514,26.659688648402426],[-12.189280639289366,26.637714375976078],[-12.059861052232325,26.65381772743526],[-11.945051356004395,26.795471432223525]]}},{"type":"Feature","properties":{"id":"onee_hv_375","name":"ONEE 60 kV line","layer":"grid_hv_real","sector":"energy","subsector":"transmission","voltage":"60 kV","grid_class":"distribution","status":"operational","operator":"ONEE","source":"ONEE shapefile via OSM-derived conversion","coord_confidence":"approximate","coord_method":"osm_derived"},"geometry":{"type":"LineString","coordinates":[[-10.960639718696177,28.49339672352212],[-11.11480852736224,28.49384313200089],[-11.2464972253584,28.47092924639224]]}},{"type":"Feature","properties":{"id":"onee_hv_376","name":"ONEE 60 kV line","layer":"grid_hv_real","sector":"energy","subsector":"transmission","voltage":"60 kV","grid_class":"distribution","status":"operational","operator":"ONEE","source":"ONEE shapefile via OSM-derived conversion","coord_confidence":"approximate","coord_method":"osm_derived"},"geometry":{"type":"LineString","coordinates":[[-13.142538541783104,27.18030130675737],[-13.128688889121442,27.215963105558753]]}},{"type":"Feature","properties":{"id":"onee_hv_377","name":"ONEE 60 kV line","layer":"grid_hv_real","sector":"energy","subsector":"transmission","voltage":"60 kV","grid_class":"distribution","status":"operational","operator":"ONEE","source":"ONEE shapefile via OSM-derived conversion","coord_confidence":"approximate","coord_method":"osm_derived"},"geometry":{"type":"LineString","coordinates":[[-13.366831068975088,27.203356631122375],[-13.327577944446896,27.183482922888018],[-13.144331683188442,27.178456261971018]]}},{"type":"Feature","properties":{"id":"onee_hv_378","name":"ONEE 60 kV line","layer":"grid_hv_real","sector":"energy","subsector":"transmission","voltage":"60 kV","grid_class":"distribution","status":"operational","operator":"ONEE","source":"ONEE shapefile via OSM-derived conversion","coord_confidence":"approximate","coord_method":"osm_derived"},"geometry":{"type":"LineString","coordinates":[[-6.19877946522672,32.65560967336041],[-6.252340611536583,32.56835343427976],[-6.287313269542344,32.512501348970844],[-6.314200312965873,32.48277458260805],[-6.389202006678576,32.46568725546621],[-6.483720634703253,32.423183741599814],[-6.617794316423858,32.37759557353316],[-6.663451893864198,32.359755044265626],[-6.679431921730369,32.315272223398416],[-6.707205718057304,32.28634447968656]]}},{"type":"Feature","properties":{"id":"onee_hv_379","name":"ONEE 60 kV line","layer":"grid_hv_real","sector":"energy","subsector":"transmission","voltage":"60 kV","grid_class":"distribution","status":"operational","operator":"ONEE","source":"ONEE shapefile via OSM-derived conversion","coord_confidence":"approximate","coord_method":"osm_derived"},"geometry":{"type":"LineString","coordinates":[[-6.432669642668959,32.876303845676055],[-6.590291256733503,32.81494935254546],[-6.596772015302828,32.756669828933674],[-6.500323169828785,32.58465727774483],[-6.538238197947472,32.23126816086425]]}},{"type":"Feature","properties":{"id":"onee_hv_380","name":"ONEE 60 kV line","layer":"grid_hv_real","sector":"energy","subsector":"transmission","voltage":"60 kV","grid_class":"distribution","status":"operational","operator":"ONEE","source":"ONEE shapefile via OSM-derived conversion","coord_confidence":"approximate","coord_method":"osm_derived"},"geometry":{"type":"LineString","coordinates":[[-6.907031755999661,32.94441293218802],[-6.798148681736429,32.96480898014238],[-6.699514154757916,32.9684933219689],[-6.600499951050491,32.950367206469764],[-6.561247700580466,32.92293991215951],[-6.498101489504416,32.9096181000095],[-6.434920683802591,32.890165094088005]]}},{"type":"Feature","properties":{"id":"onee_hv_381","name":"ONEE 60 kV line","layer":"grid_hv_real","sector":"energy","subsector":"transmission","voltage":"60 kV","grid_class":"distribution","status":"operational","operator":"ONEE","source":"ONEE shapefile via OSM-derived conversion","coord_confidence":"approximate","coord_method":"osm_derived"},"geometry":{"type":"LineString","coordinates":[[-6.12031508321404,32.40585117177701],[-6.365485408906184,32.39724786146706],[-6.49568784580288,32.37874418651015],[-6.538178071754288,32.22658261010915]]}},{"type":"Feature","properties":{"id":"onee_hv_382","name":"ONEE 60 kV line","layer":"grid_hv_real","sector":"energy","subsector":"transmission","voltage":"60 kV","grid_class":"distribution","status":"operational","operator":"ONEE","source":"ONEE shapefile via OSM-derived conversion","coord_confidence":"approximate","coord_method":"osm_derived"},"geometry":{"type":"LineString","coordinates":[[-6.16847456687173,32.66101288634424],[-6.07691383993283,32.596355583827034],[-6.047092039279957,32.52528607983318],[-6.089145482095486,32.42685056824297]]}},{"type":"Feature","properties":{"id":"onee_hv_383","name":"ONEE 60 kV line","layer":"grid_hv_real","sector":"energy","subsector":"transmission","voltage":"60 kV","grid_class":"distribution","status":"operational","operator":"ONEE","source":"ONEE shapefile via OSM-derived conversion","coord_confidence":"approximate","coord_method":"osm_derived"},"geometry":{"type":"LineString","coordinates":[[-6.337202747861001,32.78062261491885],[-6.248073037424991,32.666550969601374],[-6.199883107532013,32.66774651203824]]}},{"type":"Feature","properties":{"id":"onee_hv_384","name":"ONEE 60 kV line","layer":"grid_hv_real","sector":"energy","subsector":"transmission","voltage":"60 kV","grid_class":"distribution","status":"operational","operator":"ONEE","source":"ONEE shapefile via OSM-derived conversion","coord_confidence":"approximate","coord_method":"osm_derived"},"geometry":{"type":"LineString","coordinates":[[-6.415820505539884,32.8764433953813],[-6.350228158310159,32.82306323642123],[-6.336418267783747,32.80579717421526]]}},{"type":"Feature","properties":{"id":"onee_hv_385","name":"ONEE 60 kV line","layer":"grid_hv_real","sector":"energy","subsector":"transmission","voltage":"60 kV","grid_class":"distribution","status":"operational","operator":"ONEE","source":"ONEE shapefile via OSM-derived conversion","coord_confidence":"approximate","coord_method":"osm_derived"},"geometry":{"type":"LineString","coordinates":[[-5.622921841345518,32.98901710200216],[-5.725940602366092,33.00877718778501],[-5.798413804170911,33.00856526142383],[-5.886671752342825,33.00824990983956],[-5.939092924967104,32.984537982100264],[-6.046166297833158,32.967559634839425],[-6.109983353548965,32.93679827638642],[-6.170552432094605,32.89905100856372],[-6.250907672005269,32.85158968942983],[-6.313722759132776,32.842480511021904],[-6.343122923351001,32.84750357875723],[-6.376946601593707,32.869783508745286],[-6.406555047298791,32.88692586914027]]}},{"type":"Feature","properties":{"id":"onee_hv_386","name":"ONEE 60 kV line","layer":"grid_hv_real","sector":"energy","subsector":"transmission","voltage":"60 kV","grid_class":"distribution","status":"operational","operator":"ONEE","source":"ONEE shapefile via OSM-derived conversion","coord_confidence":"approximate","coord_method":"osm_derived"},"geometry":{"type":"LineString","coordinates":[[-6.542271302656985,31.137739764591778],[-6.448118520684859,31.180281565632356]]}},{"type":"Feature","properties":{"id":"onee_hv_387","name":"ONEE 60 kV line","layer":"grid_hv_real","sector":"energy","subsector":"transmission","voltage":"60 kV","grid_class":"distribution","status":"operational","operator":"ONEE","source":"ONEE shapefile via OSM-derived conversion","coord_confidence":"approximate","coord_method":"osm_derived"},"geometry":{"type":"LineString","coordinates":[[-4.622448534157744,32.78867249136098],[-4.521924972479393,32.78018531435918],[-4.458785687933797,32.81013287593443],[-4.421718611508093,32.84112961770911],[-4.373863316146126,32.89372181369017],[-4.29475055337343,32.927823296500975],[-4.248188381824676,32.952584200390085],[-4.204714599731835,32.98521119419847],[-4.136638599776448,33.04447309259556],[-4.089757634892226,33.079602095872474]]}},{"type":"Feature","properties":{"id":"onee_hv_388","name":"ONEE 60 kV line","layer":"grid_hv_real","sector":"energy","subsector":"transmission","voltage":"60 kV","grid_class":"distribution","status":"operational","operator":"ONEE","source":"ONEE shapefile via OSM-derived conversion","coord_confidence":"approximate","coord_method":"osm_derived"},"geometry":{"type":"LineString","coordinates":[[-6.448118520684859,31.180281565632356],[-6.354606751814687,31.194072649837523],[-6.269550108559098,31.232075133443146],[-6.201850283785699,31.262942528431672],[-6.132841252776093,31.272941098535277],[-6.071023598796316,31.273298274763853]]}},{"type":"Feature","properties":{"id":"onee_hv_389","name":"ONEE 60 kV line","layer":"grid_hv_real","sector":"energy","subsector":"transmission","voltage":"60 kV","grid_class":"distribution","status":"operational","operator":"ONEE","source":"ONEE shapefile via OSM-derived conversion","coord_confidence":"approximate","coord_method":"osm_derived"},"geometry":{"type":"LineString","coordinates":[[-6.73179160665957,31.010797794306633],[-6.630989835093699,31.07779916153824]]}},{"type":"Feature","properties":{"id":"onee_hv_390","name":"ONEE 60 kV line","layer":"grid_hv_real","sector":"energy","subsector":"transmission","voltage":"60 kV","grid_class":"distribution","status":"operational","operator":"ONEE","source":"ONEE shapefile via OSM-derived conversion","coord_confidence":"approximate","coord_method":"osm_derived"},"geometry":{"type":"LineString","coordinates":[[-7.942241696617734,31.805499592551943],[-7.687863722603538,31.913956726246965]]}},{"type":"Feature","properties":{"id":"onee_hv_391","name":"ONEE 60 kV line","layer":"grid_hv_real","sector":"energy","subsector":"transmission","voltage":"60 kV","grid_class":"distribution","status":"operational","operator":"ONEE","source":"ONEE shapefile via OSM-derived conversion","coord_confidence":"approximate","coord_method":"osm_derived"},"geometry":{"type":"LineString","coordinates":[[-7.007202864568001,31.069082952886546],[-6.837959417620696,30.965294010504635]]}},{"type":"Feature","properties":{"id":"onee_hv_392","name":"ONEE 60 kV line","layer":"grid_hv_real","sector":"energy","subsector":"transmission","voltage":"60 kV","grid_class":"distribution","status":"operational","operator":"ONEE","source":"ONEE shapefile via OSM-derived conversion","coord_confidence":"approximate","coord_method":"osm_derived"},"geometry":{"type":"LineString","coordinates":[[-7.266813517520148,31.736905118743827],[-7.345206850878126,31.530628739518377],[-7.314655774426218,31.407767599419504],[-7.311594855361059,31.264473659970115],[-7.203273051567685,31.15578897108039],[-7.034609319460285,31.106095747560495]]}},{"type":"Feature","properties":{"id":"onee_hv_393","name":"ONEE 60 kV line","layer":"grid_hv_real","sector":"energy","subsector":"transmission","voltage":"60 kV","grid_class":"distribution","status":"operational","operator":"ONEE","source":"ONEE shapefile via OSM-derived conversion","coord_confidence":"approximate","coord_method":"osm_derived"},"geometry":{"type":"LineString","coordinates":[[-6.820551594716392,30.971571373687265],[-6.73179160665957,31.010797794306633]]}},{"type":"Feature","properties":{"id":"onee_hv_394","name":"ONEE 60 kV line","layer":"grid_hv_real","sector":"energy","subsector":"transmission","voltage":"60 kV","grid_class":"distribution","status":"operational","operator":"ONEE","source":"ONEE shapefile via OSM-derived conversion","coord_confidence":"approximate","coord_method":"osm_derived"},"geometry":{"type":"LineString","coordinates":[[-6.48057867862857,30.71021091708388],[-6.579220444803689,30.81691224432525],[-6.815325719574981,30.961151083436995]]}},{"type":"Feature","properties":{"id":"onee_hv_395","name":"ONEE 60 kV line","layer":"grid_hv_real","sector":"energy","subsector":"transmission","voltage":"60 kV","grid_class":"distribution","status":"operational","operator":"ONEE","source":"ONEE shapefile via OSM-derived conversion","coord_confidence":"approximate","coord_method":"osm_derived"},"geometry":{"type":"LineString","coordinates":[[-5.95171969106107,30.477562225865306],[-6.053198053765239,30.525704985163085],[-6.141130004619796,30.649339754481904],[-6.200739768901397,30.68199821859094],[-6.348385098737067,30.705234212818283],[-6.449814438424339,30.70872273853261]]}},{"type":"Feature","properties":{"id":"onee_hv_396","name":"ONEE 60 kV line","layer":"grid_hv_real","sector":"energy","subsector":"transmission","voltage":"60 kV","grid_class":"distribution","status":"operational","operator":"ONEE","source":"ONEE shapefile via OSM-derived conversion","coord_confidence":"approximate","coord_method":"osm_derived"},"geometry":{"type":"LineString","coordinates":[[-8.940034768878125,32.3464432996653],[-9.028042920993007,32.29008522310799],[-9.161241451033055,32.13570142069718],[-9.275740155074306,32.01560544318853],[-9.292266419625005,31.94209590424653],[-9.402951447753177,31.838519721775093],[-9.48768446988526,31.762677672092217],[-9.5590328512355,31.669834510332983],[-9.609771761971063,31.582042209174443],[-9.719032477765241,31.5512808479966]]}},{"type":"Feature","properties":{"id":"onee_hv_397","name":"ONEE 60 kV line","layer":"grid_hv_real","sector":"energy","subsector":"transmission","voltage":"60 kV","grid_class":"distribution","status":"operational","operator":"ONEE","source":"ONEE shapefile via OSM-derived conversion","coord_confidence":"approximate","coord_method":"osm_derived"},"geometry":{"type":"LineString","coordinates":[[-8.719076093520293,31.63439919555206],[-8.852280037470372,31.578926149722896],[-9.014623838512952,31.57766152228437],[-9.181557805482711,31.585641191250495],[-9.307351259781152,31.552151977956367],[-9.44866827252164,31.52060104983133],[-9.579964976419296,31.519641189181815],[-9.718526745221375,31.540821396930692]]}},{"type":"Feature","properties":{"id":"onee_hv_398","name":"ONEE 60 kV line","layer":"grid_hv_real","sector":"energy","subsector":"transmission","voltage":"60 kV","grid_class":"distribution","status":"operational","operator":"ONEE","source":"ONEE shapefile via OSM-derived conversion","coord_confidence":"approximate","coord_method":"osm_derived"},"geometry":{"type":"LineString","coordinates":[[-4.64243483489874,32.78271226133213],[-4.677223317315785,32.76035370731995],[-4.757754418741353,32.78163640883525],[-4.935642989499565,32.83455416686645],[-5.075117847431891,32.84020336975163],[-5.146422464703371,32.81954110102692],[-5.283820777733777,32.79541130903704],[-5.446350570177385,32.84323921460819],[-5.560823423838865,32.89787325902606],[-5.590206840673804,32.91606605186024],[-5.60812961263062,32.9525491613985]]}},{"type":"Feature","properties":{"id":"onee_hv_399","name":"ONEE 60 kV line","layer":"grid_hv_real","sector":"energy","subsector":"transmission","voltage":"60 kV","grid_class":"distribution","status":"operational","operator":"ONEE","source":"ONEE shapefile via OSM-derived conversion","coord_confidence":"approximate","coord_method":"osm_derived"},"geometry":{"type":"LineString","coordinates":[[-4.497001692266199,32.14137812582228],[-4.490347091871894,32.2829676331496],[-4.534361502830255,32.581293755567366],[-4.537563952107466,32.67949268061905],[-4.569549218887905,32.7301216159529],[-4.61122954232727,32.7512559840035],[-4.626882780768677,32.76089773107424],[-4.631933950125561,32.78264742339769]]}},{"type":"Feature","properties":{"id":"onee_hv_400","name":"ONEE 60 kV line","layer":"grid_hv_real","sector":"energy","subsector":"transmission","voltage":"60 kV","grid_class":"distribution","status":"operational","operator":"ONEE","source":"ONEE shapefile via OSM-derived conversion","coord_confidence":"approximate","coord_method":"osm_derived"},"geometry":{"type":"LineString","coordinates":[[-3.022397519357125,32.101645645799],[-3.413649335564202,32.32847214152108],[-3.424619113879943,32.39988861921649]]}},{"type":"Feature","properties":{"id":"onee_hv_401","name":"ONEE 60 kV line","layer":"grid_hv_real","sector":"energy","subsector":"transmission","voltage":"60 kV","grid_class":"distribution","status":"operational","operator":"ONEE","source":"ONEE shapefile via OSM-derived conversion","coord_confidence":"approximate","coord_method":"osm_derived"},"geometry":{"type":"LineString","coordinates":[[-4.486328643150428,32.06921532873661],[-4.477398078781476,32.026524101884526],[-4.405007487097002,31.99040838785554],[-4.304173269195704,31.915623489297648],[-4.178079193280785,31.804134999888568],[-4.179471054927689,31.702503066581972],[-4.168185553186665,31.61638493480294],[-4.124821974983008,31.542055208377832]]}},{"type":"Feature","properties":{"id":"onee_hv_402","name":"ONEE 60 kV line","layer":"grid_hv_real","sector":"energy","subsector":"transmission","voltage":"60 kV","grid_class":"distribution","status":"operational","operator":"ONEE","source":"ONEE shapefile via OSM-derived conversion","coord_confidence":"approximate","coord_method":"osm_derived"},"geometry":{"type":"LineString","coordinates":[[-3.545775707202699,31.996038979459367],[-3.690345223233652,32.04243555068379],[-3.887887152107918,32.03983043512175],[-4.043704783524551,31.97821451338975],[-4.2690392421561,31.98659394285713],[-4.478762228165611,32.09258808529779]]}},{"type":"Feature","properties":{"id":"onee_hv_403","name":"ONEE 60 kV line","layer":"grid_hv_real","sector":"energy","subsector":"transmission","voltage":"60 kV","grid_class":"distribution","status":"operational","operator":"ONEE","source":"ONEE shapefile via OSM-derived conversion","coord_confidence":"approximate","coord_method":"osm_derived"},"geometry":{"type":"LineString","coordinates":[[-3.03002755054123,32.08967228881927],[-3.186522331382825,32.0291652699462],[-3.514758183376828,31.99032794730849]]}},{"type":"Feature","properties":{"id":"onee_hv_404","name":"ONEE 60 kV line","layer":"grid_hv_real","sector":"energy","subsector":"transmission","voltage":"60 kV","grid_class":"distribution","status":"operational","operator":"ONEE","source":"ONEE shapefile via OSM-derived conversion","coord_confidence":"approximate","coord_method":"osm_derived"},"geometry":{"type":"LineString","coordinates":[[-2.381602982623487,32.37438702573265],[-2.716674671622732,32.27004507936388],[-2.95012098425833,32.19499945788522],[-3.013060054156494,32.101464182811625]]}},{"type":"Feature","properties":{"id":"onee_hv_405","name":"ONEE 60 kV line","layer":"grid_hv_real","sector":"energy","subsector":"transmission","voltage":"60 kV","grid_class":"distribution","status":"operational","operator":"ONEE","source":"ONEE shapefile via OSM-derived conversion","coord_confidence":"approximate","coord_method":"osm_derived"},"geometry":{"type":"LineString","coordinates":[[-1.978967184458829,32.69331789360952],[-2.11780683504514,32.50846217092758],[-2.349970287766342,32.38576314449124]]}},{"type":"Feature","properties":{"id":"onee_hv_406","name":"ONEE 60 kV line","layer":"grid_hv_real","sector":"energy","subsector":"transmission","voltage":"60 kV","grid_class":"distribution","status":"operational","operator":"ONEE","source":"ONEE shapefile via OSM-derived conversion","coord_confidence":"approximate","coord_method":"osm_derived"},"geometry":{"type":"LineString","coordinates":[[-1.972793550987373,32.71837568266339],[-2.040891150970949,32.8280031233178],[-2.034032606840039,32.924302432401966],[-2.031774338021468,33.010314987734816],[-2.022123849420564,33.04224207727798]]}},{"type":"Feature","properties":{"id":"onee_hv_407","name":"ONEE 60 kV line","layer":"grid_hv_real","sector":"energy","subsector":"transmission","voltage":"60 kV","grid_class":"distribution","status":"operational","operator":"ONEE","source":"ONEE shapefile via OSM-derived conversion","coord_confidence":"approximate","coord_method":"osm_derived"},"geometry":{"type":"LineString","coordinates":[[-1.31785044214698,32.21758424806246],[-1.377401291941276,32.21434508756439],[-1.589451777138535,32.22720813900676],[-1.647271996396024,32.26376891768432],[-1.671907656664387,32.32362361588831],[-1.64477656499866,32.42192261274519],[-1.664551321364174,32.523362503120396],[-1.82724005770788,32.532531482100566],[-1.945856341816467,32.60284195430362],[-1.968482333202645,32.6930267105562]]}},{"type":"Feature","properties":{"id":"onee_hv_408","name":"ONEE 60 kV line","layer":"grid_hv_real","sector":"energy","subsector":"transmission","voltage":"60 kV","grid_class":"distribution","status":"operational","operator":"ONEE","source":"ONEE shapefile via OSM-derived conversion","coord_confidence":"approximate","coord_method":"osm_derived"},"geometry":{"type":"LineString","coordinates":[[-1.311641477931823,32.21651315860739],[-1.323155269028825,32.21514933542972]]}},{"type":"Feature","properties":{"id":"onee_hv_409","name":"ONEE 60 kV line","layer":"grid_hv_real","sector":"energy","subsector":"transmission","voltage":"60 kV","grid_class":"distribution","status":"operational","operator":"ONEE","source":"ONEE shapefile via OSM-derived conversion","coord_confidence":"approximate","coord_method":"osm_derived"},"geometry":{"type":"LineString","coordinates":[[-6.545750336098061,32.21526518658337],[-6.52339956764875,32.586161791087356],[-6.708798712799004,32.820659882132794],[-6.715456480401174,32.842339955907455]]}},{"type":"Feature","properties":{"id":"onee_hv_410","name":"ONEE 60 kV line","layer":"grid_hv_real","sector":"energy","subsector":"transmission","voltage":"60 kV","grid_class":"distribution","status":"operational","operator":"ONEE","source":"ONEE shapefile via OSM-derived conversion","coord_confidence":"approximate","coord_method":"osm_derived"},"geometry":{"type":"LineString","coordinates":[[-6.686227357920129,32.63671108377867],[-6.692795978141132,32.65750443840291]]}},{"type":"Feature","properties":{"id":"onee_hv_411","name":"ONEE 150 kV line","layer":"grid_hv_real","sector":"energy","subsector":"transmission","voltage":"150 kV","grid_class":"regional","status":"operational","operator":"ONEE","source":"ONEE shapefile via OSM-derived conversion","coord_confidence":"approximate","coord_method":"osm_derived"},"geometry":{"type":"LineString","coordinates":[[-5.39693984497957,35.712620152054676],[-5.406715549486832,35.73084833202933]]}},{"type":"Feature","properties":{"id":"onee_hv_412","name":"ONEE 150 kV line","layer":"grid_hv_real","sector":"energy","subsector":"transmission","voltage":"150 kV","grid_class":"regional","status":"operational","operator":"ONEE","source":"ONEE shapefile via OSM-derived conversion","coord_confidence":"approximate","coord_method":"osm_derived"},"geometry":{"type":"LineString","coordinates":[[-2.977181980790969,35.134038881953465],[-2.948490865856635,35.00583562704708]]}},{"type":"Feature","properties":{"id":"onee_hv_413","name":"ONEE 150 kV line","layer":"grid_hv_real","sector":"energy","subsector":"transmission","voltage":"150 kV","grid_class":"regional","status":"operational","operator":"ONEE","source":"ONEE shapefile via OSM-derived conversion","coord_confidence":"approximate","coord_method":"osm_derived"},"geometry":{"type":"LineString","coordinates":[[-2.177214956070006,34.462987063556795],[-2.215850659066006,34.515250354081026]]}},{"type":"Feature","properties":{"id":"onee_hv_414","name":"ONEE 150 kV line","layer":"grid_hv_real","sector":"energy","subsector":"transmission","voltage":"150 kV","grid_class":"regional","status":"operational","operator":"ONEE","source":"ONEE shapefile via OSM-derived conversion","coord_confidence":"approximate","coord_method":"osm_derived"},"geometry":{"type":"LineString","coordinates":[[-9.916461659369254,29.012566880919312],[-9.970081742317074,29.05908097646926]]}},{"type":"Feature","properties":{"id":"onee_hv_415","name":"ONEE 150 kV line","layer":"grid_hv_real","sector":"energy","subsector":"transmission","voltage":"150 kV","grid_class":"regional","status":"operational","operator":"ONEE","source":"ONEE shapefile via OSM-derived conversion","coord_confidence":"approximate","coord_method":"osm_derived"},"geometry":{"type":"LineString","coordinates":[[-6.548209384039105,32.20990912191362],[-6.702930656576974,32.26731402774993]]}},{"type":"Feature","properties":{"id":"onee_hv_416","name":"ONEE 150 kV line","layer":"grid_hv_real","sector":"energy","subsector":"transmission","voltage":"150 kV","grid_class":"regional","status":"operational","operator":"ONEE","source":"ONEE shapefile via OSM-derived conversion","coord_confidence":"approximate","coord_method":"osm_derived"},"geometry":{"type":"LineString","coordinates":[[-6.554135750787877,32.19795959062317],[-6.69660346997927,32.250833621965825]]}},{"type":"Feature","properties":{"id":"onee_hv_417","name":"ONEE 150 kV line","layer":"grid_hv_real","sector":"energy","subsector":"transmission","voltage":"150 kV","grid_class":"regional","status":"operational","operator":"ONEE","source":"ONEE shapefile via OSM-derived conversion","coord_confidence":"approximate","coord_method":"osm_derived"},"geometry":{"type":"LineString","coordinates":[[-6.560688445034343,32.18755596046367],[-6.687845444739393,32.234378480775796]]}},{"type":"Feature","properties":{"id":"onee_hv_418","name":"ONEE 150 kV line","layer":"grid_hv_real","sector":"energy","subsector":"transmission","voltage":"150 kV","grid_class":"regional","status":"operational","operator":"ONEE","source":"ONEE shapefile via OSM-derived conversion","coord_confidence":"approximate","coord_method":"osm_derived"},"geometry":{"type":"LineString","coordinates":[[-6.435465990457897,32.19074485905216],[-6.535830729063674,32.21535737774547]]}},{"type":"Feature","properties":{"id":"onee_hv_419","name":"ONEE 150 kV line","layer":"grid_hv_real","sector":"energy","subsector":"transmission","voltage":"150 kV","grid_class":"regional","status":"operational","operator":"ONEE","source":"ONEE shapefile via OSM-derived conversion","coord_confidence":"approximate","coord_method":"osm_derived"},"geometry":{"type":"LineString","coordinates":[[-6.438361833541577,32.178310363946665],[-6.530126211069341,32.20041355787064]]}},{"type":"Feature","properties":{"id":"onee_hv_420","name":"ONEE 150 kV line","layer":"grid_hv_real","sector":"energy","subsector":"transmission","voltage":"150 kV","grid_class":"regional","status":"operational","operator":"ONEE","source":"ONEE shapefile via OSM-derived conversion","coord_confidence":"approximate","coord_method":"osm_derived"},"geometry":{"type":"LineString","coordinates":[[-6.441260995191018,32.1663937033799],[-6.516247758945728,32.183315301123855]]}},{"type":"Feature","properties":{"id":"onee_hv_421","name":"ONEE 225 kV line","layer":"grid_hv_real","sector":"energy","subsector":"transmission","voltage":"225 kV","grid_class":"regional","status":"operational","operator":"ONEE","source":"ONEE shapefile via OSM-derived conversion","coord_confidence":"approximate","coord_method":"osm_derived"},"geometry":{"type":"LineString","coordinates":[[-9.408447130926819,30.46342143144803],[-9.320721871115076,30.442850608962292],[-9.233135233513211,30.49779375976055],[-9.2257741779057,30.517157218805313]]}},{"type":"Feature","properties":{"id":"onee_hv_422","name":"ONEE 225 kV line","layer":"grid_hv_real","sector":"energy","subsector":"transmission","voltage":"225 kV","grid_class":"regional","status":"operational","operator":"ONEE","source":"ONEE shapefile via OSM-derived conversion","coord_confidence":"approximate","coord_method":"osm_derived"},"geometry":{"type":"LineString","coordinates":[[-9.214535349714724,30.51751357702697],[-9.22043200242865,30.487727718815115],[-9.316577310711192,30.425115491525172],[-9.416662644781043,30.448703300265965],[-9.497833484427554,30.34359281080207]]}},{"type":"Feature","properties":{"id":"onee_hv_423","name":"ONEE 225 kV line","layer":"grid_hv_real","sector":"energy","subsector":"transmission","voltage":"225 kV","grid_class":"regional","status":"operational","operator":"ONEE","source":"ONEE shapefile via OSM-derived conversion","coord_confidence":"approximate","coord_method":"osm_derived"},"geometry":{"type":"LineString","coordinates":[[-5.872485897013685,35.439240707810214],[-5.853008269141062,35.42974610303284]]}},{"type":"Feature","properties":{"id":"onee_hv_424","name":"ONEE 225 kV line","layer":"grid_hv_real","sector":"energy","subsector":"transmission","voltage":"225 kV","grid_class":"regional","status":"operational","operator":"ONEE","source":"ONEE shapefile via OSM-derived conversion","coord_confidence":"approximate","coord_method":"osm_derived"},"geometry":{"type":"LineString","coordinates":[[-5.864956639394045,35.45486819583232],[-5.833628442418226,35.45066951614648]]}},{"type":"Feature","properties":{"id":"onee_hv_425","name":"ONEE 225 kV line","layer":"grid_hv_real","sector":"energy","subsector":"transmission","voltage":"225 kV","grid_class":"regional","status":"operational","operator":"ONEE","source":"ONEE shapefile via OSM-derived conversion","coord_confidence":"approximate","coord_method":"osm_derived"},"geometry":{"type":"LineString","coordinates":[[-5.367926407300923,35.15105996570214],[-5.344228403417906,35.16667972995066]]}},{"type":"Feature","properties":{"id":"onee_hv_426","name":"ONEE 225 kV line","layer":"grid_hv_real","sector":"energy","subsector":"transmission","voltage":"225 kV","grid_class":"regional","status":"operational","operator":"ONEE","source":"ONEE shapefile via OSM-derived conversion","coord_confidence":"approximate","coord_method":"osm_derived"},"geometry":{"type":"LineString","coordinates":[[-5.331297408669275,35.15886851850417],[-5.304357143494507,35.131064975707396]]}},{"type":"Feature","properties":{"id":"onee_hv_427","name":"ONEE 225 kV line","layer":"grid_hv_real","sector":"energy","subsector":"transmission","voltage":"225 kV","grid_class":"regional","status":"operational","operator":"ONEE","source":"ONEE shapefile via OSM-derived conversion","coord_confidence":"approximate","coord_method":"osm_derived"},"geometry":{"type":"LineString","coordinates":[[-5.323728250577147,35.18141735705848],[-5.286065251159036,35.14232673626169]]}},{"type":"Feature","properties":{"id":"onee_hv_428","name":"ONEE 225 kV line","layer":"grid_hv_real","sector":"energy","subsector":"transmission","voltage":"225 kV","grid_class":"regional","status":"operational","operator":"ONEE","source":"ONEE shapefile via OSM-derived conversion","coord_confidence":"approximate","coord_method":"osm_derived"},"geometry":{"type":"LineString","coordinates":[[-2.333138477806366,34.13584866219803],[-2.433301964616356,34.28942762261956],[-2.376395543592525,34.57479579082941]]}},{"type":"Feature","properties":{"id":"onee_hv_429","name":"ONEE 225 kV line","layer":"grid_hv_real","sector":"energy","subsector":"transmission","voltage":"225 kV","grid_class":"regional","status":"operational","operator":"ONEE","source":"ONEE shapefile via OSM-derived conversion","coord_confidence":"approximate","coord_method":"osm_derived"},"geometry":{"type":"LineString","coordinates":[[-2.288483973873708,33.837521762008066],[-2.310486291575103,34.14483519830454]]}},{"type":"Feature","properties":{"id":"onee_hv_430","name":"ONEE 225 kV line","layer":"grid_hv_real","sector":"energy","subsector":"transmission","voltage":"225 kV","grid_class":"regional","status":"operational","operator":"ONEE","source":"ONEE shapefile via OSM-derived conversion","coord_confidence":"approximate","coord_method":"osm_derived"},"geometry":{"type":"LineString","coordinates":[[-2.40770281343802,34.87523729805681],[-2.361347851879941,34.85066734735064]]}},{"type":"Feature","properties":{"id":"onee_hv_431","name":"ONEE 225 kV line","layer":"grid_hv_real","sector":"energy","subsector":"transmission","voltage":"225 kV","grid_class":"regional","status":"operational","operator":"ONEE","source":"ONEE shapefile via OSM-derived conversion","coord_confidence":"approximate","coord_method":"osm_derived"},"geometry":{"type":"LineString","coordinates":[[-2.52825321996974,34.86760959153226],[-2.44736240345236,34.8779203194972]]}},{"type":"Feature","properties":{"id":"onee_hv_432","name":"ONEE 225 kV line","layer":"grid_hv_real","sector":"energy","subsector":"transmission","voltage":"225 kV","grid_class":"regional","status":"operational","operator":"ONEE","source":"ONEE shapefile via OSM-derived conversion","coord_confidence":"approximate","coord_method":"osm_derived"},"geometry":{"type":"LineString","coordinates":[[-2.593096463388158,34.88902955366413],[-2.547527363887015,34.86976572529373]]}},{"type":"Feature","properties":{"id":"onee_hv_433","name":"ONEE 225 kV line","layer":"grid_hv_real","sector":"energy","subsector":"transmission","voltage":"225 kV","grid_class":"regional","status":"operational","operator":"ONEE","source":"ONEE shapefile via OSM-derived conversion","coord_confidence":"approximate","coord_method":"osm_derived"},"geometry":{"type":"LineString","coordinates":[[-6.641726243229664,34.309613940085846],[-6.556589822864948,34.320861893142656]]}},{"type":"Feature","properties":{"id":"onee_hv_434","name":"ONEE 225 kV line","layer":"grid_hv_real","sector":"energy","subsector":"transmission","voltage":"225 kV","grid_class":"regional","status":"operational","operator":"ONEE","source":"ONEE shapefile via OSM-derived conversion","coord_confidence":"approximate","coord_method":"osm_derived"},"geometry":{"type":"LineString","coordinates":[[-6.64293306228624,34.32175038223286],[-6.550265375787385,34.3313394670128]]}},{"type":"Feature","properties":{"id":"onee_hv_435","name":"ONEE 225 kV line","layer":"grid_hv_real","sector":"energy","subsector":"transmission","voltage":"225 kV","grid_class":"regional","status":"operational","operator":"ONEE","source":"ONEE shapefile via OSM-derived conversion","coord_confidence":"approximate","coord_method":"osm_derived"},"geometry":{"type":"LineString","coordinates":[[-6.648443583262171,34.33127517314073],[-6.54718614828267,34.340025436276214]]}},{"type":"Feature","properties":{"id":"onee_hv_436","name":"ONEE 225 kV line","layer":"grid_hv_real","sector":"energy","subsector":"transmission","voltage":"225 kV","grid_class":"regional","status":"operational","operator":"ONEE","source":"ONEE shapefile via OSM-derived conversion","coord_confidence":"approximate","coord_method":"osm_derived"},"geometry":{"type":"LineString","coordinates":[[-6.6507098721462,34.33991061171427],[-6.546281582521545,34.349596312578555]]}},{"type":"Feature","properties":{"id":"onee_hv_437","name":"ONEE 225 kV line","layer":"grid_hv_real","sector":"energy","subsector":"transmission","voltage":"225 kV","grid_class":"regional","status":"operational","operator":"ONEE","source":"ONEE shapefile via OSM-derived conversion","coord_confidence":"approximate","coord_method":"osm_derived"},"geometry":{"type":"LineString","coordinates":[[-6.536099221847272,34.30542664477318],[-6.68369409698786,34.1910694230088]]}},{"type":"Feature","properties":{"id":"onee_hv_438","name":"ONEE 225 kV line","layer":"grid_hv_real","sector":"energy","subsector":"transmission","voltage":"225 kV","grid_class":"regional","status":"operational","operator":"ONEE","source":"ONEE shapefile via OSM-derived conversion","coord_confidence":"approximate","coord_method":"osm_derived"},"geometry":{"type":"LineString","coordinates":[[-6.727377044310713,34.18973521470887],[-6.552080065964776,34.30528125786546]]}},{"type":"Feature","properties":{"id":"onee_hv_439","name":"ONEE 225 kV line","layer":"grid_hv_real","sector":"energy","subsector":"transmission","voltage":"225 kV","grid_class":"regional","status":"operational","operator":"ONEE","source":"ONEE shapefile via OSM-derived conversion","coord_confidence":"approximate","coord_method":"osm_derived"},"geometry":{"type":"LineString","coordinates":[[-6.684248308015576,34.156305198405896],[-6.68369409698786,34.1910694230088]]}},{"type":"Feature","properties":{"id":"onee_hv_440","name":"ONEE 225 kV line","layer":"grid_hv_real","sector":"energy","subsector":"transmission","voltage":"225 kV","grid_class":"regional","status":"operational","operator":"ONEE","source":"ONEE shapefile via OSM-derived conversion","coord_confidence":"approximate","coord_method":"osm_derived"},"geometry":{"type":"LineString","coordinates":[[-6.685561585080302,34.10070114680083],[-6.683978535983512,34.13807733494373]]}},{"type":"Feature","properties":{"id":"onee_hv_441","name":"ONEE 225 kV line","layer":"grid_hv_real","sector":"energy","subsector":"transmission","voltage":"225 kV","grid_class":"regional","status":"operational","operator":"ONEE","source":"ONEE shapefile via OSM-derived conversion","coord_confidence":"approximate","coord_method":"osm_derived"},"geometry":{"type":"LineString","coordinates":[[-6.665333357831024,34.02532009053505],[-6.663933128069226,34.07574160132243]]}},{"type":"Feature","properties":{"id":"onee_hv_442","name":"ONEE 225 kV line","layer":"grid_hv_real","sector":"energy","subsector":"transmission","voltage":"225 kV","grid_class":"regional","status":"operational","operator":"ONEE","source":"ONEE shapefile via OSM-derived conversion","coord_confidence":"approximate","coord_method":"osm_derived"},"geometry":{"type":"LineString","coordinates":[[-6.623922222548831,33.956250953472725],[-6.666321125525895,33.948010495136735],[-6.665786476092192,33.987113507209095]]}},{"type":"Feature","properties":{"id":"onee_hv_443","name":"ONEE 225 kV line","layer":"grid_hv_real","sector":"energy","subsector":"transmission","voltage":"225 kV","grid_class":"regional","status":"operational","operator":"ONEE","source":"ONEE shapefile via OSM-derived conversion","coord_confidence":"approximate","coord_method":"osm_derived"},"geometry":{"type":"LineString","coordinates":[[-6.573087096414448,33.966278505120215],[-6.604887693895509,33.960781720214456]]}},{"type":"Feature","properties":{"id":"onee_hv_444","name":"ONEE 225 kV line","layer":"grid_hv_real","sector":"energy","subsector":"transmission","voltage":"225 kV","grid_class":"regional","status":"operational","operator":"ONEE","source":"ONEE shapefile via OSM-derived conversion","coord_confidence":"approximate","coord_method":"osm_derived"},"geometry":{"type":"LineString","coordinates":[[-6.728499406724101,34.127201539592825],[-6.727377044310713,34.18973521470887]]}},{"type":"Feature","properties":{"id":"onee_hv_445","name":"ONEE 225 kV line","layer":"grid_hv_real","sector":"energy","subsector":"transmission","voltage":"225 kV","grid_class":"regional","status":"operational","operator":"ONEE","source":"ONEE shapefile via OSM-derived conversion","coord_confidence":"approximate","coord_method":"osm_derived"},"geometry":{"type":"LineString","coordinates":[[-6.707296465675485,34.05965821445574],[-6.707013395492673,34.11178037161221]]}},{"type":"Feature","properties":{"id":"onee_hv_446","name":"ONEE 225 kV line","layer":"grid_hv_real","sector":"energy","subsector":"transmission","voltage":"225 kV","grid_class":"regional","status":"operational","operator":"ONEE","source":"ONEE shapefile via OSM-derived conversion","coord_confidence":"approximate","coord_method":"osm_derived"},"geometry":{"type":"LineString","coordinates":[[-6.709282276926804,33.98146494021921],[-6.707847387244346,34.02403661474461]]}},{"type":"Feature","properties":{"id":"onee_hv_447","name":"ONEE 225 kV line","layer":"grid_hv_real","sector":"energy","subsector":"transmission","voltage":"225 kV","grid_class":"regional","status":"operational","operator":"ONEE","source":"ONEE shapefile via OSM-derived conversion","coord_confidence":"approximate","coord_method":"osm_derived"},"geometry":{"type":"LineString","coordinates":[[-6.709609471806175,33.92843470768007],[-6.709936662952262,33.95016262359713]]}},{"type":"Feature","properties":{"id":"onee_hv_448","name":"ONEE 225 kV line","layer":"grid_hv_real","sector":"energy","subsector":"transmission","voltage":"225 kV","grid_class":"regional","status":"operational","operator":"ONEE","source":"ONEE shapefile via OSM-derived conversion","coord_confidence":"approximate","coord_method":"osm_derived"},"geometry":{"type":"LineString","coordinates":[[-6.656789602015661,34.391107228489886],[-6.709712953309425,34.2906865753369],[-6.607390178637703,34.291710783153114],[-6.656789602015661,34.391107228489886]]}},{"type":"Feature","properties":{"id":"onee_hv_449","name":"ONEE 225 kV line","layer":"grid_hv_real","sector":"energy","subsector":"transmission","voltage":"225 kV","grid_class":"regional","status":"operational","operator":"ONEE","source":"ONEE shapefile via OSM-derived conversion","coord_confidence":"approximate","coord_method":"osm_derived"},"geometry":{"type":"LineString","coordinates":[[-6.609490582469022,34.29169059633425],[-6.607414272519401,34.293439191060116]]}},{"type":"Feature","properties":{"id":"onee_hv_450","name":"ONEE 225 kV line","layer":"grid_hv_real","sector":"energy","subsector":"transmission","voltage":"225 kV","grid_class":"regional","status":"operational","operator":"ONEE","source":"ONEE shapefile via OSM-derived conversion","coord_confidence":"approximate","coord_method":"osm_derived"},"geometry":{"type":"LineString","coordinates":[[-6.627628943549079,34.29151480976187],[-6.612865770762119,34.30470969791279]]}},{"type":"Feature","properties":{"id":"onee_hv_451","name":"ONEE 225 kV line","layer":"grid_hv_real","sector":"energy","subsector":"transmission","voltage":"225 kV","grid_class":"regional","status":"operational","operator":"ONEE","source":"ONEE shapefile via OSM-derived conversion","coord_confidence":"approximate","coord_method":"osm_derived"},"geometry":{"type":"LineString","coordinates":[[-6.646817105946459,34.29132600019751],[-6.618305540021192,34.315045421874736]]}},{"type":"Feature","properties":{"id":"onee_hv_452","name":"ONEE 225 kV line","layer":"grid_hv_real","sector":"energy","subsector":"transmission","voltage":"225 kV","grid_class":"regional","status":"operational","operator":"ONEE","source":"ONEE shapefile via OSM-derived conversion","coord_confidence":"approximate","coord_method":"osm_derived"},"geometry":{"type":"LineString","coordinates":[[-6.665946036339934,34.29113485794034],[-6.623819530346355,34.326308144031756]]}},{"type":"Feature","properties":{"id":"onee_hv_453","name":"ONEE 225 kV line","layer":"grid_hv_real","sector":"energy","subsector":"transmission","voltage":"225 kV","grid_class":"regional","status":"operational","operator":"ONEE","source":"ONEE shapefile via OSM-derived conversion","coord_confidence":"approximate","coord_method":"osm_derived"},"geometry":{"type":"LineString","coordinates":[[-6.684104090895771,34.29095072379671],[-6.629312553325133,34.337537699521455]]}},{"type":"Feature","properties":{"id":"onee_hv_454","name":"ONEE 225 kV line","layer":"grid_hv_real","sector":"energy","subsector":"transmission","voltage":"225 kV","grid_class":"regional","status":"operational","operator":"ONEE","source":"ONEE shapefile via OSM-derived conversion","coord_confidence":"approximate","coord_method":"osm_derived"},"geometry":{"type":"LineString","coordinates":[[-6.703330181659676,34.290752900036914],[-6.634816832330651,34.347918273251636]]}},{"type":"Feature","properties":{"id":"onee_hv_455","name":"ONEE 225 kV line","layer":"grid_hv_real","sector":"energy","subsector":"transmission","voltage":"225 kV","grid_class":"regional","status":"operational","operator":"ONEE","source":"ONEE shapefile via OSM-derived conversion","coord_confidence":"approximate","coord_method":"osm_derived"},"geometry":{"type":"LineString","coordinates":[[-6.699354021704773,34.30990516217716],[-6.640334178517215,34.35914040282489]]}},{"type":"Feature","properties":{"id":"onee_hv_456","name":"ONEE 225 kV line","layer":"grid_hv_real","sector":"energy","subsector":"transmission","voltage":"225 kV","grid_class":"regional","status":"operational","operator":"ONEE","source":"ONEE shapefile via OSM-derived conversion","coord_confidence":"approximate","coord_method":"osm_derived"},"geometry":{"type":"LineString","coordinates":[[-6.684786909306925,34.33698339523196],[-6.645818959831773,34.36948090573679]]}},{"type":"Feature","properties":{"id":"onee_hv_457","name":"ONEE 225 kV line","layer":"grid_hv_real","sector":"energy","subsector":"transmission","voltage":"225 kV","grid_class":"regional","status":"operational","operator":"ONEE","source":"ONEE shapefile via OSM-derived conversion","coord_confidence":"approximate","coord_method":"osm_derived"},"geometry":{"type":"LineString","coordinates":[[-6.67029865467428,34.36493209436131],[-6.651300222889758,34.38075079125902]]}},{"type":"Feature","properties":{"id":"onee_hv_458","name":"ONEE 225 kV line","layer":"grid_hv_real","sector":"energy","subsector":"transmission","voltage":"225 kV","grid_class":"regional","status":"operational","operator":"ONEE","source":"ONEE shapefile via OSM-derived conversion","coord_confidence":"approximate","coord_method":"osm_derived"},"geometry":{"type":"LineString","coordinates":[[-2.606798816512543,34.89629477648621],[-2.956201952272262,35.11278844174562]]}},{"type":"Feature","properties":{"id":"onee_hv_459","name":"ONEE 225 kV line","layer":"grid_hv_real","sector":"energy","subsector":"transmission","voltage":"225 kV","grid_class":"regional","status":"operational","operator":"ONEE","source":"ONEE shapefile via OSM-derived conversion","coord_confidence":"approximate","coord_method":"osm_derived"},"geometry":{"type":"LineString","coordinates":[[-1.892996223552369,34.776031503462534],[-1.923538109751366,34.815952208433124],[-2.020254139677703,34.89587524162524],[-2.350730608664518,34.84782798238122]]}},{"type":"Feature","properties":{"id":"onee_hv_460","name":"ONEE 225 kV line","layer":"grid_hv_real","sector":"energy","subsector":"transmission","voltage":"225 kV","grid_class":"regional","status":"operational","operator":"ONEE","source":"ONEE shapefile via OSM-derived conversion","coord_confidence":"approximate","coord_method":"osm_derived"},"geometry":{"type":"LineString","coordinates":[[-7.293676220533124,33.490030422881574],[-7.292128129163822,33.51523191959672]]}},{"type":"Feature","properties":{"id":"onee_hv_461","name":"ONEE 225 kV line","layer":"grid_hv_real","sector":"energy","subsector":"transmission","voltage":"225 kV","grid_class":"regional","status":"operational","operator":"ONEE","source":"ONEE shapefile via OSM-derived conversion","coord_confidence":"approximate","coord_method":"osm_derived"},"geometry":{"type":"LineString","coordinates":[[-3.399046336683134,35.05369121968111],[-3.305439524338944,35.054788426067034]]}},{"type":"Feature","properties":{"id":"onee_hv_462","name":"ONEE 225 kV line","layer":"grid_hv_real","sector":"energy","subsector":"transmission","voltage":"225 kV","grid_class":"regional","status":"operational","operator":"ONEE","source":"ONEE shapefile via OSM-derived conversion","coord_confidence":"approximate","coord_method":"osm_derived"},"geometry":{"type":"LineString","coordinates":[[-3.539128355449186,35.04541496189466],[-3.445494569044435,35.046598381017745]]}},{"type":"Feature","properties":{"id":"onee_hv_463","name":"ONEE 225 kV line","layer":"grid_hv_real","sector":"energy","subsector":"transmission","voltage":"225 kV","grid_class":"regional","status":"operational","operator":"ONEE","source":"ONEE shapefile via OSM-derived conversion","coord_confidence":"approximate","coord_method":"osm_derived"},"geometry":{"type":"LineString","coordinates":[[-3.683480225098324,35.036146011505224],[-3.589858392848963,35.037444220617964]]}},{"type":"Feature","properties":{"id":"onee_hv_464","name":"ONEE 225 kV line","layer":"grid_hv_real","sector":"energy","subsector":"transmission","voltage":"225 kV","grid_class":"regional","status":"operational","operator":"ONEE","source":"ONEE shapefile via OSM-derived conversion","coord_confidence":"approximate","coord_method":"osm_derived"},"geometry":{"type":"LineString","coordinates":[[-3.869240421319653,35.0576332668494],[-3.823487339044944,35.02755551222593],[-3.729806188176267,35.03156381935252]]}},{"type":"Feature","properties":{"id":"onee_hv_465","name":"ONEE 225 kV line","layer":"grid_hv_real","sector":"energy","subsector":"transmission","voltage":"225 kV","grid_class":"regional","status":"operational","operator":"ONEE","source":"ONEE shapefile via OSM-derived conversion","coord_confidence":"approximate","coord_method":"osm_derived"},"geometry":{"type":"LineString","coordinates":[[-3.137988054216724,35.078851318090734],[-3.257913692338026,35.06181865167391]]}},{"type":"Feature","properties":{"id":"onee_hv_466","name":"ONEE 225 kV line","layer":"grid_hv_real","sector":"energy","subsector":"transmission","voltage":"225 kV","grid_class":"regional","status":"operational","operator":"ONEE","source":"ONEE shapefile via OSM-derived conversion","coord_confidence":"approximate","coord_method":"osm_derived"},"geometry":{"type":"LineString","coordinates":[[-2.994397377468082,35.133526035497205],[-3.09466729594926,35.08847212687079]]}},{"type":"Feature","properties":{"id":"onee_hv_467","name":"ONEE 225 kV line","layer":"grid_hv_real","sector":"energy","subsector":"transmission","voltage":"225 kV","grid_class":"regional","status":"operational","operator":"ONEE","source":"ONEE shapefile via OSM-derived conversion","coord_confidence":"approximate","coord_method":"osm_derived"},"geometry":{"type":"LineString","coordinates":[[-2.35321175713639,34.139811369882764],[-2.454495205663465,34.29426477665062],[-2.426358185122331,34.46043823850615],[-2.375193509551814,34.577359638689636]]}},{"type":"Feature","properties":{"id":"onee_hv_468","name":"ONEE 225 kV line","layer":"grid_hv_real","sector":"energy","subsector":"transmission","voltage":"225 kV","grid_class":"regional","status":"operational","operator":"ONEE","source":"ONEE shapefile via OSM-derived conversion","coord_confidence":"approximate","coord_method":"osm_derived"},"geometry":{"type":"LineString","coordinates":[[-2.30948128083527,33.84239882384616],[-2.330522184698351,34.14881877779548]]}},{"type":"Feature","properties":{"id":"onee_hv_469","name":"ONEE 225 kV line","layer":"grid_hv_real","sector":"energy","subsector":"transmission","voltage":"225 kV","grid_class":"regional","status":"operational","operator":"ONEE","source":"ONEE shapefile via OSM-derived conversion","coord_confidence":"approximate","coord_method":"osm_derived"},"geometry":{"type":"LineString","coordinates":[[-1.897074818398126,34.70226895047651],[-2.021725919438266,34.41981201843032],[-2.027177795236223,34.28006572024577],[-2.075374543550803,34.05366414390531],[-2.199304120544933,33.86656278963417],[-2.287659347212466,33.82968574348533]]}},{"type":"Feature","properties":{"id":"onee_hv_470","name":"ONEE 225 kV line","layer":"grid_hv_real","sector":"energy","subsector":"transmission","voltage":"225 kV","grid_class":"regional","status":"operational","operator":"ONEE","source":"ONEE shapefile via OSM-derived conversion","coord_confidence":"approximate","coord_method":"osm_derived"},"geometry":{"type":"LineString","coordinates":[[-2.094356579291652,34.337478601005124],[-2.104541593592492,34.2664741219038],[-2.124479905604035,34.18963808739668]]}},{"type":"Feature","properties":{"id":"onee_hv_471","name":"ONEE 225 kV line","layer":"grid_hv_real","sector":"energy","subsector":"transmission","voltage":"225 kV","grid_class":"regional","status":"operational","operator":"ONEE","source":"ONEE shapefile via OSM-derived conversion","coord_confidence":"approximate","coord_method":"osm_derived"},"geometry":{"type":"LineString","coordinates":[[-1.877397249769943,34.71218417234527],[-2.016501497107375,34.609121614633864],[-2.074804893993563,34.4838046965884],[-2.0869522143762,34.41895075143261],[-2.094290901412067,34.33919795129946]]}},{"type":"Feature","properties":{"id":"onee_hv_472","name":"ONEE 225 kV line","layer":"grid_hv_real","sector":"energy","subsector":"transmission","voltage":"225 kV","grid_class":"regional","status":"operational","operator":"ONEE","source":"ONEE shapefile via OSM-derived conversion","coord_confidence":"approximate","coord_method":"osm_derived"},"geometry":{"type":"LineString","coordinates":[[-8.380654429145732,32.822062188800615],[-8.447996046698941,33.101185163621516],[-8.509230674960195,33.14222078917864]]}},{"type":"Feature","properties":{"id":"onee_hv_473","name":"ONEE 225 kV line","layer":"grid_hv_real","sector":"energy","subsector":"transmission","voltage":"225 kV","grid_class":"regional","status":"operational","operator":"ONEE","source":"ONEE shapefile via OSM-derived conversion","coord_confidence":"approximate","coord_method":"osm_derived"},"geometry":{"type":"LineString","coordinates":[[-2.739129003146909,34.26499065620793],[-2.387516591654142,34.562894379197544]]}},{"type":"Feature","properties":{"id":"onee_hv_474","name":"ONEE 225 kV line","layer":"grid_hv_real","sector":"energy","subsector":"transmission","voltage":"225 kV","grid_class":"regional","status":"operational","operator":"ONEE","source":"ONEE shapefile via OSM-derived conversion","coord_confidence":"approximate","coord_method":"osm_derived"},"geometry":{"type":"LineString","coordinates":[[-5.510261534080409,33.86465913538389],[-5.464362586714388,33.811957580576475],[-5.3429420208009,33.76415518250036],[-3.671386756978842,34.033690021864224],[-2.716417920265687,34.27493864668359]]}},{"type":"Feature","properties":{"id":"onee_hv_475","name":"ONEE 225 kV line","layer":"grid_hv_real","sector":"energy","subsector":"transmission","voltage":"225 kV","grid_class":"regional","status":"operational","operator":"ONEE","source":"ONEE shapefile via OSM-derived conversion","coord_confidence":"approximate","coord_method":"osm_derived"},"geometry":{"type":"LineString","coordinates":[[-7.134722902492252,33.78687299386505],[-7.166290770218202,33.7751444230079]]}},{"type":"Feature","properties":{"id":"onee_hv_476","name":"ONEE 225 kV line","layer":"grid_hv_real","sector":"energy","subsector":"transmission","voltage":"225 kV","grid_class":"regional","status":"operational","operator":"ONEE","source":"ONEE shapefile via OSM-derived conversion","coord_confidence":"approximate","coord_method":"osm_derived"},"geometry":{"type":"LineString","coordinates":[[-7.184221219531438,33.77055115658442],[-7.216887668098215,33.75878559864236]]}},{"type":"Feature","properties":{"id":"onee_hv_477","name":"ONEE 225 kV line","layer":"grid_hv_real","sector":"energy","subsector":"transmission","voltage":"225 kV","grid_class":"regional","status":"operational","operator":"ONEE","source":"ONEE shapefile via OSM-derived conversion","coord_confidence":"approximate","coord_method":"osm_derived"},"geometry":{"type":"LineString","coordinates":[[-7.08314122576058,33.80495685606477],[-7.115793652976092,33.79409205529157]]}},{"type":"Feature","properties":{"id":"onee_hv_478","name":"ONEE 225 kV line","layer":"grid_hv_real","sector":"energy","subsector":"transmission","voltage":"225 kV","grid_class":"regional","status":"operational","operator":"ONEE","source":"ONEE shapefile via OSM-derived conversion","coord_confidence":"approximate","coord_method":"osm_derived"},"geometry":{"type":"LineString","coordinates":[[-7.037860052222441,33.82206469194498],[-7.070534414799813,33.811209991276584]]}},{"type":"Feature","properties":{"id":"onee_hv_479","name":"ONEE 225 kV line","layer":"grid_hv_real","sector":"energy","subsector":"transmission","voltage":"225 kV","grid_class":"regional","status":"operational","operator":"ONEE","source":"ONEE shapefile via OSM-derived conversion","coord_confidence":"approximate","coord_method":"osm_derived"},"geometry":{"type":"LineString","coordinates":[[-6.99150068881957,33.84093000041645],[-7.024199703805333,33.82921535734742]]}},{"type":"Feature","properties":{"id":"onee_hv_480","name":"ONEE 225 kV line","layer":"grid_hv_real","sector":"energy","subsector":"transmission","voltage":"225 kV","grid_class":"regional","status":"operational","operator":"ONEE","source":"ONEE shapefile via OSM-derived conversion","coord_confidence":"approximate","coord_method":"osm_derived"},"geometry":{"type":"LineString","coordinates":[[-6.84241168553897,33.95373964867325],[-6.935647325067761,33.862464190933345],[-6.977809618862806,33.84629884830019]]}},{"type":"Feature","properties":{"id":"onee_hv_481","name":"ONEE 225 kV line","layer":"grid_hv_real","sector":"energy","subsector":"transmission","voltage":"225 kV","grid_class":"regional","status":"operational","operator":"ONEE","source":"ONEE shapefile via OSM-derived conversion","coord_confidence":"approximate","coord_method":"osm_derived"},"geometry":{"type":"LineString","coordinates":[[-7.373093372405389,33.72861336249325],[-7.293727309569967,33.7341889911039],[-7.228417566971486,33.7551276583363]]}},{"type":"Feature","properties":{"id":"onee_hv_482","name":"ONEE 225 kV line","layer":"grid_hv_real","sector":"energy","subsector":"transmission","voltage":"225 kV","grid_class":"regional","status":"operational","operator":"ONEE","source":"ONEE shapefile via OSM-derived conversion","coord_confidence":"approximate","coord_method":"osm_derived"},"geometry":{"type":"LineString","coordinates":[[-7.288921009050608,33.60915506638731],[-7.284025002387859,33.581417350728046]]}},{"type":"Feature","properties":{"id":"onee_hv_483","name":"ONEE 225 kV line","layer":"grid_hv_real","sector":"energy","subsector":"transmission","voltage":"225 kV","grid_class":"regional","status":"operational","operator":"ONEE","source":"ONEE shapefile via OSM-derived conversion","coord_confidence":"approximate","coord_method":"osm_derived"},"geometry":{"type":"LineString","coordinates":[[-7.313874530789223,33.63916280676422],[-7.293261445992749,33.615149012915985]]}},{"type":"Feature","properties":{"id":"onee_hv_484","name":"ONEE 225 kV line","layer":"grid_hv_real","sector":"energy","subsector":"transmission","voltage":"225 kV","grid_class":"regional","status":"operational","operator":"ONEE","source":"ONEE shapefile via OSM-derived conversion","coord_confidence":"approximate","coord_method":"osm_derived"},"geometry":{"type":"LineString","coordinates":[[-7.369050613462866,33.692188342955994],[-7.323625494681518,33.64857075219849]]}},{"type":"Feature","properties":{"id":"onee_hv_485","name":"ONEE 225 kV line","layer":"grid_hv_real","sector":"energy","subsector":"transmission","voltage":"225 kV","grid_class":"regional","status":"operational","operator":"ONEE","source":"ONEE shapefile via OSM-derived conversion","coord_confidence":"approximate","coord_method":"osm_derived"},"geometry":{"type":"LineString","coordinates":[[-7.289303911323588,33.53006211105154],[-7.286694817723619,33.55527935822468]]}},{"type":"Feature","properties":{"id":"onee_hv_486","name":"ONEE 225 kV line","layer":"grid_hv_real","sector":"energy","subsector":"transmission","voltage":"225 kV","grid_class":"regional","status":"operational","operator":"ONEE","source":"ONEE shapefile via OSM-derived conversion","coord_confidence":"approximate","coord_method":"osm_derived"},"geometry":{"type":"LineString","coordinates":[[-7.329594106536874,33.58419543889737],[-7.328742300065367,33.59289460796748]]}},{"type":"Feature","properties":{"id":"onee_hv_487","name":"ONEE 225 kV line","layer":"grid_hv_real","sector":"energy","subsector":"transmission","voltage":"225 kV","grid_class":"regional","status":"operational","operator":"ONEE","source":"ONEE shapefile via OSM-derived conversion","coord_confidence":"approximate","coord_method":"osm_derived"},"geometry":{"type":"LineString","coordinates":[[-7.331120149937707,33.55807235256648],[-7.330482377986451,33.57545430803457]]}},{"type":"Feature","properties":{"id":"onee_hv_488","name":"ONEE 225 kV line","layer":"grid_hv_real","sector":"energy","subsector":"transmission","voltage":"225 kV","grid_class":"regional","status":"operational","operator":"ONEE","source":"ONEE shapefile via OSM-derived conversion","coord_confidence":"approximate","coord_method":"osm_derived"},"geometry":{"type":"LineString","coordinates":[[-7.333699838632895,33.53111855365492],[-7.333041044789133,33.54850097125914]]}},{"type":"Feature","properties":{"id":"onee_hv_489","name":"ONEE 225 kV line","layer":"grid_hv_real","sector":"energy","subsector":"transmission","voltage":"225 kV","grid_class":"regional","status":"operational","operator":"ONEE","source":"ONEE shapefile via OSM-derived conversion","coord_confidence":"approximate","coord_method":"osm_derived"},"geometry":{"type":"LineString","coordinates":[[-7.335679925604216,33.47546253570424],[-7.333392453099233,33.517224523523]]}},{"type":"Feature","properties":{"id":"onee_hv_490","name":"ONEE 225 kV line","layer":"grid_hv_real","sector":"energy","subsector":"transmission","voltage":"225 kV","grid_class":"regional","status":"operational","operator":"ONEE","source":"ONEE shapefile via OSM-derived conversion","coord_confidence":"approximate","coord_method":"osm_derived"},"geometry":{"type":"LineString","coordinates":[[-7.352867312320443,33.631610109569515],[-7.340661519439955,33.60571795338899]]}},{"type":"Feature","properties":{"id":"onee_hv_491","name":"ONEE 225 kV line","layer":"grid_hv_real","sector":"energy","subsector":"transmission","voltage":"225 kV","grid_class":"regional","status":"operational","operator":"ONEE","source":"ONEE shapefile via OSM-derived conversion","coord_confidence":"approximate","coord_method":"osm_derived"},"geometry":{"type":"LineString","coordinates":[[-7.358509578942255,33.64802804378492],[-7.355156627297448,33.638522658684074]]}},{"type":"Feature","properties":{"id":"onee_hv_492","name":"ONEE 225 kV line","layer":"grid_hv_real","sector":"energy","subsector":"transmission","voltage":"225 kV","grid_class":"regional","status":"operational","operator":"ONEE","source":"ONEE shapefile via OSM-derived conversion","coord_confidence":"approximate","coord_method":"osm_derived"},"geometry":{"type":"LineString","coordinates":[[-7.364173602051879,33.664438722577465],[-7.360799777782634,33.65406012122824]]}},{"type":"Feature","properties":{"id":"onee_hv_493","name":"ONEE 225 kV line","layer":"grid_hv_real","sector":"energy","subsector":"transmission","voltage":"225 kV","grid_class":"regional","status":"operational","operator":"ONEE","source":"ONEE shapefile via OSM-derived conversion","coord_confidence":"approximate","coord_method":"osm_derived"},"geometry":{"type":"LineString","coordinates":[[-7.377759694323405,33.70244253174882],[-7.367556230242664,33.673943362128405]]}},{"type":"Feature","properties":{"id":"onee_hv_494","name":"ONEE 225 kV line","layer":"grid_hv_real","sector":"energy","subsector":"transmission","voltage":"225 kV","grid_class":"regional","status":"operational","operator":"ONEE","source":"ONEE shapefile via OSM-derived conversion","coord_confidence":"approximate","coord_method":"osm_derived"},"geometry":{"type":"LineString","coordinates":[[-7.537783969308594,33.574706129559395],[-7.546304421031036,33.61974548069244]]}},{"type":"Feature","properties":{"id":"onee_hv_495","name":"ONEE 225 kV line","layer":"grid_hv_real","sector":"energy","subsector":"transmission","voltage":"225 kV","grid_class":"regional","status":"operational","operator":"ONEE","source":"ONEE shapefile via OSM-derived conversion","coord_confidence":"approximate","coord_method":"osm_derived"},"geometry":{"type":"LineString","coordinates":[[-7.527838638413909,33.55836078993618],[-7.521776065388587,33.481997310300464],[-7.530650469065789,33.41405096062823],[-7.624140613033856,33.394167382007964]]}},{"type":"Feature","properties":{"id":"onee_hv_496","name":"ONEE 225 kV line","layer":"grid_hv_real","sector":"energy","subsector":"transmission","voltage":"225 kV","grid_class":"regional","status":"operational","operator":"ONEE","source":"ONEE shapefile via OSM-derived conversion","coord_confidence":"approximate","coord_method":"osm_derived"},"geometry":{"type":"LineString","coordinates":[[-7.624140613033856,33.394167382007964],[-7.82307199375422,33.33486038249256],[-8.511629227140606,33.17435433847533]]}},{"type":"Feature","properties":{"id":"onee_hv_497","name":"ONEE 225 kV line","layer":"grid_hv_real","sector":"energy","subsector":"transmission","voltage":"225 kV","grid_class":"regional","status":"operational","operator":"ONEE","source":"ONEE shapefile via OSM-derived conversion","coord_confidence":"approximate","coord_method":"osm_derived"},"geometry":{"type":"LineString","coordinates":[[-8.25363948179492,33.33873404447214],[-8.231837548087805,33.34966538864932]]}},{"type":"Feature","properties":{"id":"onee_hv_498","name":"ONEE 225 kV line","layer":"grid_hv_real","sector":"energy","subsector":"transmission","voltage":"225 kV","grid_class":"regional","status":"operational","operator":"ONEE","source":"ONEE shapefile via OSM-derived conversion","coord_confidence":"approximate","coord_method":"osm_derived"},"geometry":{"type":"LineString","coordinates":[[-8.282712262481265,33.324169215266004],[-8.26092551816078,33.33510715756494]]}},{"type":"Feature","properties":{"id":"onee_hv_499","name":"ONEE 225 kV line","layer":"grid_hv_real","sector":"energy","subsector":"transmission","voltage":"225 kV","grid_class":"regional","status":"operational","operator":"ONEE","source":"ONEE shapefile via OSM-derived conversion","coord_confidence":"approximate","coord_method":"osm_derived"},"geometry":{"type":"LineString","coordinates":[[-8.312783360548561,33.307837573654815],[-8.290996278296559,33.31876445366013]]}},{"type":"Feature","properties":{"id":"onee_hv_500","name":"ONEE 225 kV line","layer":"grid_hv_real","sector":"energy","subsector":"transmission","voltage":"225 kV","grid_class":"regional","status":"operational","operator":"ONEE","source":"ONEE shapefile via OSM-derived conversion","coord_confidence":"approximate","coord_method":"osm_derived"},"geometry":{"type":"LineString","coordinates":[[-8.343911265159525,33.29231253054159],[-8.322150202985416,33.30326101751884]]}},{"type":"Feature","properties":{"id":"onee_hv_501","name":"ONEE 225 kV line","layer":"grid_hv_real","sector":"energy","subsector":"transmission","voltage":"225 kV","grid_class":"regional","status":"operational","operator":"ONEE","source":"ONEE shapefile via OSM-derived conversion","coord_confidence":"approximate","coord_method":"osm_derived"},"geometry":{"type":"LineString","coordinates":[[-8.636834042955742,33.198965195619664],[-8.397861178757157,33.26667794811586],[-8.3553137549377,33.286829351923146]]}},{"type":"Feature","properties":{"id":"onee_hv_502","name":"ONEE 225 kV line","layer":"grid_hv_real","sector":"energy","subsector":"transmission","voltage":"225 kV","grid_class":"regional","status":"operational","operator":"ONEE","source":"ONEE shapefile via OSM-derived conversion","coord_confidence":"approximate","coord_method":"osm_derived"},"geometry":{"type":"LineString","coordinates":[[-8.160741505246868,33.369539246510776],[-8.190068589358145,33.362790301348184]]}},{"type":"Feature","properties":{"id":"onee_hv_503","name":"ONEE 225 kV line","layer":"grid_hv_real","sector":"energy","subsector":"transmission","voltage":"225 kV","grid_class":"regional","status":"operational","operator":"ONEE","source":"ONEE shapefile via OSM-derived conversion","coord_confidence":"approximate","coord_method":"osm_derived"},"geometry":{"type":"LineString","coordinates":[[-8.114594111203084,33.3800987912447],[-8.14397563447735,33.37424189431077]]}},{"type":"Feature","properties":{"id":"onee_hv_504","name":"ONEE 225 kV line","layer":"grid_hv_real","sector":"energy","subsector":"transmission","voltage":"225 kV","grid_class":"regional","status":"operational","operator":"ONEE","source":"ONEE shapefile via OSM-derived conversion","coord_confidence":"approximate","coord_method":"osm_derived"},"geometry":{"type":"LineString","coordinates":[[-8.066403925670233,33.39156693994173],[-8.096838952703267,33.385682201094774]]}},{"type":"Feature","properties":{"id":"onee_hv_505","name":"ONEE 225 kV line","layer":"grid_hv_real","sector":"energy","subsector":"transmission","voltage":"225 kV","grid_class":"regional","status":"operational","operator":"ONEE","source":"ONEE shapefile via OSM-derived conversion","coord_confidence":"approximate","coord_method":"osm_derived"},"geometry":{"type":"LineString","coordinates":[[-7.734576003589563,33.49730911189786],[-7.777908437314221,33.45824270927933],[-8.048465251129013,33.39282244754956]]}},{"type":"Feature","properties":{"id":"onee_hv_506","name":"ONEE 225 kV line","layer":"grid_hv_real","sector":"energy","subsector":"transmission","voltage":"225 kV","grid_class":"regional","status":"operational","operator":"ONEE","source":"ONEE shapefile via OSM-derived conversion","coord_confidence":"approximate","coord_method":"osm_derived"},"geometry":{"type":"LineString","coordinates":[[-7.596930985793422,33.48766782725748],[-7.611558533563766,33.47956293868664]]}},{"type":"Feature","properties":{"id":"onee_hv_507","name":"ONEE 225 kV line","layer":"grid_hv_real","sector":"energy","subsector":"transmission","voltage":"225 kV","grid_class":"regional","status":"operational","operator":"ONEE","source":"ONEE shapefile via OSM-derived conversion","coord_confidence":"approximate","coord_method":"osm_derived"},"geometry":{"type":"LineString","coordinates":[[-7.57706159426461,33.497560606954224],[-7.591663440025473,33.48947513264299]]}},{"type":"Feature","properties":{"id":"onee_hv_508","name":"ONEE 225 kV line","layer":"grid_hv_real","sector":"energy","subsector":"transmission","voltage":"225 kV","grid_class":"regional","status":"operational","operator":"ONEE","source":"ONEE shapefile via OSM-derived conversion","coord_confidence":"approximate","coord_method":"osm_derived"},"geometry":{"type":"LineString","coordinates":[[-7.555143333092417,33.50834116250466],[-7.570839687140015,33.500270714641985]]}},{"type":"Feature","properties":{"id":"onee_hv_509","name":"ONEE 225 kV line","layer":"grid_hv_real","sector":"energy","subsector":"transmission","voltage":"225 kV","grid_class":"regional","status":"operational","operator":"ONEE","source":"ONEE shapefile via OSM-derived conversion","coord_confidence":"approximate","coord_method":"osm_derived"},"geometry":{"type":"LineString","coordinates":[[-7.565874813457492,33.5568400963317],[-7.54699359433485,33.51981952874222],[-7.552082723779022,33.51016315693129]]}},{"type":"Feature","properties":{"id":"onee_hv_510","name":"ONEE 225 kV line","layer":"grid_hv_real","sector":"energy","subsector":"transmission","voltage":"225 kV","grid_class":"regional","status":"operational","operator":"ONEE","source":"ONEE shapefile via OSM-derived conversion","coord_confidence":"approximate","coord_method":"osm_derived"},"geometry":{"type":"LineString","coordinates":[[-7.571211410588307,33.473324048931985],[-7.598750900580972,33.47717995420833]]}},{"type":"Feature","properties":{"id":"onee_hv_511","name":"ONEE 225 kV line","layer":"grid_hv_real","sector":"energy","subsector":"transmission","voltage":"225 kV","grid_class":"regional","status":"operational","operator":"ONEE","source":"ONEE shapefile via OSM-derived conversion","coord_confidence":"approximate","coord_method":"osm_derived"},"geometry":{"type":"LineString","coordinates":[[-7.535172539923285,33.467878773331385],[-7.561656272143479,33.471744381011]]}},{"type":"Feature","properties":{"id":"onee_hv_512","name":"ONEE 225 kV line","layer":"grid_hv_real","sector":"energy","subsector":"transmission","voltage":"225 kV","grid_class":"regional","status":"operational","operator":"ONEE","source":"ONEE shapefile via OSM-derived conversion","coord_confidence":"approximate","coord_method":"osm_derived"},"geometry":{"type":"LineString","coordinates":[[-7.192361867742543,33.185644905349484],[-7.005751208412395,32.944051810066966]]}},{"type":"Feature","properties":{"id":"onee_hv_513","name":"ONEE 225 kV line","layer":"grid_hv_real","sector":"energy","subsector":"transmission","voltage":"225 kV","grid_class":"regional","status":"operational","operator":"ONEE","source":"ONEE shapefile via OSM-derived conversion","coord_confidence":"approximate","coord_method":"osm_derived"},"geometry":{"type":"LineString","coordinates":[[-7.331395710426848,33.42686181919325],[-7.196687699425685,33.19081838104784]]}},{"type":"Feature","properties":{"id":"onee_hv_514","name":"ONEE 225 kV line","layer":"grid_hv_real","sector":"energy","subsector":"transmission","voltage":"225 kV","grid_class":"regional","status":"operational","operator":"ONEE","source":"ONEE shapefile via OSM-derived conversion","coord_confidence":"approximate","coord_method":"osm_derived"},"geometry":{"type":"LineString","coordinates":[[-7.849626999683733,33.50673551601974],[-7.751609990166504,33.58127175564922],[-7.606874509144514,33.58739979227615]]}},{"type":"Feature","properties":{"id":"onee_hv_515","name":"ONEE 225 kV line","layer":"grid_hv_real","sector":"energy","subsector":"transmission","voltage":"225 kV","grid_class":"regional","status":"operational","operator":"ONEE","source":"ONEE shapefile via OSM-derived conversion","coord_confidence":"approximate","coord_method":"osm_derived"},"geometry":{"type":"LineString","coordinates":[[-7.522435808766314,33.46548678390978],[-7.353920234439287,33.443042189489454]]}},{"type":"Feature","properties":{"id":"onee_hv_516","name":"ONEE 225 kV line","layer":"grid_hv_real","sector":"energy","subsector":"transmission","voltage":"225 kV","grid_class":"regional","status":"operational","operator":"ONEE","source":"ONEE shapefile via OSM-derived conversion","coord_confidence":"approximate","coord_method":"osm_derived"},"geometry":{"type":"LineString","coordinates":[[-7.684862953816404,33.41566215256363],[-7.581922813963486,33.43575548479938]]}},{"type":"Feature","properties":{"id":"onee_hv_517","name":"ONEE 225 kV line","layer":"grid_hv_real","sector":"energy","subsector":"transmission","voltage":"225 kV","grid_class":"regional","status":"operational","operator":"ONEE","source":"ONEE shapefile via OSM-derived conversion","coord_confidence":"approximate","coord_method":"osm_derived"},"geometry":{"type":"LineString","coordinates":[[-8.629810879161184,33.180047904373374],[-7.759840675487866,33.41602358880874]]}},{"type":"Feature","properties":{"id":"onee_hv_518","name":"ONEE 225 kV line","layer":"grid_hv_real","sector":"energy","subsector":"transmission","voltage":"225 kV","grid_class":"regional","status":"operational","operator":"ONEE","source":"ONEE shapefile via OSM-derived conversion","coord_confidence":"approximate","coord_method":"osm_derived"},"geometry":{"type":"LineString","coordinates":[[-5.771213900177147,35.52288605807547],[-5.82284173315652,35.451551993789096]]}},{"type":"Feature","properties":{"id":"onee_hv_519","name":"ONEE 225 kV line","layer":"grid_hv_real","sector":"energy","subsector":"transmission","voltage":"225 kV","grid_class":"regional","status":"operational","operator":"ONEE","source":"ONEE shapefile via OSM-derived conversion","coord_confidence":"approximate","coord_method":"osm_derived"},"geometry":{"type":"LineString","coordinates":[[-6.438146064713776,34.23243371251507],[-6.556324933716073,33.98468252131781]]}},{"type":"Feature","properties":{"id":"onee_hv_520","name":"ONEE 225 kV line","layer":"grid_hv_real","sector":"energy","subsector":"transmission","voltage":"225 kV","grid_class":"regional","status":"operational","operator":"ONEE","source":"ONEE shapefile via OSM-derived conversion","coord_confidence":"approximate","coord_method":"osm_derived"},"geometry":{"type":"LineString","coordinates":[[-6.51265924772715,34.30821341755675],[-6.460325068185201,34.22183681751963]]}},{"type":"Feature","properties":{"id":"onee_hv_521","name":"ONEE 225 kV line","layer":"grid_hv_real","sector":"energy","subsector":"transmission","voltage":"225 kV","grid_class":"regional","status":"operational","operator":"ONEE","source":"ONEE shapefile via OSM-derived conversion","coord_confidence":"approximate","coord_method":"osm_derived"},"geometry":{"type":"LineString","coordinates":[[-8.639268201102205,33.123274794876146],[-8.601415896949536,32.488843208864814]]}},{"type":"Feature","properties":{"id":"onee_hv_522","name":"ONEE 225 kV line","layer":"grid_hv_real","sector":"energy","subsector":"transmission","voltage":"225 kV","grid_class":"regional","status":"operational","operator":"ONEE","source":"ONEE shapefile via OSM-derived conversion","coord_confidence":"approximate","coord_method":"osm_derived"},"geometry":{"type":"LineString","coordinates":[[-1.893696626363724,34.7073940174816],[-1.950238037427933,34.65769629992885]]}},{"type":"Feature","properties":{"id":"onee_hv_523","name":"ONEE 225 kV line","layer":"grid_hv_real","sector":"energy","subsector":"transmission","voltage":"225 kV","grid_class":"regional","status":"operational","operator":"ONEE","source":"ONEE shapefile via OSM-derived conversion","coord_confidence":"approximate","coord_method":"osm_derived"},"geometry":{"type":"LineString","coordinates":[[-2.147370487353041,34.14767040782469],[-2.241328437373215,34.20135210035079],[-2.305797077020725,34.244651679580436],[-2.362185253098637,34.278162625072426],[-2.354636726827415,34.584700931850136]]}},{"type":"Feature","properties":{"id":"onee_hv_524","name":"ONEE 225 kV line","layer":"grid_hv_real","sector":"energy","subsector":"transmission","voltage":"225 kV","grid_class":"regional","status":"operational","operator":"ONEE","source":"ONEE shapefile via OSM-derived conversion","coord_confidence":"approximate","coord_method":"osm_derived"},"geometry":{"type":"LineString","coordinates":[[-2.387092189738278,34.575051757268206],[-2.388455344840587,34.53599047285448]]}},{"type":"Feature","properties":{"id":"onee_hv_525","name":"ONEE 225 kV line","layer":"grid_hv_real","sector":"energy","subsector":"transmission","voltage":"225 kV","grid_class":"regional","status":"operational","operator":"ONEE","source":"ONEE shapefile via OSM-derived conversion","coord_confidence":"approximate","coord_method":"osm_derived"},"geometry":{"type":"LineString","coordinates":[[-7.300780233534979,33.42733320617297],[-7.169575945289909,33.20508066428821],[-6.846369130255199,33.087654661780356]]}},{"type":"Feature","properties":{"id":"onee_hv_526","name":"ONEE 225 kV line","layer":"grid_hv_real","sector":"energy","subsector":"transmission","voltage":"225 kV","grid_class":"regional","status":"operational","operator":"ONEE","source":"ONEE shapefile via OSM-derived conversion","coord_confidence":"approximate","coord_method":"osm_derived"},"geometry":{"type":"LineString","coordinates":[[-8.498573817240988,33.15386818361012],[-8.472334160985637,33.16491491113277],[-8.489973991371603,33.21747631685463],[-8.522401271856964,33.241018513953286]]}},{"type":"Feature","properties":{"id":"onee_hv_527","name":"ONEE 225 kV line","layer":"grid_hv_real","sector":"energy","subsector":"transmission","voltage":"225 kV","grid_class":"regional","status":"operational","operator":"ONEE","source":"ONEE shapefile via OSM-derived conversion","coord_confidence":"approximate","coord_method":"osm_derived"},"geometry":{"type":"LineString","coordinates":[[-7.269571081268041,33.15148716080969],[-7.33241715498021,33.42512491736284]]}},{"type":"Feature","properties":{"id":"onee_hv_528","name":"ONEE 225 kV line","layer":"grid_hv_real","sector":"energy","subsector":"transmission","voltage":"225 kV","grid_class":"regional","status":"operational","operator":"ONEE","source":"ONEE shapefile via OSM-derived conversion","coord_confidence":"approximate","coord_method":"osm_derived"},"geometry":{"type":"LineString","coordinates":[[-1.411915486614012,34.87646811361708],[-1.386232120619005,34.873021841404324],[-1.408294343145141,34.860703167984404]]}},{"type":"Feature","properties":{"id":"onee_hv_529","name":"ONEE 225 kV line","layer":"grid_hv_real","sector":"energy","subsector":"transmission","voltage":"225 kV","grid_class":"regional","status":"operational","operator":"ONEE","source":"ONEE shapefile via OSM-derived conversion","coord_confidence":"approximate","coord_method":"osm_derived"},"geometry":{"type":"LineString","coordinates":[[-1.602291558510599,34.96831559745057],[-1.576571214427315,34.96494117894074],[-1.598671029932832,34.952574802990235]]}},{"type":"Feature","properties":{"id":"onee_hv_530","name":"ONEE 225 kV line","layer":"grid_hv_real","sector":"energy","subsector":"transmission","voltage":"225 kV","grid_class":"regional","status":"operational","operator":"ONEE","source":"ONEE shapefile via OSM-derived conversion","coord_confidence":"approximate","coord_method":"osm_derived"},"geometry":{"type":"LineString","coordinates":[[-1.96305723951258,34.82223559134607],[-1.895268666412959,34.772621536506016]]}},{"type":"Feature","properties":{"id":"onee_hv_531","name":"ONEE 225 kV line","layer":"grid_hv_real","sector":"energy","subsector":"transmission","voltage":"225 kV","grid_class":"regional","status":"operational","operator":"ONEE","source":"ONEE shapefile via OSM-derived conversion","coord_confidence":"approximate","coord_method":"osm_derived"},"geometry":{"type":"LineString","coordinates":[[-6.840011157807645,33.788863957198544],[-7.492795765365971,33.50769977440014],[-7.519572220337556,33.347331646840374]]}},{"type":"Feature","properties":{"id":"onee_hv_532","name":"ONEE 225 kV line","layer":"grid_hv_real","sector":"energy","subsector":"transmission","voltage":"225 kV","grid_class":"regional","status":"operational","operator":"ONEE","source":"ONEE shapefile via OSM-derived conversion","coord_confidence":"approximate","coord_method":"osm_derived"},"geometry":{"type":"LineString","coordinates":[[-1.637186870812478,34.95632550512778],[-1.576571214427315,34.96494117894074]]}},{"type":"Feature","properties":{"id":"onee_hv_533","name":"ONEE 225 kV line","layer":"grid_hv_real","sector":"energy","subsector":"transmission","voltage":"225 kV","grid_class":"regional","status":"operational","operator":"ONEE","source":"ONEE shapefile via OSM-derived conversion","coord_confidence":"approximate","coord_method":"osm_derived"},"geometry":{"type":"LineString","coordinates":[[-5.716901657086818,33.9913632805121],[-5.531398356510892,33.90806571064605]]}},{"type":"Feature","properties":{"id":"onee_hv_534","name":"ONEE 225 kV line","layer":"grid_hv_real","sector":"energy","subsector":"transmission","voltage":"225 kV","grid_class":"regional","status":"operational","operator":"ONEE","source":"ONEE shapefile via OSM-derived conversion","coord_confidence":"approximate","coord_method":"osm_derived"},"geometry":{"type":"LineString","coordinates":[[-5.199059128498307,34.585668274350276],[-5.191619886320682,34.552668330358465],[-3.907827920165902,35.06330143296031]]}},{"type":"Feature","properties":{"id":"onee_hv_535","name":"ONEE 225 kV line","layer":"grid_hv_real","sector":"energy","subsector":"transmission","voltage":"225 kV","grid_class":"regional","status":"operational","operator":"ONEE","source":"ONEE shapefile via OSM-derived conversion","coord_confidence":"approximate","coord_method":"osm_derived"},"geometry":{"type":"LineString","coordinates":[[-7.761552054167985,33.479434913521175],[-7.84776573760534,33.4819636776973]]}},{"type":"Feature","properties":{"id":"onee_hv_536","name":"ONEE 225 kV line","layer":"grid_hv_real","sector":"energy","subsector":"transmission","voltage":"225 kV","grid_class":"regional","status":"operational","operator":"ONEE","source":"ONEE shapefile via OSM-derived conversion","coord_confidence":"approximate","coord_method":"osm_derived"},"geometry":{"type":"LineString","coordinates":[[-5.218293740956049,34.08546737079336],[-5.192768540612962,34.074119372566855]]}},{"type":"Feature","properties":{"id":"onee_hv_537","name":"ONEE 225 kV line","layer":"grid_hv_real","sector":"energy","subsector":"transmission","voltage":"225 kV","grid_class":"regional","status":"operational","operator":"ONEE","source":"ONEE shapefile via OSM-derived conversion","coord_confidence":"approximate","coord_method":"osm_derived"},"geometry":{"type":"LineString","coordinates":[[-5.172428526725087,34.13141805811216],[-5.218293740956049,34.08546737079336]]}},{"type":"Feature","properties":{"id":"onee_hv_538","name":"ONEE 225 kV line","layer":"grid_hv_real","sector":"energy","subsector":"transmission","voltage":"225 kV","grid_class":"regional","status":"operational","operator":"ONEE","source":"ONEE shapefile via OSM-derived conversion","coord_confidence":"approximate","coord_method":"osm_derived"},"geometry":{"type":"LineString","coordinates":[[-8.581269050611027,32.886623093613345],[-8.539309511482257,33.12412443000575]]}},{"type":"Feature","properties":{"id":"onee_hv_539","name":"ONEE 225 kV line","layer":"grid_hv_real","sector":"energy","subsector":"transmission","voltage":"225 kV","grid_class":"regional","status":"operational","operator":"ONEE","source":"ONEE shapefile via OSM-derived conversion","coord_confidence":"approximate","coord_method":"osm_derived"},"geometry":{"type":"LineString","coordinates":[[-5.894159746834731,34.1462559392335],[-5.937234077711005,34.224282503742366],[-6.209134374383881,34.243663407097486],[-6.387434064612264,34.272782981020576],[-6.473163965834456,34.308556641546986],[-6.524600082498654,34.32373577982347]]}},{"type":"Feature","properties":{"id":"onee_hv_540","name":"ONEE 225 kV line","layer":"grid_hv_real","sector":"energy","subsector":"transmission","voltage":"225 kV","grid_class":"regional","status":"operational","operator":"ONEE","source":"ONEE shapefile via OSM-derived conversion","coord_confidence":"approximate","coord_method":"osm_derived"},"geometry":{"type":"LineString","coordinates":[[-5.745610277268603,34.00691723191027],[-5.871868933487384,34.15590470000673]]}},{"type":"Feature","properties":{"id":"onee_hv_541","name":"ONEE 225 kV line","layer":"grid_hv_real","sector":"energy","subsector":"transmission","voltage":"225 kV","grid_class":"regional","status":"operational","operator":"ONEE","source":"ONEE shapefile via OSM-derived conversion","coord_confidence":"approximate","coord_method":"osm_derived"},"geometry":{"type":"LineString","coordinates":[[-6.567278271066785,34.089708079400594],[-6.48552618193994,34.27285589031995]]}},{"type":"Feature","properties":{"id":"onee_hv_542","name":"ONEE 225 kV line","layer":"grid_hv_real","sector":"energy","subsector":"transmission","voltage":"225 kV","grid_class":"regional","status":"operational","operator":"ONEE","source":"ONEE shapefile via OSM-derived conversion","coord_confidence":"approximate","coord_method":"osm_derived"},"geometry":{"type":"LineString","coordinates":[[-7.519572220337556,33.347331646840374],[-8.33672161012059,33.14125296089758],[-8.501785252118786,33.140338020627894]]}},{"type":"Feature","properties":{"id":"onee_hv_543","name":"ONEE 225 kV line","layer":"grid_hv_real","sector":"energy","subsector":"transmission","voltage":"225 kV","grid_class":"regional","status":"operational","operator":"ONEE","source":"ONEE shapefile via OSM-derived conversion","coord_confidence":"approximate","coord_method":"osm_derived"},"geometry":{"type":"LineString","coordinates":[[-6.551473258358103,33.936088969443574],[-6.840011157807645,33.788863957198544]]}},{"type":"Feature","properties":{"id":"onee_hv_544","name":"ONEE 225 kV line","layer":"grid_hv_real","sector":"energy","subsector":"transmission","voltage":"225 kV","grid_class":"regional","status":"operational","operator":"ONEE","source":"ONEE shapefile via OSM-derived conversion","coord_confidence":"approximate","coord_method":"osm_derived"},"geometry":{"type":"LineString","coordinates":[[-7.412045175274194,33.628074904446734],[-7.395763570363127,33.702156023546664]]}},{"type":"Feature","properties":{"id":"onee_hv_545","name":"ONEE 225 kV line","layer":"grid_hv_real","sector":"energy","subsector":"transmission","voltage":"225 kV","grid_class":"regional","status":"operational","operator":"ONEE","source":"ONEE shapefile via OSM-derived conversion","coord_confidence":"approximate","coord_method":"osm_derived"},"geometry":{"type":"LineString","coordinates":[[-8.488201048278455,33.16713141317014],[-8.50134053730849,33.151140508747694]]}},{"type":"Feature","properties":{"id":"onee_hv_546","name":"ONEE 225 kV line","layer":"grid_hv_real","sector":"energy","subsector":"transmission","voltage":"225 kV","grid_class":"regional","status":"operational","operator":"ONEE","source":"ONEE shapefile via OSM-derived conversion","coord_confidence":"approximate","coord_method":"osm_derived"},"geometry":{"type":"LineString","coordinates":[[-7.527531479342643,33.631363026778295],[-7.347831750495279,33.4535532301825]]}},{"type":"Feature","properties":{"id":"onee_hv_547","name":"ONEE 225 kV line","layer":"grid_hv_real","sector":"energy","subsector":"transmission","voltage":"225 kV","grid_class":"regional","status":"operational","operator":"ONEE","source":"ONEE shapefile via OSM-derived conversion","coord_confidence":"approximate","coord_method":"osm_derived"},"geometry":{"type":"LineString","coordinates":[[-7.51263882615295,33.62987857350678],[-7.339699216416304,33.468467875351664]]}},{"type":"Feature","properties":{"id":"onee_hv_548","name":"ONEE 225 kV line","layer":"grid_hv_real","sector":"energy","subsector":"transmission","voltage":"225 kV","grid_class":"regional","status":"operational","operator":"ONEE","source":"ONEE shapefile via OSM-derived conversion","coord_confidence":"approximate","coord_method":"osm_derived"},"geometry":{"type":"LineString","coordinates":[[-6.838137935776081,33.94742236134301],[-6.875259739616225,33.86491167482264],[-7.285588657447657,33.70301974529576],[-7.384543851012201,33.72146710703055]]}},{"type":"Feature","properties":{"id":"onee_hv_549","name":"ONEE 225 kV line","layer":"grid_hv_real","sector":"energy","subsector":"transmission","voltage":"225 kV","grid_class":"regional","status":"operational","operator":"ONEE","source":"ONEE shapefile via OSM-derived conversion","coord_confidence":"approximate","coord_method":"osm_derived"},"geometry":{"type":"LineString","coordinates":[[-6.857972177701263,33.84687140750451],[-7.286106816553655,33.67781862214768],[-7.382210042850322,33.71193807657702]]}},{"type":"Feature","properties":{"id":"onee_hv_550","name":"ONEE 225 kV line","layer":"grid_hv_real","sector":"energy","subsector":"transmission","voltage":"225 kV","grid_class":"regional","status":"operational","operator":"ONEE","source":"ONEE shapefile via OSM-derived conversion","coord_confidence":"approximate","coord_method":"osm_derived"},"geometry":{"type":"LineString","coordinates":[[-6.833924061672325,33.94457865238245],[-6.855852547607983,33.84865818779392]]}},{"type":"Feature","properties":{"id":"onee_hv_551","name":"ONEE 225 kV line","layer":"grid_hv_real","sector":"energy","subsector":"transmission","voltage":"225 kV","grid_class":"regional","status":"operational","operator":"ONEE","source":"ONEE shapefile via OSM-derived conversion","coord_confidence":"approximate","coord_method":"osm_derived"},"geometry":{"type":"LineString","coordinates":[[-8.617182148329723,33.15256161310061],[-8.534399344533947,33.16336214920321]]}},{"type":"Feature","properties":{"id":"onee_hv_552","name":"ONEE 225 kV line","layer":"grid_hv_real","sector":"energy","subsector":"transmission","voltage":"225 kV","grid_class":"regional","status":"operational","operator":"ONEE","source":"ONEE shapefile via OSM-derived conversion","coord_confidence":"approximate","coord_method":"osm_derived"},"geometry":{"type":"LineString","coordinates":[[-8.622899697936813,33.16457890468489],[-8.526650167917008,33.182690577365015]]}},{"type":"Feature","properties":{"id":"onee_hv_553","name":"ONEE 225 kV line","layer":"grid_hv_real","sector":"energy","subsector":"transmission","voltage":"225 kV","grid_class":"regional","status":"operational","operator":"ONEE","source":"ONEE shapefile via OSM-derived conversion","coord_confidence":"approximate","coord_method":"osm_derived"},"geometry":{"type":"LineString","coordinates":[[-8.608970108658553,33.12926899591534],[-8.54800360598739,33.13083182761324]]}},{"type":"Feature","properties":{"id":"onee_hv_554","name":"ONEE 225 kV line","layer":"grid_hv_real","sector":"energy","subsector":"transmission","voltage":"225 kV","grid_class":"regional","status":"operational","operator":"ONEE","source":"ONEE shapefile via OSM-derived conversion","coord_confidence":"approximate","coord_method":"osm_derived"},"geometry":{"type":"LineString","coordinates":[[-8.612551077635285,33.14050931859525],[-8.541254800869508,33.1484143893797]]}},{"type":"Feature","properties":{"id":"onee_hv_555","name":"ONEE 225 kV line","layer":"grid_hv_real","sector":"energy","subsector":"transmission","voltage":"225 kV","grid_class":"regional","status":"operational","operator":"ONEE","source":"ONEE shapefile via OSM-derived conversion","coord_confidence":"approximate","coord_method":"osm_derived"},"geometry":{"type":"LineString","coordinates":[[-7.451462191532527,33.68389620685918],[-7.403385519401912,33.71075949350411]]}},{"type":"Feature","properties":{"id":"onee_hv_556","name":"ONEE 225 kV line","layer":"grid_hv_real","sector":"energy","subsector":"transmission","voltage":"225 kV","grid_class":"regional","status":"operational","operator":"ONEE","source":"ONEE shapefile via OSM-derived conversion","coord_confidence":"approximate","coord_method":"osm_derived"},"geometry":{"type":"LineString","coordinates":[[-7.456050261538271,33.69858303152692],[-7.396400108390662,33.72996389264201]]}},{"type":"Feature","properties":{"id":"onee_hv_557","name":"ONEE 225 kV line","layer":"grid_hv_real","sector":"energy","subsector":"transmission","voltage":"225 kV","grid_class":"regional","status":"operational","operator":"ONEE","source":"ONEE shapefile via OSM-derived conversion","coord_confidence":"approximate","coord_method":"osm_derived"},"geometry":{"type":"LineString","coordinates":[[-7.177399843211406,32.96690153367671],[-7.483816248286214,33.0872560933679]]}},{"type":"Feature","properties":{"id":"onee_hv_558","name":"ONEE 225 kV line","layer":"grid_hv_real","sector":"energy","subsector":"transmission","voltage":"225 kV","grid_class":"regional","status":"operational","operator":"ONEE","source":"ONEE shapefile via OSM-derived conversion","coord_confidence":"approximate","coord_method":"osm_derived"},"geometry":{"type":"LineString","coordinates":[[-5.721251908767251,34.024365328452426],[-5.746689934281857,34.005185508143555]]}},{"type":"Feature","properties":{"id":"onee_hv_559","name":"ONEE 225 kV line","layer":"grid_hv_real","sector":"energy","subsector":"transmission","voltage":"225 kV","grid_class":"regional","status":"operational","operator":"ONEE","source":"ONEE shapefile via OSM-derived conversion","coord_confidence":"approximate","coord_method":"osm_derived"},"geometry":{"type":"LineString","coordinates":[[-5.619517976417226,34.067709862465584],[-5.720202886329339,34.024368012583565]]}},{"type":"Feature","properties":{"id":"onee_hv_560","name":"ONEE 225 kV line","layer":"grid_hv_real","sector":"energy","subsector":"transmission","voltage":"225 kV","grid_class":"regional","status":"operational","operator":"ONEE","source":"ONEE shapefile via OSM-derived conversion","coord_confidence":"approximate","coord_method":"osm_derived"},"geometry":{"type":"LineString","coordinates":[[-5.599522875891541,34.06774326519859],[-5.611816716523435,34.04628555128728],[-5.699907478942102,34.00703493692149],[-5.715818435250383,33.9922295629577]]}},{"type":"Feature","properties":{"id":"onee_hv_561","name":"ONEE 225 kV line","layer":"grid_hv_real","sector":"energy","subsector":"transmission","voltage":"225 kV","grid_class":"regional","status":"operational","operator":"ONEE","source":"ONEE shapefile via OSM-derived conversion","coord_confidence":"approximate","coord_method":"osm_derived"},"geometry":{"type":"LineString","coordinates":[[-4.791795076346875,34.06933506257318],[-4.669084652285785,34.118178977287684]]}},{"type":"Feature","properties":{"id":"onee_hv_562","name":"ONEE 225 kV line","layer":"grid_hv_real","sector":"energy","subsector":"transmission","voltage":"225 kV","grid_class":"regional","status":"operational","operator":"ONEE","source":"ONEE shapefile via OSM-derived conversion","coord_confidence":"approximate","coord_method":"osm_derived"},"geometry":{"type":"LineString","coordinates":[[-7.530921391980298,33.07777644648442],[-7.483816248286214,33.0872560933679]]}},{"type":"Feature","properties":{"id":"onee_hv_563","name":"ONEE 225 kV line","layer":"grid_hv_real","sector":"energy","subsector":"transmission","voltage":"225 kV","grid_class":"regional","status":"operational","operator":"ONEE","source":"ONEE shapefile via OSM-derived conversion","coord_confidence":"approximate","coord_method":"osm_derived"},"geometry":{"type":"LineString","coordinates":[[-7.269571081268041,33.15148716080969],[-7.09982321934106,32.92192401144518]]}},{"type":"Feature","properties":{"id":"onee_hv_564","name":"ONEE 225 kV line","layer":"grid_hv_real","sector":"energy","subsector":"transmission","voltage":"225 kV","grid_class":"regional","status":"operational","operator":"ONEE","source":"ONEE shapefile via OSM-derived conversion","coord_confidence":"approximate","coord_method":"osm_derived"},"geometry":{"type":"LineString","coordinates":[[-5.536339261301756,33.895652781618224],[-6.567422699549449,34.01674602325039],[-6.811144944447804,33.952932795422235],[-6.817669703413415,33.96906463216639],[-6.794817669158357,33.973368011368926],[-6.815330318321702,33.996864443936026]]}},{"type":"Feature","properties":{"id":"onee_hv_565","name":"ONEE 225 kV line","layer":"grid_hv_real","sector":"energy","subsector":"transmission","voltage":"225 kV","grid_class":"regional","status":"operational","operator":"ONEE","source":"ONEE shapefile via OSM-derived conversion","coord_confidence":"approximate","coord_method":"osm_derived"},"geometry":{"type":"LineString","coordinates":[[-5.4851511533955,33.95179009222629],[-5.560786600997874,34.07299324878239]]}},{"type":"Feature","properties":{"id":"onee_hv_566","name":"ONEE 225 kV line","layer":"grid_hv_real","sector":"energy","subsector":"transmission","voltage":"225 kV","grid_class":"regional","status":"operational","operator":"ONEE","source":"ONEE shapefile via OSM-derived conversion","coord_confidence":"approximate","coord_method":"osm_derived"},"geometry":{"type":"LineString","coordinates":[[-5.528927375422616,33.91427208193658],[-5.577020892693295,34.06569268477274]]}},{"type":"Feature","properties":{"id":"onee_hv_567","name":"ONEE 225 kV line","layer":"grid_hv_real","sector":"energy","subsector":"transmission","voltage":"225 kV","grid_class":"regional","status":"operational","operator":"ONEE","source":"ONEE shapefile via OSM-derived conversion","coord_confidence":"approximate","coord_method":"osm_derived"},"geometry":{"type":"LineString","coordinates":[[-7.763792685448382,33.44462789776699],[-7.728550616570446,33.50870372411371]]}},{"type":"Feature","properties":{"id":"onee_hv_568","name":"ONEE 225 kV line","layer":"grid_hv_real","sector":"energy","subsector":"transmission","voltage":"225 kV","grid_class":"regional","status":"operational","operator":"ONEE","source":"ONEE shapefile via OSM-derived conversion","coord_confidence":"approximate","coord_method":"osm_derived"},"geometry":{"type":"LineString","coordinates":[[-7.726258609821509,33.50267784810074],[-7.761552054167985,33.479434913521175]]}},{"type":"Feature","properties":{"id":"onee_hv_569","name":"ONEE 225 kV line","layer":"grid_hv_real","sector":"energy","subsector":"transmission","voltage":"225 kV","grid_class":"regional","status":"operational","operator":"ONEE","source":"ONEE shapefile via OSM-derived conversion","coord_confidence":"approximate","coord_method":"osm_derived"},"geometry":{"type":"LineString","coordinates":[[-7.412045175274194,33.628074904446734],[-7.571940769213311,33.11874739976023]]}},{"type":"Feature","properties":{"id":"onee_hv_570","name":"ONEE 225 kV line","layer":"grid_hv_real","sector":"energy","subsector":"transmission","voltage":"225 kV","grid_class":"regional","status":"operational","operator":"ONEE","source":"ONEE shapefile via OSM-derived conversion","coord_confidence":"approximate","coord_method":"osm_derived"},"geometry":{"type":"LineString","coordinates":[[-8.631154343852975,33.1878215679238],[-7.763792685448382,33.44462789776699]]}},{"type":"Feature","properties":{"id":"onee_hv_571","name":"ONEE 225 kV line","layer":"grid_hv_real","sector":"energy","subsector":"transmission","voltage":"225 kV","grid_class":"regional","status":"operational","operator":"ONEE","source":"ONEE shapefile via OSM-derived conversion","coord_confidence":"approximate","coord_method":"osm_derived"},"geometry":{"type":"LineString","coordinates":[[-7.778641560198505,33.36961167917792],[-8.627506090462047,33.17487011719419]]}},{"type":"Feature","properties":{"id":"onee_hv_572","name":"ONEE 225 kV line","layer":"grid_hv_real","sector":"energy","subsector":"transmission","voltage":"225 kV","grid_class":"regional","status":"operational","operator":"ONEE","source":"ONEE shapefile via OSM-derived conversion","coord_confidence":"approximate","coord_method":"osm_derived"},"geometry":{"type":"LineString","coordinates":[[-7.581922813963486,33.43575548479938],[-7.356069099869876,33.44300843765979]]}},{"type":"Feature","properties":{"id":"onee_hv_573","name":"ONEE 225 kV line","layer":"grid_hv_real","sector":"energy","subsector":"transmission","voltage":"225 kV","grid_class":"regional","status":"operational","operator":"ONEE","source":"ONEE shapefile via OSM-derived conversion","coord_confidence":"approximate","coord_method":"osm_derived"},"geometry":{"type":"LineString","coordinates":[[-7.541239218609776,33.63024810364849],[-7.356010583668174,33.44039138072534]]}},{"type":"Feature","properties":{"id":"onee_hv_574","name":"ONEE 225 kV line","layer":"grid_hv_real","sector":"energy","subsector":"transmission","voltage":"225 kV","grid_class":"regional","status":"operational","operator":"ONEE","source":"ONEE shapefile via OSM-derived conversion","coord_confidence":"approximate","coord_method":"osm_derived"},"geometry":{"type":"LineString","coordinates":[[-7.406383367343059,33.701985805155545],[-7.429250851691966,33.63733942004027],[-7.514982832581578,33.63852503957419]]}},{"type":"Feature","properties":{"id":"onee_hv_575","name":"ONEE 225 kV line","layer":"grid_hv_real","sector":"energy","subsector":"transmission","voltage":"225 kV","grid_class":"regional","status":"operational","operator":"ONEE","source":"ONEE shapefile via OSM-derived conversion","coord_confidence":"approximate","coord_method":"osm_derived"},"geometry":{"type":"LineString","coordinates":[[-8.488226112442009,33.10800606084216],[-8.416346708323776,32.76210108774906]]}},{"type":"Feature","properties":{"id":"onee_hv_576","name":"ONEE 225 kV line","layer":"grid_hv_real","sector":"energy","subsector":"transmission","voltage":"225 kV","grid_class":"regional","status":"operational","operator":"ONEE","source":"ONEE shapefile via OSM-derived conversion","coord_confidence":"approximate","coord_method":"osm_derived"},"geometry":{"type":"LineString","coordinates":[[-8.510313138248474,33.138055203548944],[-8.488226112442009,33.10800606084216]]}},{"type":"Feature","properties":{"id":"onee_hv_577","name":"ONEE 225 kV line","layer":"grid_hv_real","sector":"energy","subsector":"transmission","voltage":"225 kV","grid_class":"regional","status":"operational","operator":"ONEE","source":"ONEE shapefile via OSM-derived conversion","coord_confidence":"approximate","coord_method":"osm_derived"},"geometry":{"type":"LineString","coordinates":[[-8.543413704057624,33.238741865118506],[-8.502363397940018,33.21023959235449]]}},{"type":"Feature","properties":{"id":"onee_hv_578","name":"ONEE 225 kV line","layer":"grid_hv_real","sector":"energy","subsector":"transmission","voltage":"225 kV","grid_class":"regional","status":"operational","operator":"ONEE","source":"ONEE shapefile via OSM-derived conversion","coord_confidence":"approximate","coord_method":"osm_derived"},"geometry":{"type":"LineString","coordinates":[[-7.377759694323405,33.70244253174882],[-7.278070036660964,33.64926478669791],[-6.572864836095203,33.949800874748654]]}},{"type":"Feature","properties":{"id":"onee_hv_579","name":"ONEE 225 kV line","layer":"grid_hv_real","sector":"energy","subsector":"transmission","voltage":"225 kV","grid_class":"regional","status":"operational","operator":"ONEE","source":"ONEE shapefile via OSM-derived conversion","coord_confidence":"approximate","coord_method":"osm_derived"},"geometry":{"type":"LineString","coordinates":[[-6.55605941800557,33.964716238540696],[-5.546227262726637,33.877030050670704]]}},{"type":"Feature","properties":{"id":"onee_hv_580","name":"ONEE 225 kV line","layer":"grid_hv_real","sector":"energy","subsector":"transmission","voltage":"225 kV","grid_class":"regional","status":"operational","operator":"ONEE","source":"ONEE shapefile via OSM-derived conversion","coord_confidence":"approximate","coord_method":"osm_derived"},"geometry":{"type":"LineString","coordinates":[[-6.709609471806175,33.92843470768007],[-6.751869248637759,33.917588748640235],[-6.787521505293684,33.90864324746799],[-6.8124089310668,33.9448231937238]]}},{"type":"Feature","properties":{"id":"onee_hv_581","name":"ONEE 225 kV line","layer":"grid_hv_real","sector":"energy","subsector":"transmission","voltage":"225 kV","grid_class":"regional","status":"operational","operator":"ONEE","source":"ONEE shapefile via OSM-derived conversion","coord_confidence":"approximate","coord_method":"osm_derived"},"geometry":{"type":"LineString","coordinates":[[-7.601046487847768,33.568377380455495],[-7.628384349522899,33.51923751994395],[-7.778641560198505,33.36961167917792]]}},{"type":"Feature","properties":{"id":"onee_hv_582","name":"ONEE 225 kV line","layer":"grid_hv_real","sector":"energy","subsector":"transmission","voltage":"225 kV","grid_class":"regional","status":"operational","operator":"ONEE","source":"ONEE shapefile via OSM-derived conversion","coord_confidence":"approximate","coord_method":"osm_derived"},"geometry":{"type":"LineString","coordinates":[[-7.386254007821448,33.70230767953844],[-7.344872848955312,33.46315952420653]]}},{"type":"Feature","properties":{"id":"onee_hv_583","name":"ONEE 225 kV line","layer":"grid_hv_real","sector":"energy","subsector":"transmission","voltage":"225 kV","grid_class":"regional","status":"operational","operator":"ONEE","source":"ONEE shapefile via OSM-derived conversion","coord_confidence":"approximate","coord_method":"osm_derived"},"geometry":{"type":"LineString","coordinates":[[-8.488201048278455,33.16713141317014],[-8.502363397940018,33.21023959235449]]}},{"type":"Feature","properties":{"id":"onee_hv_584","name":"ONEE 225 kV line","layer":"grid_hv_real","sector":"energy","subsector":"transmission","voltage":"225 kV","grid_class":"regional","status":"operational","operator":"ONEE","source":"ONEE shapefile via OSM-derived conversion","coord_confidence":"approximate","coord_method":"osm_derived"},"geometry":{"type":"LineString","coordinates":[[-4.331799709400227,34.20088967024596],[-4.777160857073628,34.03103258827704]]}},{"type":"Feature","properties":{"id":"onee_hv_585","name":"ONEE 225 kV line","layer":"grid_hv_real","sector":"energy","subsector":"transmission","voltage":"225 kV","grid_class":"regional","status":"operational","operator":"ONEE","source":"ONEE shapefile via OSM-derived conversion","coord_confidence":"approximate","coord_method":"osm_derived"},"geometry":{"type":"LineString","coordinates":[[-4.064752095293769,34.31300045820482],[-4.184272765177405,34.30986712062517],[-4.354321067230416,34.190667393884915]]}},{"type":"Feature","properties":{"id":"onee_hv_586","name":"ONEE 225 kV line","layer":"grid_hv_real","sector":"energy","subsector":"transmission","voltage":"225 kV","grid_class":"regional","status":"operational","operator":"ONEE","source":"ONEE shapefile via OSM-derived conversion","coord_confidence":"approximate","coord_method":"osm_derived"},"geometry":{"type":"LineString","coordinates":[[-4.064752095293769,34.31300045820482],[-4.003088371885491,34.36530141221318]]}},{"type":"Feature","properties":{"id":"onee_hv_587","name":"ONEE 225 kV line","layer":"grid_hv_real","sector":"energy","subsector":"transmission","voltage":"225 kV","grid_class":"regional","status":"operational","operator":"ONEE","source":"ONEE shapefile via OSM-derived conversion","coord_confidence":"approximate","coord_method":"osm_derived"},"geometry":{"type":"LineString","coordinates":[[-2.678248799790873,34.606873216302645],[-2.82126909106221,34.62288151452874],[-2.979034630299316,34.79971810228863],[-2.926373556389619,34.99063696099682],[-2.965278976939764,35.13297117950749]]}},{"type":"Feature","properties":{"id":"onee_hv_588","name":"ONEE 225 kV line","layer":"grid_hv_real","sector":"energy","subsector":"transmission","voltage":"225 kV","grid_class":"regional","status":"operational","operator":"ONEE","source":"ONEE shapefile via OSM-derived conversion","coord_confidence":"approximate","coord_method":"osm_derived"},"geometry":{"type":"LineString","coordinates":[[-1.903450715179346,34.75630876990235],[-1.983539749213253,34.737656252524786],[-2.116071806865236,34.66471141453903],[-2.318581580272895,34.604677661074994]]}},{"type":"Feature","properties":{"id":"onee_hv_589","name":"ONEE 225 kV line","layer":"grid_hv_real","sector":"energy","subsector":"transmission","voltage":"225 kV","grid_class":"regional","status":"operational","operator":"ONEE","source":"ONEE shapefile via OSM-derived conversion","coord_confidence":"approximate","coord_method":"osm_derived"},"geometry":{"type":"LineString","coordinates":[[-1.898815712422909,34.76487374042447],[-2.055644223695811,34.78565007761476],[-2.653871034420535,34.667996570131706],[-3.00584037844025,34.41546108375278],[-3.568595128271178,34.36929942646236],[-3.929172024811788,34.31757872074847],[-3.975359232206071,34.36587056267814]]}},{"type":"Feature","properties":{"id":"onee_hv_590","name":"ONEE 225 kV line","layer":"grid_hv_real","sector":"energy","subsector":"transmission","voltage":"225 kV","grid_class":"regional","status":"operational","operator":"ONEE","source":"ONEE shapefile via OSM-derived conversion","coord_confidence":"approximate","coord_method":"osm_derived"},"geometry":{"type":"LineString","coordinates":[[-3.010615205492066,35.091262205982666],[-2.983750587485693,35.019562846392404]]}},{"type":"Feature","properties":{"id":"onee_hv_591","name":"ONEE 225 kV line","layer":"grid_hv_real","sector":"energy","subsector":"transmission","voltage":"225 kV","grid_class":"regional","status":"operational","operator":"ONEE","source":"ONEE shapefile via OSM-derived conversion","coord_confidence":"approximate","coord_method":"osm_derived"},"geometry":{"type":"LineString","coordinates":[[-2.981448895546048,35.13328012500991],[-3.010615205492066,35.091262205982666]]}},{"type":"Feature","properties":{"id":"onee_hv_592","name":"ONEE 225 kV line","layer":"grid_hv_real","sector":"energy","subsector":"transmission","voltage":"225 kV","grid_class":"regional","status":"operational","operator":"ONEE","source":"ONEE shapefile via OSM-derived conversion","coord_confidence":"approximate","coord_method":"osm_derived"},"geometry":{"type":"LineString","coordinates":[[-1.878283246526523,34.74173106307627],[-1.386232120619005,34.873021841404324]]}},{"type":"Feature","properties":{"id":"onee_hv_593","name":"ONEE 225 kV line","layer":"grid_hv_real","sector":"energy","subsector":"transmission","voltage":"225 kV","grid_class":"regional","status":"operational","operator":"ONEE","source":"ONEE shapefile via OSM-derived conversion","coord_confidence":"approximate","coord_method":"osm_derived"},"geometry":{"type":"LineString","coordinates":[[-1.886123790295174,34.76017492510502],[-1.862288401484826,34.84465465788683],[-1.763119275550933,34.90353491542857],[-1.637186870812478,34.95632550512778]]}},{"type":"Feature","properties":{"id":"onee_hv_594","name":"ONEE 225 kV line","layer":"grid_hv_real","sector":"energy","subsector":"transmission","voltage":"225 kV","grid_class":"regional","status":"operational","operator":"ONEE","source":"ONEE shapefile via OSM-derived conversion","coord_confidence":"approximate","coord_method":"osm_derived"},"geometry":{"type":"LineString","coordinates":[[-6.567266662823795,34.088844622343565],[-6.751213300184721,34.02766299208727],[-6.831635104379696,34.0163488944563]]}},{"type":"Feature","properties":{"id":"onee_hv_595","name":"ONEE 225 kV line","layer":"grid_hv_real","sector":"energy","subsector":"transmission","voltage":"225 kV","grid_class":"regional","status":"operational","operator":"ONEE","source":"ONEE shapefile via OSM-derived conversion","coord_confidence":"approximate","coord_method":"osm_derived"},"geometry":{"type":"LineString","coordinates":[[-6.529818418616769,34.31935179875689],[-6.507818282832296,34.26310509367489]]}},{"type":"Feature","properties":{"id":"onee_hv_596","name":"ONEE 225 kV line","layer":"grid_hv_real","sector":"energy","subsector":"transmission","voltage":"225 kV","grid_class":"regional","status":"operational","operator":"ONEE","source":"ONEE shapefile via OSM-derived conversion","coord_confidence":"approximate","coord_method":"osm_derived"},"geometry":{"type":"LineString","coordinates":[[-6.641726243229664,34.309613940085846],[-6.556589822864948,34.320861893142656]]}},{"type":"Feature","properties":{"id":"onee_hv_597","name":"ONEE 225 kV line","layer":"grid_hv_real","sector":"energy","subsector":"transmission","voltage":"225 kV","grid_class":"regional","status":"operational","operator":"ONEE","source":"ONEE shapefile via OSM-derived conversion","coord_confidence":"approximate","coord_method":"osm_derived"},"geometry":{"type":"LineString","coordinates":[[-6.64293306228624,34.32175038223286],[-6.550265375787385,34.3313394670128]]}},{"type":"Feature","properties":{"id":"onee_hv_598","name":"ONEE 225 kV line","layer":"grid_hv_real","sector":"energy","subsector":"transmission","voltage":"225 kV","grid_class":"regional","status":"operational","operator":"ONEE","source":"ONEE shapefile via OSM-derived conversion","coord_confidence":"approximate","coord_method":"osm_derived"},"geometry":{"type":"LineString","coordinates":[[-6.648443583262171,34.33127517314073],[-6.54718614828267,34.340025436276214]]}},{"type":"Feature","properties":{"id":"onee_hv_599","name":"ONEE 225 kV line","layer":"grid_hv_real","sector":"energy","subsector":"transmission","voltage":"225 kV","grid_class":"regional","status":"operational","operator":"ONEE","source":"ONEE shapefile via OSM-derived conversion","coord_confidence":"approximate","coord_method":"osm_derived"},"geometry":{"type":"LineString","coordinates":[[-6.6507098721462,34.33991061171427],[-6.546281582521545,34.349596312578555]]}},{"type":"Feature","properties":{"id":"onee_hv_600","name":"ONEE 225 kV line","layer":"grid_hv_real","sector":"energy","subsector":"transmission","voltage":"225 kV","grid_class":"regional","status":"operational","operator":"ONEE","source":"ONEE shapefile via OSM-derived conversion","coord_confidence":"approximate","coord_method":"osm_derived"},"geometry":{"type":"LineString","coordinates":[[-5.506543475690155,33.864662356491365],[-5.421443375492394,33.851886114944094],[-5.212415517243171,33.85869399366081],[-4.977597403737454,33.925015879252804]]}},{"type":"Feature","properties":{"id":"onee_hv_601","name":"ONEE 225 kV line","layer":"grid_hv_real","sector":"energy","subsector":"transmission","voltage":"225 kV","grid_class":"regional","status":"operational","operator":"ONEE","source":"ONEE shapefile via OSM-derived conversion","coord_confidence":"approximate","coord_method":"osm_derived"},"geometry":{"type":"LineString","coordinates":[[-5.54991914059258,33.861515950269066],[-5.569683398589532,33.82736900510097],[-5.55505293021719,33.8187768654841],[-5.458449637648999,33.68076056151592]]}},{"type":"Feature","properties":{"id":"onee_hv_602","name":"ONEE 225 kV line","layer":"grid_hv_real","sector":"energy","subsector":"transmission","voltage":"225 kV","grid_class":"regional","status":"operational","operator":"ONEE","source":"ONEE shapefile via OSM-derived conversion","coord_confidence":"approximate","coord_method":"osm_derived"},"geometry":{"type":"LineString","coordinates":[[-5.458449637648999,33.68076056151592],[-5.563859720471815,33.41743059461033],[-5.508700014465052,33.20290086130083],[-5.596729555705273,32.99687481248819]]}},{"type":"Feature","properties":{"id":"onee_hv_603","name":"ONEE 225 kV line","layer":"grid_hv_real","sector":"energy","subsector":"transmission","voltage":"225 kV","grid_class":"regional","status":"operational","operator":"ONEE","source":"ONEE shapefile via OSM-derived conversion","coord_confidence":"approximate","coord_method":"osm_derived"},"geometry":{"type":"LineString","coordinates":[[-4.977597403737454,33.925015879252804],[-4.821756170556087,34.045130746556765]]}},{"type":"Feature","properties":{"id":"onee_hv_604","name":"ONEE 225 kV line","layer":"grid_hv_real","sector":"energy","subsector":"transmission","voltage":"225 kV","grid_class":"regional","status":"operational","operator":"ONEE","source":"ONEE shapefile via OSM-derived conversion","coord_confidence":"approximate","coord_method":"osm_derived"},"geometry":{"type":"LineString","coordinates":[[-5.194830119112231,34.1218854118359],[-5.011401383495733,34.197028386509245],[-4.850531073015365,34.19642756085154],[-4.688152351810606,34.133061046725516]]}},{"type":"Feature","properties":{"id":"onee_hv_605","name":"ONEE 225 kV line","layer":"grid_hv_real","sector":"energy","subsector":"transmission","voltage":"225 kV","grid_class":"regional","status":"operational","operator":"ONEE","source":"ONEE shapefile via OSM-derived conversion","coord_confidence":"approximate","coord_method":"osm_derived"},"geometry":{"type":"LineString","coordinates":[[-5.4851511533955,33.95179009222629],[-5.335321620861742,34.02300671407215],[-5.245986383665968,34.04900338288548],[-5.203498788042971,34.050680956201184]]}},{"type":"Feature","properties":{"id":"onee_hv_606","name":"ONEE 225 kV line","layer":"grid_hv_real","sector":"energy","subsector":"transmission","voltage":"225 kV","grid_class":"regional","status":"operational","operator":"ONEE","source":"ONEE shapefile via OSM-derived conversion","coord_confidence":"approximate","coord_method":"osm_derived"},"geometry":{"type":"LineString","coordinates":[[-5.218325167572873,34.59005040205384],[-5.219475401053169,34.53445243277718],[-5.242068374554048,34.47458455144674],[-5.447092607353354,34.231502770952304],[-5.502236027866823,34.00651169190448],[-5.525212459105354,33.91841171280872]]}},{"type":"Feature","properties":{"id":"onee_hv_607","name":"ONEE 225 kV line","layer":"grid_hv_real","sector":"energy","subsector":"transmission","voltage":"225 kV","grid_class":"regional","status":"operational","operator":"ONEE","source":"ONEE shapefile via OSM-derived conversion","coord_confidence":"approximate","coord_method":"osm_derived"},"geometry":{"type":"LineString","coordinates":[[-5.370072392914692,35.138895911134874],[-5.299670845009029,34.56843458285544],[-5.245054977632243,34.57097916693088],[-5.236469114871242,34.58920365380848]]}},{"type":"Feature","properties":{"id":"onee_hv_608","name":"ONEE 225 kV line","layer":"grid_hv_real","sector":"energy","subsector":"transmission","voltage":"225 kV","grid_class":"regional","status":"operational","operator":"ONEE","source":"ONEE shapefile via OSM-derived conversion","coord_confidence":"approximate","coord_method":"osm_derived"},"geometry":{"type":"LineString","coordinates":[[-5.36459268083863,35.22485595455009],[-5.326930202215076,35.18577872484058]]}},{"type":"Feature","properties":{"id":"onee_hv_609","name":"ONEE 225 kV line","layer":"grid_hv_real","sector":"energy","subsector":"transmission","voltage":"225 kV","grid_class":"regional","status":"operational","operator":"ONEE","source":"ONEE shapefile via OSM-derived conversion","coord_confidence":"approximate","coord_method":"osm_derived"},"geometry":{"type":"LineString","coordinates":[[-5.455582194839055,35.58308947646118],[-5.457373100019785,35.54462884410347],[-5.428308291765971,35.434906027345],[-5.366791283398268,35.23786014092051]]}},{"type":"Feature","properties":{"id":"onee_hv_610","name":"ONEE 225 kV line","layer":"grid_hv_real","sector":"energy","subsector":"transmission","voltage":"225 kV","grid_class":"regional","status":"operational","operator":"ONEE","source":"ONEE shapefile via OSM-derived conversion","coord_confidence":"approximate","coord_method":"osm_derived"},"geometry":{"type":"LineString","coordinates":[[-6.06487946152845,35.02953008339851],[-5.960497119900257,35.024827525862655],[-5.950688440129118,34.65845228708049],[-6.067684838337483,34.56234661449232],[-6.385487388409584,34.37876723824206],[-6.540937349146118,34.35053316065866]]}},{"type":"Feature","properties":{"id":"onee_hv_611","name":"ONEE 225 kV line","layer":"grid_hv_real","sector":"energy","subsector":"transmission","voltage":"225 kV","grid_class":"regional","status":"operational","operator":"ONEE","source":"ONEE shapefile via OSM-derived conversion","coord_confidence":"approximate","coord_method":"osm_derived"},"geometry":{"type":"LineString","coordinates":[[-5.936201990447421,35.264533825265495],[-5.946024060089617,35.113434582876394],[-6.070364465265985,35.04078739613867]]}},{"type":"Feature","properties":{"id":"onee_hv_612","name":"ONEE 225 kV line","layer":"grid_hv_real","sector":"energy","subsector":"transmission","voltage":"225 kV","grid_class":"regional","status":"operational","operator":"ONEE","source":"ONEE shapefile via OSM-derived conversion","coord_confidence":"approximate","coord_method":"osm_derived"},"geometry":{"type":"LineString","coordinates":[[-5.844314833624172,35.422844424206325],[-5.937284676886317,35.2645292588719]]}},{"type":"Feature","properties":{"id":"onee_hv_613","name":"ONEE 225 kV line","layer":"grid_hv_real","sector":"energy","subsector":"transmission","voltage":"225 kV","grid_class":"regional","status":"operational","operator":"ONEE","source":"ONEE shapefile via OSM-derived conversion","coord_confidence":"approximate","coord_method":"osm_derived"},"geometry":{"type":"LineString","coordinates":[[-5.834958808695627,35.71188128764384],[-5.772343016256862,35.51941196426661]]}},{"type":"Feature","properties":{"id":"onee_hv_614","name":"ONEE 225 kV line","layer":"grid_hv_real","sector":"energy","subsector":"transmission","voltage":"225 kV","grid_class":"regional","status":"operational","operator":"ONEE","source":"ONEE shapefile via OSM-derived conversion","coord_confidence":"approximate","coord_method":"osm_derived"},"geometry":{"type":"LineString","coordinates":[[-5.662371977630597,35.6325088885357],[-5.581113719915525,35.45163161023156]]}},{"type":"Feature","properties":{"id":"onee_hv_615","name":"ONEE 225 kV line","layer":"grid_hv_real","sector":"energy","subsector":"transmission","voltage":"225 kV","grid_class":"regional","status":"operational","operator":"ONEE","source":"ONEE shapefile via OSM-derived conversion","coord_confidence":"approximate","coord_method":"osm_derived"},"geometry":{"type":"LineString","coordinates":[[-5.647995126303015,35.65810795882261],[-5.552702819429193,35.44856966837464]]}},{"type":"Feature","properties":{"id":"onee_hv_616","name":"ONEE 225 kV line","layer":"grid_hv_real","sector":"energy","subsector":"transmission","voltage":"225 kV","grid_class":"regional","status":"operational","operator":"ONEE","source":"ONEE shapefile via OSM-derived conversion","coord_confidence":"approximate","coord_method":"osm_derived"},"geometry":{"type":"LineString","coordinates":[[-5.818654414822213,35.71193565794703],[-5.795747327469853,35.678999574635974],[-5.711250890261176,35.679233034381205]]}},{"type":"Feature","properties":{"id":"onee_hv_617","name":"ONEE 225 kV line","layer":"grid_hv_real","sector":"energy","subsector":"transmission","voltage":"225 kV","grid_class":"regional","status":"operational","operator":"ONEE","source":"ONEE shapefile via OSM-derived conversion","coord_confidence":"approximate","coord_method":"osm_derived"},"geometry":{"type":"LineString","coordinates":[[-5.810017080207166,35.71367394486977],[-5.78502337342671,35.69120812775748],[-5.696204390485709,35.69208902639404]]}},{"type":"Feature","properties":{"id":"onee_hv_618","name":"ONEE 225 kV line","layer":"grid_hv_real","sector":"energy","subsector":"transmission","voltage":"225 kV","grid_class":"regional","status":"operational","operator":"ONEE","source":"ONEE shapefile via OSM-derived conversion","coord_confidence":"approximate","coord_method":"osm_derived"},"geometry":{"type":"LineString","coordinates":[[-2.380095736643379,34.62093305302634],[-2.678248799790873,34.606873216302645]]}},{"type":"Feature","properties":{"id":"onee_hv_619","name":"ONEE 225 kV line","layer":"grid_hv_real","sector":"energy","subsector":"transmission","voltage":"225 kV","grid_class":"regional","status":"operational","operator":"ONEE","source":"ONEE shapefile via OSM-derived conversion","coord_confidence":"approximate","coord_method":"osm_derived"},"geometry":{"type":"LineString","coordinates":[[-5.459218730464807,35.58456532824367],[-5.520206502589206,35.442632631489346],[-5.540696511188993,35.42877052159788]]}},{"type":"Feature","properties":{"id":"onee_hv_620","name":"ONEE 225 kV line","layer":"grid_hv_real","sector":"energy","subsector":"transmission","voltage":"225 kV","grid_class":"regional","status":"operational","operator":"ONEE","source":"ONEE shapefile via OSM-derived conversion","coord_confidence":"approximate","coord_method":"osm_derived"},"geometry":{"type":"LineString","coordinates":[[-5.550453730431181,35.447846735663234],[-5.47550282282025,35.58899415052089]]}},{"type":"Feature","properties":{"id":"onee_hv_621","name":"ONEE 225 kV line","layer":"grid_hv_real","sector":"energy","subsector":"transmission","voltage":"225 kV","grid_class":"regional","status":"operational","operator":"ONEE","source":"ONEE shapefile via OSM-derived conversion","coord_confidence":"approximate","coord_method":"osm_derived"},"geometry":{"type":"LineString","coordinates":[[-8.940528614900607,31.065414283714297],[-8.973515303414224,31.04185323064716],[-8.963740066792303,31.028193772780778],[-8.942970472940656,31.02356701575872]]}},{"type":"Feature","properties":{"id":"onee_hv_622","name":"ONEE 225 kV line","layer":"grid_hv_real","sector":"energy","subsector":"transmission","voltage":"225 kV","grid_class":"regional","status":"operational","operator":"ONEE","source":"ONEE shapefile via OSM-derived conversion","coord_confidence":"approximate","coord_method":"osm_derived"},"geometry":{"type":"LineString","coordinates":[[-8.991981613492381,30.9891716224154],[-8.956181712498648,30.993720052064212]]}},{"type":"Feature","properties":{"id":"onee_hv_623","name":"ONEE 225 kV line","layer":"grid_hv_real","sector":"energy","subsector":"transmission","voltage":"225 kV","grid_class":"regional","status":"operational","operator":"ONEE","source":"ONEE shapefile via OSM-derived conversion","coord_confidence":"approximate","coord_method":"osm_derived"},"geometry":{"type":"LineString","coordinates":[[-6.80638054670936,31.180164028681492],[-6.788944172170503,31.183805541146075]]}},{"type":"Feature","properties":{"id":"onee_hv_624","name":"ONEE 225 kV line","layer":"grid_hv_real","sector":"energy","subsector":"transmission","voltage":"225 kV","grid_class":"regional","status":"operational","operator":"ONEE","source":"ONEE shapefile via OSM-derived conversion","coord_confidence":"approximate","coord_method":"osm_derived"},"geometry":{"type":"LineString","coordinates":[[-6.829954347855818,31.173799478727076],[-6.811543432126006,31.177503702106048]]}},{"type":"Feature","properties":{"id":"onee_hv_625","name":"ONEE 225 kV line","layer":"grid_hv_real","sector":"energy","subsector":"transmission","voltage":"225 kV","grid_class":"regional","status":"operational","operator":"ONEE","source":"ONEE shapefile via OSM-derived conversion","coord_confidence":"approximate","coord_method":"osm_derived"},"geometry":{"type":"LineString","coordinates":[[-6.746923318686051,31.129534686433672],[-6.83580473039228,31.472554121434747],[-6.912575527124941,31.615810027571555],[-7.252456519026953,31.691959955974173],[-7.384870099328658,31.734137824984806]]}},{"type":"Feature","properties":{"id":"onee_hv_626","name":"ONEE 225 kV line","layer":"grid_hv_real","sector":"energy","subsector":"transmission","voltage":"225 kV","grid_class":"regional","status":"operational","operator":"ONEE","source":"ONEE shapefile via OSM-derived conversion","coord_confidence":"approximate","coord_method":"osm_derived"},"geometry":{"type":"LineString","coordinates":[[-9.185602933351214,30.461942634534363],[-9.183948391090247,30.51930204101292]]}},{"type":"Feature","properties":{"id":"onee_hv_627","name":"ONEE 225 kV line","layer":"grid_hv_real","sector":"energy","subsector":"transmission","voltage":"225 kV","grid_class":"regional","status":"operational","operator":"ONEE","source":"ONEE shapefile via OSM-derived conversion","coord_confidence":"approximate","coord_method":"osm_derived"},"geometry":{"type":"LineString","coordinates":[[-9.202082980253962,30.463991089415938],[-9.203389627987786,30.519627997726896]]}},{"type":"Feature","properties":{"id":"onee_hv_628","name":"ONEE 225 kV line","layer":"grid_hv_real","sector":"energy","subsector":"transmission","voltage":"225 kV","grid_class":"regional","status":"operational","operator":"ONEE","source":"ONEE shapefile via OSM-derived conversion","coord_confidence":"approximate","coord_method":"osm_derived"},"geometry":{"type":"LineString","coordinates":[[-6.819190661641279,31.206055404612467],[-6.800641338056195,31.20972813669698]]}},{"type":"Feature","properties":{"id":"onee_hv_629","name":"ONEE 225 kV line","layer":"grid_hv_real","sector":"energy","subsector":"transmission","voltage":"225 kV","grid_class":"regional","status":"operational","operator":"ONEE","source":"ONEE shapefile via OSM-derived conversion","coord_confidence":"approximate","coord_method":"osm_derived"},"geometry":{"type":"LineString","coordinates":[[-6.844795278442677,31.20056906039749],[-6.826379480986668,31.204275581704287]]}},{"type":"Feature","properties":{"id":"onee_hv_630","name":"ONEE 225 kV line","layer":"grid_hv_real","sector":"energy","subsector":"transmission","voltage":"225 kV","grid_class":"regional","status":"operational","operator":"ONEE","source":"ONEE shapefile via OSM-derived conversion","coord_confidence":"approximate","coord_method":"osm_derived"},"geometry":{"type":"LineString","coordinates":[[-6.815856995897671,31.194819234273268],[-6.797421454380198,31.198490153167658]]}},{"type":"Feature","properties":{"id":"onee_hv_631","name":"ONEE 225 kV line","layer":"grid_hv_real","sector":"energy","subsector":"transmission","voltage":"225 kV","grid_class":"regional","status":"operational","operator":"ONEE","source":"ONEE shapefile via OSM-derived conversion","coord_confidence":"approximate","coord_method":"osm_derived"},"geometry":{"type":"LineString","coordinates":[[-6.839464443709359,31.189291120139583],[-6.821033648777615,31.193030097440978]]}},{"type":"Feature","properties":{"id":"onee_hv_632","name":"ONEE 225 kV line","layer":"grid_hv_real","sector":"energy","subsector":"transmission","voltage":"225 kV","grid_class":"regional","status":"operational","operator":"ONEE","source":"ONEE shapefile via OSM-derived conversion","coord_confidence":"approximate","coord_method":"osm_derived"},"geometry":{"type":"LineString","coordinates":[[-8.953585952881863,30.485556233456112],[-8.794779184891452,30.638671199392963],[-8.743092076005597,30.65313629720915],[-8.561260159192685,30.69362671530503]]}},{"type":"Feature","properties":{"id":"onee_hv_633","name":"ONEE 225 kV line","layer":"grid_hv_real","sector":"energy","subsector":"transmission","voltage":"225 kV","grid_class":"regional","status":"operational","operator":"ONEE","source":"ONEE shapefile via OSM-derived conversion","coord_confidence":"approximate","coord_method":"osm_derived"},"geometry":{"type":"LineString","coordinates":[[-8.416346708323776,32.76210108774906],[-8.382450861834144,32.75160846751281]]}},{"type":"Feature","properties":{"id":"onee_hv_634","name":"ONEE 225 kV line","layer":"grid_hv_real","sector":"energy","subsector":"transmission","voltage":"225 kV","grid_class":"regional","status":"operational","operator":"ONEE","source":"ONEE shapefile via OSM-derived conversion","coord_confidence":"approximate","coord_method":"osm_derived"},"geometry":{"type":"LineString","coordinates":[[-6.715913085533141,32.24106217659228],[-6.688859812272331,32.24134913992726]]}},{"type":"Feature","properties":{"id":"onee_hv_635","name":"ONEE 225 kV line","layer":"grid_hv_real","sector":"energy","subsector":"transmission","voltage":"225 kV","grid_class":"regional","status":"operational","operator":"ONEE","source":"ONEE shapefile via OSM-derived conversion","coord_confidence":"approximate","coord_method":"osm_derived"},"geometry":{"type":"LineString","coordinates":[[-5.519991468004647,31.43923440203705],[-5.415672427049456,31.48446010574225]]}},{"type":"Feature","properties":{"id":"onee_hv_636","name":"ONEE 225 kV line","layer":"grid_hv_real","sector":"energy","subsector":"transmission","voltage":"225 kV","grid_class":"regional","status":"operational","operator":"ONEE","source":"ONEE shapefile via OSM-derived conversion","coord_confidence":"approximate","coord_method":"osm_derived"},"geometry":{"type":"LineString","coordinates":[[-5.685985116770685,31.36774860585826],[-5.580818988247202,31.41402161106557]]}},{"type":"Feature","properties":{"id":"onee_hv_637","name":"ONEE 225 kV line","layer":"grid_hv_real","sector":"energy","subsector":"transmission","voltage":"225 kV","grid_class":"regional","status":"operational","operator":"ONEE","source":"ONEE shapefile via OSM-derived conversion","coord_confidence":"approximate","coord_method":"osm_derived"},"geometry":{"type":"LineString","coordinates":[[-5.831137352501273,31.30824506368869],[-5.726055238829156,31.353803889389976]]}},{"type":"Feature","properties":{"id":"onee_hv_638","name":"ONEE 225 kV line","layer":"grid_hv_real","sector":"energy","subsector":"transmission","voltage":"225 kV","grid_class":"regional","status":"operational","operator":"ONEE","source":"ONEE shapefile via OSM-derived conversion","coord_confidence":"approximate","coord_method":"osm_derived"},"geometry":{"type":"LineString","coordinates":[[-5.988513800824522,31.26157968487032],[-5.889789306082622,31.288945518136067]]}},{"type":"Feature","properties":{"id":"onee_hv_639","name":"ONEE 225 kV line","layer":"grid_hv_real","sector":"energy","subsector":"transmission","voltage":"225 kV","grid_class":"regional","status":"operational","operator":"ONEE","source":"ONEE shapefile via OSM-derived conversion","coord_confidence":"approximate","coord_method":"osm_derived"},"geometry":{"type":"LineString","coordinates":[[-6.163408386639902,31.224971403756474],[-6.038928877925525,31.250905590135655]]}},{"type":"Feature","properties":{"id":"onee_hv_640","name":"ONEE 225 kV line","layer":"grid_hv_real","sector":"energy","subsector":"transmission","voltage":"225 kV","grid_class":"regional","status":"operational","operator":"ONEE","source":"ONEE shapefile via OSM-derived conversion","coord_confidence":"approximate","coord_method":"osm_derived"},"geometry":{"type":"LineString","coordinates":[[-6.323677566199218,31.19431194522525],[-6.216809053021082,31.21245950906536]]}},{"type":"Feature","properties":{"id":"onee_hv_641","name":"ONEE 225 kV line","layer":"grid_hv_real","sector":"energy","subsector":"transmission","voltage":"225 kV","grid_class":"regional","status":"operational","operator":"ONEE","source":"ONEE shapefile via OSM-derived conversion","coord_confidence":"approximate","coord_method":"osm_derived"},"geometry":{"type":"LineString","coordinates":[[-6.468552991341233,31.16706723084828],[-6.360648352879317,31.18451049505967]]}},{"type":"Feature","properties":{"id":"onee_hv_642","name":"ONEE 225 kV line","layer":"grid_hv_real","sector":"energy","subsector":"transmission","voltage":"225 kV","grid_class":"regional","status":"operational","operator":"ONEE","source":"ONEE shapefile via OSM-derived conversion","coord_confidence":"approximate","coord_method":"osm_derived"},"geometry":{"type":"LineString","coordinates":[[-6.632851977313493,31.136853039497048],[-6.509633196730733,31.16057663873648]]}},{"type":"Feature","properties":{"id":"onee_hv_643","name":"ONEE 225 kV line","layer":"grid_hv_real","sector":"energy","subsector":"transmission","voltage":"225 kV","grid_class":"regional","status":"operational","operator":"ONEE","source":"ONEE shapefile via OSM-derived conversion","coord_confidence":"approximate","coord_method":"osm_derived"},"geometry":{"type":"LineString","coordinates":[[-6.792274307422801,31.1985492968877],[-6.643099465534361,31.135019905127127]]}},{"type":"Feature","properties":{"id":"onee_hv_644","name":"ONEE 225 kV line","layer":"grid_hv_real","sector":"energy","subsector":"transmission","voltage":"225 kV","grid_class":"regional","status":"operational","operator":"ONEE","source":"ONEE shapefile via OSM-derived conversion","coord_confidence":"approximate","coord_method":"osm_derived"},"geometry":{"type":"LineString","coordinates":[[-6.729546044576624,32.24872733284568],[-6.887529510539541,32.34857026971722]]}},{"type":"Feature","properties":{"id":"onee_hv_645","name":"ONEE 225 kV line","layer":"grid_hv_real","sector":"energy","subsector":"transmission","voltage":"225 kV","grid_class":"regional","status":"operational","operator":"ONEE","source":"ONEE shapefile via OSM-derived conversion","coord_confidence":"approximate","coord_method":"osm_derived"},"geometry":{"type":"LineString","coordinates":[[-7.533018324977681,32.86134451218148],[-7.548021067543592,32.8306753453892]]}},{"type":"Feature","properties":{"id":"onee_hv_646","name":"ONEE 225 kV line","layer":"grid_hv_real","sector":"energy","subsector":"transmission","voltage":"225 kV","grid_class":"regional","status":"operational","operator":"ONEE","source":"ONEE shapefile via OSM-derived conversion","coord_confidence":"approximate","coord_method":"osm_derived"},"geometry":{"type":"LineString","coordinates":[[-7.510020183897794,32.90692093095172],[-7.523955824966005,32.87625665141739]]}},{"type":"Feature","properties":{"id":"onee_hv_647","name":"ONEE 225 kV line","layer":"grid_hv_real","sector":"energy","subsector":"transmission","voltage":"225 kV","grid_class":"regional","status":"operational","operator":"ONEE","source":"ONEE shapefile via OSM-derived conversion","coord_confidence":"approximate","coord_method":"osm_derived"},"geometry":{"type":"LineString","coordinates":[[-7.592539622469733,32.80643338842898],[-7.571120895508989,32.83115218203156]]}},{"type":"Feature","properties":{"id":"onee_hv_648","name":"ONEE 225 kV line","layer":"grid_hv_real","sector":"energy","subsector":"transmission","voltage":"225 kV","grid_class":"regional","status":"operational","operator":"ONEE","source":"ONEE shapefile via OSM-derived conversion","coord_confidence":"approximate","coord_method":"osm_derived"},"geometry":{"type":"LineString","coordinates":[[-7.629262672847651,32.76578191106961],[-7.607891542508508,32.79050658793498]]}},{"type":"Feature","properties":{"id":"onee_hv_649","name":"ONEE 225 kV line","layer":"grid_hv_real","sector":"energy","subsector":"transmission","voltage":"225 kV","grid_class":"regional","status":"operational","operator":"ONEE","source":"ONEE shapefile via OSM-derived conversion","coord_confidence":"approximate","coord_method":"osm_derived"},"geometry":{"type":"LineString","coordinates":[[-4.681551601181372,32.611771066558376],[-5.157802778545482,32.50851180623369],[-5.257095295232475,32.486941374469936],[-5.330221663117273,32.47133991145415],[-5.402274240869416,32.4566299488551],[-5.46600014925142,32.44703845927972],[-5.485815783196951,32.444392032367965]]}},{"type":"Feature","properties":{"id":"onee_hv_650","name":"ONEE 225 kV line","layer":"grid_hv_real","sector":"energy","subsector":"transmission","voltage":"225 kV","grid_class":"regional","status":"operational","operator":"ONEE","source":"ONEE shapefile via OSM-derived conversion","coord_confidence":"approximate","coord_method":"osm_derived"},"geometry":{"type":"LineString","coordinates":[[-5.571362128561329,32.417406335330625],[-5.518151657531977,32.42872384982327]]}},{"type":"Feature","properties":{"id":"onee_hv_651","name":"ONEE 225 kV line","layer":"grid_hv_real","sector":"energy","subsector":"transmission","voltage":"225 kV","grid_class":"regional","status":"operational","operator":"ONEE","source":"ONEE shapefile via OSM-derived conversion","coord_confidence":"approximate","coord_method":"osm_derived"},"geometry":{"type":"LineString","coordinates":[[-6.472832939273947,32.298174104156764],[-5.98955974053219,32.35268975195845],[-5.803897461077153,32.37341315625021],[-5.704942164913581,32.39019517852857],[-5.637107385383442,32.4042420238888],[-5.567230198542257,32.4182856746466]]}},{"type":"Feature","properties":{"id":"onee_hv_652","name":"ONEE 225 kV line","layer":"grid_hv_real","sector":"energy","subsector":"transmission","voltage":"225 kV","grid_class":"regional","status":"operational","operator":"ONEE","source":"ONEE shapefile via OSM-derived conversion","coord_confidence":"approximate","coord_method":"osm_derived"},"geometry":{"type":"LineString","coordinates":[[-7.642305691926063,31.713166283783348],[-7.609544151178517,31.727677041172694]]}},{"type":"Feature","properties":{"id":"onee_hv_653","name":"ONEE 225 kV line","layer":"grid_hv_real","sector":"energy","subsector":"transmission","voltage":"225 kV","grid_class":"regional","status":"operational","operator":"ONEE","source":"ONEE shapefile via OSM-derived conversion","coord_confidence":"approximate","coord_method":"osm_derived"},"geometry":{"type":"LineString","coordinates":[[-7.599310637655488,31.733969594224398],[-7.548337930810803,31.76706898285407]]}},{"type":"Feature","properties":{"id":"onee_hv_654","name":"ONEE 225 kV line","layer":"grid_hv_real","sector":"energy","subsector":"transmission","voltage":"225 kV","grid_class":"regional","status":"operational","operator":"ONEE","source":"ONEE shapefile via OSM-derived conversion","coord_confidence":"approximate","coord_method":"osm_derived"},"geometry":{"type":"LineString","coordinates":[[-7.723918995239278,31.664726335543953],[-7.683149083490863,31.690706620729514]]}},{"type":"Feature","properties":{"id":"onee_hv_655","name":"ONEE 225 kV line","layer":"grid_hv_real","sector":"energy","subsector":"transmission","voltage":"225 kV","grid_class":"regional","status":"operational","operator":"ONEE","source":"ONEE shapefile via OSM-derived conversion","coord_confidence":"approximate","coord_method":"osm_derived"},"geometry":{"type":"LineString","coordinates":[[-7.807152439130043,31.641393075610363],[-7.744395294548713,31.656578577811676]]}},{"type":"Feature","properties":{"id":"onee_hv_656","name":"ONEE 225 kV line","layer":"grid_hv_real","sector":"energy","subsector":"transmission","voltage":"225 kV","grid_class":"regional","status":"operational","operator":"ONEE","source":"ONEE shapefile via OSM-derived conversion","coord_confidence":"approximate","coord_method":"osm_derived"},"geometry":{"type":"LineString","coordinates":[[-9.364376196417533,29.994048046540218],[-9.350837877591045,30.032776260338856]]}},{"type":"Feature","properties":{"id":"onee_hv_657","name":"ONEE 225 kV line","layer":"grid_hv_real","sector":"energy","subsector":"transmission","voltage":"225 kV","grid_class":"regional","status":"operational","operator":"ONEE","source":"ONEE shapefile via OSM-derived conversion","coord_confidence":"approximate","coord_method":"osm_derived"},"geometry":{"type":"LineString","coordinates":[[-9.300656126831885,30.167228626039442],[-9.354235202290395,30.088196755848728]]}},{"type":"Feature","properties":{"id":"onee_hv_658","name":"ONEE 225 kV line","layer":"grid_hv_real","sector":"energy","subsector":"transmission","voltage":"225 kV","grid_class":"regional","status":"operational","operator":"ONEE","source":"ONEE shapefile via OSM-derived conversion","coord_confidence":"approximate","coord_method":"osm_derived"},"geometry":{"type":"LineString","coordinates":[[-8.367792378103374,32.78326757920254],[-8.380654429145732,32.822062188800615]]}},{"type":"Feature","properties":{"id":"onee_hv_659","name":"ONEE 225 kV line","layer":"grid_hv_real","sector":"energy","subsector":"transmission","voltage":"225 kV","grid_class":"regional","status":"operational","operator":"ONEE","source":"ONEE shapefile via OSM-derived conversion","coord_confidence":"approximate","coord_method":"osm_derived"},"geometry":{"type":"LineString","coordinates":[[-6.788207553876481,32.79895425162972],[-6.740203108570697,32.81426339620688]]}},{"type":"Feature","properties":{"id":"onee_hv_660","name":"ONEE 225 kV line","layer":"grid_hv_real","sector":"energy","subsector":"transmission","voltage":"225 kV","grid_class":"regional","status":"operational","operator":"ONEE","source":"ONEE shapefile via OSM-derived conversion","coord_confidence":"approximate","coord_method":"osm_derived"},"geometry":{"type":"LineString","coordinates":[[-6.862371774354761,32.78506521227182],[-6.811172042972651,32.79436341858385]]}},{"type":"Feature","properties":{"id":"onee_hv_661","name":"ONEE 225 kV line","layer":"grid_hv_real","sector":"energy","subsector":"transmission","voltage":"225 kV","grid_class":"regional","status":"operational","operator":"ONEE","source":"ONEE shapefile via OSM-derived conversion","coord_confidence":"approximate","coord_method":"osm_derived"},"geometry":{"type":"LineString","coordinates":[[-6.942177974302395,32.73197668260433],[-6.908161455851025,32.765404496104416]]}},{"type":"Feature","properties":{"id":"onee_hv_662","name":"ONEE 225 kV line","layer":"grid_hv_real","sector":"energy","subsector":"transmission","voltage":"225 kV","grid_class":"regional","status":"operational","operator":"ONEE","source":"ONEE shapefile via OSM-derived conversion","coord_confidence":"approximate","coord_method":"osm_derived"},"geometry":{"type":"LineString","coordinates":[[-6.801245801202087,32.82833243152071],[-6.749997207189582,32.837628649285755]]}},{"type":"Feature","properties":{"id":"onee_hv_663","name":"ONEE 225 kV line","layer":"grid_hv_real","sector":"energy","subsector":"transmission","voltage":"225 kV","grid_class":"regional","status":"operational","operator":"ONEE","source":"ONEE shapefile via OSM-derived conversion","coord_confidence":"approximate","coord_method":"osm_derived"},"geometry":{"type":"LineString","coordinates":[[-6.911967108511844,32.80446699847361],[-6.860766201171545,32.812897048456854]]}},{"type":"Feature","properties":{"id":"onee_hv_664","name":"ONEE 225 kV line","layer":"grid_hv_real","sector":"energy","subsector":"transmission","voltage":"225 kV","grid_class":"regional","status":"operational","operator":"ONEE","source":"ONEE shapefile via OSM-derived conversion","coord_confidence":"approximate","coord_method":"osm_derived"},"geometry":{"type":"LineString","coordinates":[[-6.994819349242569,32.805146446149],[-6.954841062775612,32.79524857617736]]}},{"type":"Feature","properties":{"id":"onee_hv_665","name":"ONEE 225 kV line","layer":"grid_hv_real","sector":"energy","subsector":"transmission","voltage":"225 kV","grid_class":"regional","status":"operational","operator":"ONEE","source":"ONEE shapefile via OSM-derived conversion","coord_confidence":"approximate","coord_method":"osm_derived"},"geometry":{"type":"LineString","coordinates":[[-4.632738171610446,32.562853344520384],[-4.643865590711886,32.61590092539624]]}},{"type":"Feature","properties":{"id":"onee_hv_666","name":"ONEE 225 kV line","layer":"grid_hv_real","sector":"energy","subsector":"transmission","voltage":"225 kV","grid_class":"regional","status":"operational","operator":"ONEE","source":"ONEE shapefile via OSM-derived conversion","coord_confidence":"approximate","coord_method":"osm_derived"},"geometry":{"type":"LineString","coordinates":[[-4.618808961404841,32.487164040582115],[-4.629881381521233,32.54021237888676]]}},{"type":"Feature","properties":{"id":"onee_hv_667","name":"ONEE 225 kV line","layer":"grid_hv_real","sector":"energy","subsector":"transmission","voltage":"225 kV","grid_class":"regional","status":"operational","operator":"ONEE","source":"ONEE shapefile via OSM-derived conversion","coord_confidence":"approximate","coord_method":"osm_derived"},"geometry":{"type":"LineString","coordinates":[[-4.600660735345898,32.41926954033548],[-4.611619953782336,32.47233348256619]]}},{"type":"Feature","properties":{"id":"onee_hv_668","name":"ONEE 225 kV line","layer":"grid_hv_real","sector":"energy","subsector":"transmission","voltage":"225 kV","grid_class":"regional","status":"operational","operator":"ONEE","source":"ONEE shapefile via OSM-derived conversion","coord_confidence":"approximate","coord_method":"osm_derived"},"geometry":{"type":"LineString","coordinates":[[-4.715771344037695,32.65282365891731],[-4.639522345734496,32.628033039148214]]}},{"type":"Feature","properties":{"id":"onee_hv_669","name":"ONEE 225 kV line","layer":"grid_hv_real","sector":"energy","subsector":"transmission","voltage":"225 kV","grid_class":"regional","status":"operational","operator":"ONEE","source":"ONEE shapefile via OSM-derived conversion","coord_confidence":"approximate","coord_method":"osm_derived"},"geometry":{"type":"LineString","coordinates":[[-4.828521676694038,32.68900489624893],[-4.751254816251492,32.66427892242933]]}},{"type":"Feature","properties":{"id":"onee_hv_670","name":"ONEE 225 kV line","layer":"grid_hv_real","sector":"energy","subsector":"transmission","voltage":"225 kV","grid_class":"regional","status":"operational","operator":"ONEE","source":"ONEE shapefile via OSM-derived conversion","coord_confidence":"approximate","coord_method":"osm_derived"},"geometry":{"type":"LineString","coordinates":[[-4.952963732408894,32.729470827794614],[-4.876620568488661,32.70486006113653]]}},{"type":"Feature","properties":{"id":"onee_hv_671","name":"ONEE 225 kV line","layer":"grid_hv_real","sector":"energy","subsector":"transmission","voltage":"225 kV","grid_class":"regional","status":"operational","operator":"ONEE","source":"ONEE shapefile via OSM-derived conversion","coord_confidence":"approximate","coord_method":"osm_derived"},"geometry":{"type":"LineString","coordinates":[[-12.675958660891938,27.873067356468173],[-12.585302957848588,27.87167053397761]]}},{"type":"Feature","properties":{"id":"onee_hv_672","name":"ONEE 225 kV line","layer":"grid_hv_real","sector":"energy","subsector":"transmission","voltage":"225 kV","grid_class":"regional","status":"operational","operator":"ONEE","source":"ONEE shapefile via OSM-derived conversion","coord_confidence":"approximate","coord_method":"osm_derived"},"geometry":{"type":"LineString","coordinates":[[-12.78431569882484,27.89667115788859],[-12.705358852212377,27.87989152860155]]}},{"type":"Feature","properties":{"id":"onee_hv_673","name":"ONEE 225 kV line","layer":"grid_hv_real","sector":"energy","subsector":"transmission","voltage":"225 kV","grid_class":"regional","status":"operational","operator":"ONEE","source":"ONEE shapefile via OSM-derived conversion","coord_confidence":"approximate","coord_method":"osm_derived"},"geometry":{"type":"LineString","coordinates":[[-12.897698306989428,27.919826698339655],[-12.81969139337349,27.903122892691645]]}},{"type":"Feature","properties":{"id":"onee_hv_674","name":"ONEE 225 kV line","layer":"grid_hv_real","sector":"energy","subsector":"transmission","voltage":"225 kV","grid_class":"regional","status":"operational","operator":"ONEE","source":"ONEE shapefile via OSM-derived conversion","coord_confidence":"approximate","coord_method":"osm_derived"},"geometry":{"type":"LineString","coordinates":[[-12.843151150842955,27.68729477161232],[-12.821116420126735,27.610609362785183]]}},{"type":"Feature","properties":{"id":"onee_hv_675","name":"ONEE 225 kV line","layer":"grid_hv_real","sector":"energy","subsector":"transmission","voltage":"225 kV","grid_class":"regional","status":"operational","operator":"ONEE","source":"ONEE shapefile via OSM-derived conversion","coord_confidence":"approximate","coord_method":"osm_derived"},"geometry":{"type":"LineString","coordinates":[[-12.868073226791356,27.787189455017597],[-12.845956971234253,27.709709635877047]]}},{"type":"Feature","properties":{"id":"onee_hv_676","name":"ONEE 225 kV line","layer":"grid_hv_real","sector":"energy","subsector":"transmission","voltage":"225 kV","grid_class":"regional","status":"operational","operator":"ONEE","source":"ONEE shapefile via OSM-derived conversion","coord_confidence":"approximate","coord_method":"osm_derived"},"geometry":{"type":"LineString","coordinates":[[-12.898514263272018,27.892895226580002],[-12.876304425230138,27.815314273458]]}},{"type":"Feature","properties":{"id":"onee_hv_677","name":"ONEE 225 kV line","layer":"grid_hv_real","sector":"energy","subsector":"transmission","voltage":"225 kV","grid_class":"regional","status":"operational","operator":"ONEE","source":"ONEE shapefile via OSM-derived conversion","coord_confidence":"approximate","coord_method":"osm_derived"},"geometry":{"type":"LineString","coordinates":[[-10.026421389189563,28.91891698560616],[-9.949896335098044,28.97739565632248]]}},{"type":"Feature","properties":{"id":"onee_hv_678","name":"ONEE 225 kV line","layer":"grid_hv_real","sector":"energy","subsector":"transmission","voltage":"225 kV","grid_class":"regional","status":"operational","operator":"ONEE","source":"ONEE shapefile via OSM-derived conversion","coord_confidence":"approximate","coord_method":"osm_derived"},"geometry":{"type":"LineString","coordinates":[[-8.458824082826673,31.75106560594477],[-8.434952915284446,31.749931720442884]]}},{"type":"Feature","properties":{"id":"onee_hv_679","name":"ONEE 225 kV line","layer":"grid_hv_real","sector":"energy","subsector":"transmission","voltage":"225 kV","grid_class":"regional","status":"operational","operator":"ONEE","source":"ONEE shapefile via OSM-derived conversion","coord_confidence":"approximate","coord_method":"osm_derived"},"geometry":{"type":"LineString","coordinates":[[-8.50239276413634,31.751729022621316],[-8.472313420780777,31.7516322676772]]}},{"type":"Feature","properties":{"id":"onee_hv_680","name":"ONEE 225 kV line","layer":"grid_hv_real","sector":"energy","subsector":"transmission","voltage":"225 kV","grid_class":"regional","status":"operational","operator":"ONEE","source":"ONEE shapefile via OSM-derived conversion","coord_confidence":"approximate","coord_method":"osm_derived"},"geometry":{"type":"LineString","coordinates":[[-8.559959386675601,31.679810928384],[-8.529938230779504,31.709274859726108]]}},{"type":"Feature","properties":{"id":"onee_hv_681","name":"ONEE 225 kV line","layer":"grid_hv_real","sector":"energy","subsector":"transmission","voltage":"225 kV","grid_class":"regional","status":"operational","operator":"ONEE","source":"ONEE shapefile via OSM-derived conversion","coord_confidence":"approximate","coord_method":"osm_derived"},"geometry":{"type":"LineString","coordinates":[[-8.603381367292227,31.64916386638019],[-8.57410129567721,31.669018077469087]]}},{"type":"Feature","properties":{"id":"onee_hv_682","name":"ONEE 225 kV line","layer":"grid_hv_real","sector":"energy","subsector":"transmission","voltage":"225 kV","grid_class":"regional","status":"operational","operator":"ONEE","source":"ONEE shapefile via OSM-derived conversion","coord_confidence":"approximate","coord_method":"osm_derived"},"geometry":{"type":"LineString","coordinates":[[-7.565191386090111,31.864055529203593],[-7.632769591774528,31.870660876760173]]}},{"type":"Feature","properties":{"id":"onee_hv_683","name":"ONEE 225 kV line","layer":"grid_hv_real","sector":"energy","subsector":"transmission","voltage":"225 kV","grid_class":"regional","status":"operational","operator":"ONEE","source":"ONEE shapefile via OSM-derived conversion","coord_confidence":"approximate","coord_method":"osm_derived"},"geometry":{"type":"LineString","coordinates":[[-7.519665182468916,31.824871638646766],[-7.549415282737592,31.856495024128954]]}},{"type":"Feature","properties":{"id":"onee_hv_684","name":"ONEE 225 kV line","layer":"grid_hv_real","sector":"energy","subsector":"transmission","voltage":"225 kV","grid_class":"regional","status":"operational","operator":"ONEE","source":"ONEE shapefile via OSM-derived conversion","coord_confidence":"approximate","coord_method":"osm_derived"},"geometry":{"type":"LineString","coordinates":[[-7.717055684643402,31.83951842119846],[-7.673966116832879,31.856844779863952]]}},{"type":"Feature","properties":{"id":"onee_hv_685","name":"ONEE 225 kV line","layer":"grid_hv_real","sector":"energy","subsector":"transmission","voltage":"225 kV","grid_class":"regional","status":"operational","operator":"ONEE","source":"ONEE shapefile via OSM-derived conversion","coord_confidence":"approximate","coord_method":"osm_derived"},"geometry":{"type":"LineString","coordinates":[[-7.781573904923687,31.808737015687882],[-7.738525357846262,31.826972712730637]]}},{"type":"Feature","properties":{"id":"onee_hv_686","name":"ONEE 225 kV line","layer":"grid_hv_real","sector":"energy","subsector":"transmission","voltage":"225 kV","grid_class":"regional","status":"operational","operator":"ONEE","source":"ONEE shapefile via OSM-derived conversion","coord_confidence":"approximate","coord_method":"osm_derived"},"geometry":{"type":"LineString","coordinates":[[-7.278522519419474,31.996522486915616],[-7.303238124263852,31.984828610420777]]}},{"type":"Feature","properties":{"id":"onee_hv_687","name":"ONEE 225 kV line","layer":"grid_hv_real","sector":"energy","subsector":"transmission","voltage":"225 kV","grid_class":"regional","status":"operational","operator":"ONEE","source":"ONEE shapefile via OSM-derived conversion","coord_confidence":"approximate","coord_method":"osm_derived"},"geometry":{"type":"LineString","coordinates":[[-7.211663184297135,32.02791173884439],[-7.249684228191986,32.00993836563054]]}},{"type":"Feature","properties":{"id":"onee_hv_688","name":"ONEE 225 kV line","layer":"grid_hv_real","sector":"energy","subsector":"transmission","voltage":"225 kV","grid_class":"regional","status":"operational","operator":"ONEE","source":"ONEE shapefile via OSM-derived conversion","coord_confidence":"approximate","coord_method":"osm_derived"},"geometry":{"type":"LineString","coordinates":[[-7.157130488620187,32.058293577629925],[-7.187993808349517,32.04131576605976]]}},{"type":"Feature","properties":{"id":"onee_hv_689","name":"ONEE 225 kV line","layer":"grid_hv_real","sector":"energy","subsector":"transmission","voltage":"225 kV","grid_class":"regional","status":"operational","operator":"ONEE","source":"ONEE shapefile via OSM-derived conversion","coord_confidence":"approximate","coord_method":"osm_derived"},"geometry":{"type":"LineString","coordinates":[[-7.406654732586795,31.875388300401333],[-7.464673888003049,31.824940990278634]]}},{"type":"Feature","properties":{"id":"onee_hv_690","name":"ONEE 225 kV line","layer":"grid_hv_real","sector":"energy","subsector":"transmission","voltage":"225 kV","grid_class":"regional","status":"operational","operator":"ONEE","source":"ONEE shapefile via OSM-derived conversion","coord_confidence":"approximate","coord_method":"osm_derived"},"geometry":{"type":"LineString","coordinates":[[-7.54017325394538,31.773255556855666],[-7.489165718417754,31.807152899535662]]}},{"type":"Feature","properties":{"id":"onee_hv_691","name":"ONEE 225 kV line","layer":"grid_hv_real","sector":"energy","subsector":"transmission","voltage":"225 kV","grid_class":"regional","status":"operational","operator":"ONEE","source":"ONEE shapefile via OSM-derived conversion","coord_confidence":"approximate","coord_method":"osm_derived"},"geometry":{"type":"LineString","coordinates":[[-8.249302794907578,31.712706943686758],[-8.14156525471548,31.679505265946347],[-7.984289512518951,31.646510783988717],[-7.826730320683263,31.63929237089813]]}},{"type":"Feature","properties":{"id":"onee_hv_692","name":"ONEE 225 kV line","layer":"grid_hv_real","sector":"energy","subsector":"transmission","voltage":"225 kV","grid_class":"regional","status":"operational","operator":"ONEE","source":"ONEE shapefile via OSM-derived conversion","coord_confidence":"approximate","coord_method":"osm_derived"},"geometry":{"type":"LineString","coordinates":[[-7.324329562490777,31.95235617455798],[-7.382436022977859,31.902739686280846]]}},{"type":"Feature","properties":{"id":"onee_hv_693","name":"ONEE 225 kV line","layer":"grid_hv_real","sector":"energy","subsector":"transmission","voltage":"225 kV","grid_class":"regional","status":"operational","operator":"ONEE","source":"ONEE shapefile via OSM-derived conversion","coord_confidence":"approximate","coord_method":"osm_derived"},"geometry":{"type":"LineString","coordinates":[[-6.885232254013419,32.584053810170126],[-6.844696713015781,32.601916236785755]]}},{"type":"Feature","properties":{"id":"onee_hv_694","name":"ONEE 225 kV line","layer":"grid_hv_real","sector":"energy","subsector":"transmission","voltage":"225 kV","grid_class":"regional","status":"operational","operator":"ONEE","source":"ONEE shapefile via OSM-derived conversion","coord_confidence":"approximate","coord_method":"osm_derived"},"geometry":{"type":"LineString","coordinates":[[-6.825983270776538,32.60649788456336],[-6.778986568016242,32.613100712502316]]}},{"type":"Feature","properties":{"id":"onee_hv_695","name":"ONEE 225 kV line","layer":"grid_hv_real","sector":"energy","subsector":"transmission","voltage":"225 kV","grid_class":"regional","status":"operational","operator":"ONEE","source":"ONEE shapefile via OSM-derived conversion","coord_confidence":"approximate","coord_method":"osm_derived"},"geometry":{"type":"LineString","coordinates":[[-6.773328720566092,32.6557620663707],[-6.722233263684436,32.66498985844654]]}},{"type":"Feature","properties":{"id":"onee_hv_696","name":"ONEE 225 kV line","layer":"grid_hv_real","sector":"energy","subsector":"transmission","voltage":"225 kV","grid_class":"regional","status":"operational","operator":"ONEE","source":"ONEE shapefile via OSM-derived conversion","coord_confidence":"approximate","coord_method":"osm_derived"},"geometry":{"type":"LineString","coordinates":[[-6.843282339050099,32.6427789091592],[-6.792149731845107,32.65122043182429]]}},{"type":"Feature","properties":{"id":"onee_hv_697","name":"ONEE 225 kV line","layer":"grid_hv_real","sector":"energy","subsector":"transmission","voltage":"225 kV","grid_class":"regional","status":"operational","operator":"ONEE","source":"ONEE shapefile via OSM-derived conversion","coord_confidence":"approximate","coord_method":"osm_derived"},"geometry":{"type":"LineString","coordinates":[[-6.914581027022774,32.65147406245001],[-6.865224327426106,32.63905331328916]]}},{"type":"Feature","properties":{"id":"onee_hv_698","name":"ONEE 225 kV line","layer":"grid_hv_real","sector":"energy","subsector":"transmission","voltage":"225 kV","grid_class":"regional","status":"operational","operator":"ONEE","source":"ONEE shapefile via OSM-derived conversion","coord_confidence":"approximate","coord_method":"osm_derived"},"geometry":{"type":"LineString","coordinates":[[-6.761330873782611,32.61854928302947],[-6.714320862266588,32.625119216337204]]}},{"type":"Feature","properties":{"id":"onee_hv_699","name":"ONEE 225 kV line","layer":"grid_hv_real","sector":"energy","subsector":"transmission","voltage":"225 kV","grid_class":"regional","status":"operational","operator":"ONEE","source":"ONEE shapefile via OSM-derived conversion","coord_confidence":"approximate","coord_method":"osm_derived"},"geometry":{"type":"LineString","coordinates":[[-8.595070118392583,32.16912349054023],[-8.592501061851571,32.125737379310735]]}},{"type":"Feature","properties":{"id":"onee_hv_700","name":"ONEE 225 kV line","layer":"grid_hv_real","sector":"energy","subsector":"transmission","voltage":"225 kV","grid_class":"regional","status":"operational","operator":"ONEE","source":"ONEE shapefile via OSM-derived conversion","coord_confidence":"approximate","coord_method":"osm_derived"},"geometry":{"type":"LineString","coordinates":[[-8.604193689215474,32.27756120887799],[-8.602185733936368,32.221985969509994]]}},{"type":"Feature","properties":{"id":"onee_hv_701","name":"ONEE 225 kV line","layer":"grid_hv_real","sector":"energy","subsector":"transmission","voltage":"225 kV","grid_class":"regional","status":"operational","operator":"ONEE","source":"ONEE shapefile via OSM-derived conversion","coord_confidence":"approximate","coord_method":"osm_derived"},"geometry":{"type":"LineString","coordinates":[[-8.607618937302298,32.372204135776464],[-8.60560645263846,32.31662158090239]]}},{"type":"Feature","properties":{"id":"onee_hv_702","name":"ONEE 225 kV line","layer":"grid_hv_real","sector":"energy","subsector":"transmission","voltage":"225 kV","grid_class":"regional","status":"operational","operator":"ONEE","source":"ONEE shapefile via OSM-derived conversion","coord_confidence":"approximate","coord_method":"osm_derived"},"geometry":{"type":"LineString","coordinates":[[-8.60564274124404,32.46179265888445],[-8.603629702622372,32.40621611015157]]}},{"type":"Feature","properties":{"id":"onee_hv_703","name":"ONEE 225 kV line","layer":"grid_hv_real","sector":"energy","subsector":"transmission","voltage":"225 kV","grid_class":"regional","status":"operational","operator":"ONEE","source":"ONEE shapefile via OSM-derived conversion","coord_confidence":"approximate","coord_method":"osm_derived"},"geometry":{"type":"LineString","coordinates":[[-8.714274726209572,31.646539857747157],[-8.63836605595757,31.81426154198024],[-8.628011964165408,31.841949713247995],[-8.587950067702817,32.002693198820445],[-8.588557539478725,32.072753413762584]]}},{"type":"Feature","properties":{"id":"onee_hv_704","name":"ONEE 225 kV line","layer":"grid_hv_real","sector":"energy","subsector":"transmission","voltage":"225 kV","grid_class":"regional","status":"operational","operator":"ONEE","source":"ONEE shapefile via OSM-derived conversion","coord_confidence":"approximate","coord_method":"osm_derived"},"geometry":{"type":"LineString","coordinates":[[-8.68258648617464,31.634935132509487],[-8.597421242839005,31.830112863098297],[-8.556375047589965,32.001894099355674],[-8.574392099875377,32.07800277596686]]}},{"type":"Feature","properties":{"id":"onee_hv_705","name":"ONEE 225 kV line","layer":"grid_hv_real","sector":"energy","subsector":"transmission","voltage":"225 kV","grid_class":"regional","status":"operational","operator":"ONEE","source":"ONEE shapefile via OSM-derived conversion","coord_confidence":"approximate","coord_method":"osm_derived"},"geometry":{"type":"LineString","coordinates":[[-8.692473640980394,32.15526419230794],[-8.600066286873291,32.10556011136229]]}},{"type":"Feature","properties":{"id":"onee_hv_706","name":"ONEE 225 kV line","layer":"grid_hv_real","sector":"energy","subsector":"transmission","voltage":"225 kV","grid_class":"regional","status":"operational","operator":"ONEE","source":"ONEE shapefile via OSM-derived conversion","coord_confidence":"approximate","coord_method":"osm_derived"},"geometry":{"type":"LineString","coordinates":[[-8.769588731287712,32.2122740939607],[-8.720050796417146,32.16929531447092]]}},{"type":"Feature","properties":{"id":"onee_hv_707","name":"ONEE 225 kV line","layer":"grid_hv_real","sector":"energy","subsector":"transmission","voltage":"225 kV","grid_class":"regional","status":"operational","operator":"ONEE","source":"ONEE shapefile via OSM-derived conversion","coord_confidence":"approximate","coord_method":"osm_derived"},"geometry":{"type":"LineString","coordinates":[[-8.991981613492381,30.9891716224154],[-9.012317169671583,30.804406878582974],[-8.958645161520423,30.48446885652296]]}},{"type":"Feature","properties":{"id":"onee_hv_708","name":"ONEE 225 kV line","layer":"grid_hv_real","sector":"energy","subsector":"transmission","voltage":"225 kV","grid_class":"regional","status":"operational","operator":"ONEE","source":"ONEE shapefile via OSM-derived conversion","coord_confidence":"approximate","coord_method":"osm_derived"},"geometry":{"type":"LineString","coordinates":[[-8.676246583032578,31.603780100731917],[-8.62907249077815,31.328660362776013],[-8.683562912255296,31.155164288081515],[-8.940528614900607,31.065414283714297]]}},{"type":"Feature","properties":{"id":"onee_hv_709","name":"ONEE 225 kV line","layer":"grid_hv_real","sector":"energy","subsector":"transmission","voltage":"225 kV","grid_class":"regional","status":"operational","operator":"ONEE","source":"ONEE shapefile via OSM-derived conversion","coord_confidence":"approximate","coord_method":"osm_derived"},"geometry":{"type":"LineString","coordinates":[[-8.72061963029505,31.23843429647786],[-8.977707384652133,31.068638384692413]]}},{"type":"Feature","properties":{"id":"onee_hv_710","name":"ONEE 225 kV line","layer":"grid_hv_real","sector":"energy","subsector":"transmission","voltage":"225 kV","grid_class":"regional","status":"operational","operator":"ONEE","source":"ONEE shapefile via OSM-derived conversion","coord_confidence":"approximate","coord_method":"osm_derived"},"geometry":{"type":"LineString","coordinates":[[-9.50534679701917,30.36055986674667],[-8.977707384652133,31.068638384692413]]}},{"type":"Feature","properties":{"id":"onee_hv_711","name":"ONEE 225 kV line","layer":"grid_hv_real","sector":"energy","subsector":"transmission","voltage":"225 kV","grid_class":"regional","status":"operational","operator":"ONEE","source":"ONEE shapefile via OSM-derived conversion","coord_confidence":"approximate","coord_method":"osm_derived"},"geometry":{"type":"LineString","coordinates":[[-9.068974646406451,31.011170466685925],[-8.954508547806094,31.003335869033208]]}},{"type":"Feature","properties":{"id":"onee_hv_712","name":"ONEE 225 kV line","layer":"grid_hv_real","sector":"energy","subsector":"transmission","voltage":"225 kV","grid_class":"regional","status":"operational","operator":"ONEE","source":"ONEE shapefile via OSM-derived conversion","coord_confidence":"approximate","coord_method":"osm_derived"},"geometry":{"type":"LineString","coordinates":[[-8.684554010592079,31.604445347928483],[-8.722695743068673,31.23837749747088]]}},{"type":"Feature","properties":{"id":"onee_hv_713","name":"ONEE 225 kV line","layer":"grid_hv_real","sector":"energy","subsector":"transmission","voltage":"225 kV","grid_class":"regional","status":"operational","operator":"ONEE","source":"ONEE shapefile via OSM-derived conversion","coord_confidence":"approximate","coord_method":"osm_derived"},"geometry":{"type":"LineString","coordinates":[[-4.495942184351667,31.943269850975042],[-4.484917733476017,31.904118869477106]]}},{"type":"Feature","properties":{"id":"onee_hv_714","name":"ONEE 225 kV line","layer":"grid_hv_real","sector":"energy","subsector":"transmission","voltage":"225 kV","grid_class":"regional","status":"operational","operator":"ONEE","source":"ONEE shapefile via OSM-derived conversion","coord_confidence":"approximate","coord_method":"osm_derived"},"geometry":{"type":"LineString","coordinates":[[-4.502012172012348,31.95376973277701],[-4.515436531514851,32.069428863763456]]}},{"type":"Feature","properties":{"id":"onee_hv_715","name":"ONEE 225 kV line","layer":"grid_hv_real","sector":"energy","subsector":"transmission","voltage":"225 kV","grid_class":"regional","status":"operational","operator":"ONEE","source":"ONEE shapefile via OSM-derived conversion","coord_confidence":"approximate","coord_method":"osm_derived"},"geometry":{"type":"LineString","coordinates":[[-4.492242365109035,31.791232454806458],[-4.484041497695605,31.882396423042877]]}},{"type":"Feature","properties":{"id":"onee_hv_716","name":"ONEE 225 kV line","layer":"grid_hv_real","sector":"energy","subsector":"transmission","voltage":"225 kV","grid_class":"regional","status":"operational","operator":"ONEE","source":"ONEE shapefile via OSM-derived conversion","coord_confidence":"approximate","coord_method":"osm_derived"},"geometry":{"type":"LineString","coordinates":[[-4.58226583517675,31.69460406492132],[-4.51226659133312,31.761812265666762]]}},{"type":"Feature","properties":{"id":"onee_hv_717","name":"ONEE 225 kV line","layer":"grid_hv_real","sector":"energy","subsector":"transmission","voltage":"225 kV","grid_class":"regional","status":"operational","operator":"ONEE","source":"ONEE shapefile via OSM-derived conversion","coord_confidence":"approximate","coord_method":"osm_derived"},"geometry":{"type":"LineString","coordinates":[[-4.737191097163644,31.60867142996846],[-4.641598099211019,31.65931457583945]]}},{"type":"Feature","properties":{"id":"onee_hv_718","name":"ONEE 225 kV line","layer":"grid_hv_real","sector":"energy","subsector":"transmission","voltage":"225 kV","grid_class":"regional","status":"operational","operator":"ONEE","source":"ONEE shapefile via OSM-derived conversion","coord_confidence":"approximate","coord_method":"osm_derived"},"geometry":{"type":"LineString","coordinates":[[-4.896702673486984,31.576332234824623],[-4.789028135939499,31.59241509650969]]}},{"type":"Feature","properties":{"id":"onee_hv_719","name":"ONEE 225 kV line","layer":"grid_hv_real","sector":"energy","subsector":"transmission","voltage":"225 kV","grid_class":"regional","status":"operational","operator":"ONEE","source":"ONEE shapefile via OSM-derived conversion","coord_confidence":"approximate","coord_method":"osm_derived"},"geometry":{"type":"LineString","coordinates":[[-5.081878627183885,31.540493308383276],[-4.973276073209198,31.55754331674873]]}},{"type":"Feature","properties":{"id":"onee_hv_720","name":"ONEE 225 kV line","layer":"grid_hv_real","sector":"energy","subsector":"transmission","voltage":"225 kV","grid_class":"regional","status":"operational","operator":"ONEE","source":"ONEE shapefile via OSM-derived conversion","coord_confidence":"approximate","coord_method":"osm_derived"},"geometry":{"type":"LineString","coordinates":[[-5.265875639297239,31.511350283277228],[-5.158382698270101,31.528567805197028]]}},{"type":"Feature","properties":{"id":"onee_hv_721","name":"ONEE 225 kV line","layer":"grid_hv_real","sector":"energy","subsector":"transmission","voltage":"225 kV","grid_class":"regional","status":"operational","operator":"ONEE","source":"ONEE shapefile via OSM-derived conversion","coord_confidence":"approximate","coord_method":"osm_derived"},"geometry":{"type":"LineString","coordinates":[[-5.414691703433265,31.48185973393007],[-5.307204955875655,31.499224880359797]]}},{"type":"Feature","properties":{"id":"onee_hv_722","name":"ONEE 225 kV line","layer":"grid_hv_real","sector":"energy","subsector":"transmission","voltage":"225 kV","grid_class":"regional","status":"operational","operator":"ONEE","source":"ONEE shapefile via OSM-derived conversion","coord_confidence":"approximate","coord_method":"osm_derived"},"geometry":{"type":"LineString","coordinates":[[-8.575077417380385,32.08417592524988],[-8.302535129374059,31.73390152874622]]}},{"type":"Feature","properties":{"id":"onee_hv_723","name":"ONEE 225 kV line","layer":"grid_hv_real","sector":"energy","subsector":"transmission","voltage":"225 kV","grid_class":"regional","status":"operational","operator":"ONEE","source":"ONEE shapefile via OSM-derived conversion","coord_confidence":"approximate","coord_method":"osm_derived"},"geometry":{"type":"LineString","coordinates":[[-8.558873676521435,32.097026141170396],[-8.27522507334962,31.73884759847555]]}},{"type":"Feature","properties":{"id":"onee_hv_724","name":"ONEE 225 kV line","layer":"grid_hv_real","sector":"energy","subsector":"transmission","voltage":"225 kV","grid_class":"regional","status":"operational","operator":"ONEE","source":"ONEE shapefile via OSM-derived conversion","coord_confidence":"approximate","coord_method":"osm_derived"},"geometry":{"type":"LineString","coordinates":[[-6.846369130255199,33.087654661780356],[-6.715456480401174,32.842339955907455]]}},{"type":"Feature","properties":{"id":"onee_hv_725","name":"ONEE 225 kV line","layer":"grid_hv_real","sector":"energy","subsector":"transmission","voltage":"225 kV","grid_class":"regional","status":"operational","operator":"ONEE","source":"ONEE shapefile via OSM-derived conversion","coord_confidence":"approximate","coord_method":"osm_derived"},"geometry":{"type":"LineString","coordinates":[[-15.754420558293173,23.69276833436395],[-15.776187392343111,23.673557130550954]]}},{"type":"Feature","properties":{"id":"onee_hv_726","name":"ONEE 225 kV line","layer":"grid_hv_real","sector":"energy","subsector":"transmission","voltage":"225 kV","grid_class":"regional","status":"operational","operator":"ONEE","source":"ONEE shapefile via OSM-derived conversion","coord_confidence":"approximate","coord_method":"osm_derived"},"geometry":{"type":"LineString","coordinates":[[-15.705705038296644,23.73688053736037],[-15.732733766852432,23.71288158470083]]}},{"type":"Feature","properties":{"id":"onee_hv_727","name":"ONEE 225 kV line","layer":"grid_hv_real","sector":"energy","subsector":"transmission","voltage":"225 kV","grid_class":"regional","status":"operational","operator":"ONEE","source":"ONEE shapefile via OSM-derived conversion","coord_confidence":"approximate","coord_method":"osm_derived"},"geometry":{"type":"LineString","coordinates":[[-15.65536202241687,23.78376730220183],[-15.688444328840589,23.753997892791066]]}},{"type":"Feature","properties":{"id":"onee_hv_728","name":"ONEE 225 kV line","layer":"grid_hv_real","sector":"energy","subsector":"transmission","voltage":"225 kV","grid_class":"regional","status":"operational","operator":"ONEE","source":"ONEE shapefile via OSM-derived conversion","coord_confidence":"approximate","coord_method":"osm_derived"},"geometry":{"type":"LineString","coordinates":[[-15.605715562035206,23.828803901517343],[-15.635332078191453,23.801979343524042]]}},{"type":"Feature","properties":{"id":"onee_hv_729","name":"ONEE 225 kV line","layer":"grid_hv_real","sector":"energy","subsector":"transmission","voltage":"225 kV","grid_class":"regional","status":"operational","operator":"ONEE","source":"ONEE shapefile via OSM-derived conversion","coord_confidence":"approximate","coord_method":"osm_derived"},"geometry":{"type":"LineString","coordinates":[[-15.517692801337802,23.909194120050966],[-15.560473305951959,23.87079368003461]]}},{"type":"Feature","properties":{"id":"onee_hv_730","name":"ONEE 225 kV line","layer":"grid_hv_real","sector":"energy","subsector":"transmission","voltage":"225 kV","grid_class":"regional","status":"operational","operator":"ONEE","source":"ONEE shapefile via OSM-derived conversion","coord_confidence":"approximate","coord_method":"osm_derived"},"geometry":{"type":"LineString","coordinates":[[-15.405038466468737,24.011550305917975],[-15.473133414191468,23.94942032287044]]}},{"type":"Feature","properties":{"id":"onee_hv_731","name":"ONEE 225 kV line","layer":"grid_hv_real","sector":"energy","subsector":"transmission","voltage":"225 kV","grid_class":"regional","status":"operational","operator":"ONEE","source":"ONEE shapefile via OSM-derived conversion","coord_confidence":"approximate","coord_method":"osm_derived"},"geometry":{"type":"LineString","coordinates":[[-15.313137639769645,24.09466694777874],[-15.362096317802093,24.049795838930333]]}},{"type":"Feature","properties":{"id":"onee_hv_732","name":"ONEE 225 kV line","layer":"grid_hv_real","sector":"energy","subsector":"transmission","voltage":"225 kV","grid_class":"regional","status":"operational","operator":"ONEE","source":"ONEE shapefile via OSM-derived conversion","coord_confidence":"approximate","coord_method":"osm_derived"},"geometry":{"type":"LineString","coordinates":[[-15.224635298854617,24.17489841820119],[-15.28247932936178,24.122418121395917]]}},{"type":"Feature","properties":{"id":"onee_hv_733","name":"ONEE 225 kV line","layer":"grid_hv_real","sector":"energy","subsector":"transmission","voltage":"225 kV","grid_class":"regional","status":"operational","operator":"ONEE","source":"ONEE shapefile via OSM-derived conversion","coord_confidence":"approximate","coord_method":"osm_derived"},"geometry":{"type":"LineString","coordinates":[[-15.116599728029737,24.272282156298452],[-15.183380049260975,24.212114810984612]]}},{"type":"Feature","properties":{"id":"onee_hv_734","name":"ONEE 225 kV line","layer":"grid_hv_real","sector":"energy","subsector":"transmission","voltage":"225 kV","grid_class":"regional","status":"operational","operator":"ONEE","source":"ONEE shapefile via OSM-derived conversion","coord_confidence":"approximate","coord_method":"osm_derived"},"geometry":{"type":"LineString","coordinates":[[-15.024211183852435,24.355282457337836],[-15.08228879799191,24.30284634763129]]}},{"type":"Feature","properties":{"id":"onee_hv_735","name":"ONEE 225 kV line","layer":"grid_hv_real","sector":"energy","subsector":"transmission","voltage":"225 kV","grid_class":"regional","status":"operational","operator":"ONEE","source":"ONEE shapefile via OSM-derived conversion","coord_confidence":"approximate","coord_method":"osm_derived"},"geometry":{"type":"LineString","coordinates":[[-14.93608334859705,24.434369025272822],[-14.980994421469804,24.39339753360642]]}},{"type":"Feature","properties":{"id":"onee_hv_736","name":"ONEE 225 kV line","layer":"grid_hv_real","sector":"energy","subsector":"transmission","voltage":"225 kV","grid_class":"regional","status":"operational","operator":"ONEE","source":"ONEE shapefile via OSM-derived conversion","coord_confidence":"approximate","coord_method":"osm_derived"},"geometry":{"type":"LineString","coordinates":[[-14.835762728084061,24.556681404566138],[-14.848676997898242,24.512416104438348],[-14.89634786525899,24.469623705464898]]}},{"type":"Feature","properties":{"id":"onee_hv_737","name":"ONEE 225 kV line","layer":"grid_hv_real","sector":"energy","subsector":"transmission","voltage":"225 kV","grid_class":"regional","status":"operational","operator":"ONEE","source":"ONEE shapefile via OSM-derived conversion","coord_confidence":"approximate","coord_method":"osm_derived"},"geometry":{"type":"LineString","coordinates":[[-14.812309044177423,24.640715329116563],[-14.824469746737666,24.598274764768092]]}},{"type":"Feature","properties":{"id":"onee_hv_738","name":"ONEE 225 kV line","layer":"grid_hv_real","sector":"energy","subsector":"transmission","voltage":"225 kV","grid_class":"regional","status":"operational","operator":"ONEE","source":"ONEE shapefile via OSM-derived conversion","coord_confidence":"approximate","coord_method":"osm_derived"},"geometry":{"type":"LineString","coordinates":[[-14.772292419603202,24.76239129610806],[-14.805207570052014,24.666398876143937]]}},{"type":"Feature","properties":{"id":"onee_hv_739","name":"ONEE 225 kV line","layer":"grid_hv_real","sector":"energy","subsector":"transmission","voltage":"225 kV","grid_class":"regional","status":"operational","operator":"ONEE","source":"ONEE shapefile via OSM-derived conversion","coord_confidence":"approximate","coord_method":"osm_derived"},"geometry":{"type":"LineString","coordinates":[[-14.72504767601828,24.949440499074996],[-14.759738109268028,24.830796605497355]]}},{"type":"Feature","properties":{"id":"onee_hv_740","name":"ONEE 225 kV line","layer":"grid_hv_real","sector":"energy","subsector":"transmission","voltage":"225 kV","grid_class":"regional","status":"operational","operator":"ONEE","source":"ONEE shapefile via OSM-derived conversion","coord_confidence":"approximate","coord_method":"osm_derived"},"geometry":{"type":"LineString","coordinates":[[-14.683479107445885,25.09728487446546],[-14.711475235978192,24.99810669903879]]}},{"type":"Feature","properties":{"id":"onee_hv_741","name":"ONEE 225 kV line","layer":"grid_hv_real","sector":"energy","subsector":"transmission","voltage":"225 kV","grid_class":"regional","status":"operational","operator":"ONEE","source":"ONEE shapefile via OSM-derived conversion","coord_confidence":"approximate","coord_method":"osm_derived"},"geometry":{"type":"LineString","coordinates":[[-14.639297968220626,25.249544758735784],[-14.66746829107483,25.151286943628023]]}},{"type":"Feature","properties":{"id":"onee_hv_742","name":"ONEE 225 kV line","layer":"grid_hv_real","sector":"energy","subsector":"transmission","voltage":"225 kV","grid_class":"regional","status":"operational","operator":"ONEE","source":"ONEE shapefile via OSM-derived conversion","coord_confidence":"approximate","coord_method":"osm_derived"},"geometry":{"type":"LineString","coordinates":[[-14.598909594105274,25.40249038293829],[-14.619297903659442,25.322973768049305],[-14.629985119411172,25.283194984663048]]}},{"type":"Feature","properties":{"id":"onee_hv_743","name":"ONEE 225 kV line","layer":"grid_hv_real","sector":"energy","subsector":"transmission","voltage":"225 kV","grid_class":"regional","status":"operational","operator":"ONEE","source":"ONEE shapefile via OSM-derived conversion","coord_confidence":"approximate","coord_method":"osm_derived"},"geometry":{"type":"LineString","coordinates":[[-14.555325800122773,25.573823571348555],[-14.58973167143488,25.437839328648522]]}},{"type":"Feature","properties":{"id":"onee_hv_744","name":"ONEE 225 kV line","layer":"grid_hv_real","sector":"energy","subsector":"transmission","voltage":"225 kV","grid_class":"regional","status":"operational","operator":"ONEE","source":"ONEE shapefile via OSM-derived conversion","coord_confidence":"approximate","coord_method":"osm_derived"},"geometry":{"type":"LineString","coordinates":[[-14.520276011133312,25.71430852805572],[-14.5419761596345,25.626851770177563]]}},{"type":"Feature","properties":{"id":"onee_hv_745","name":"ONEE 225 kV line","layer":"grid_hv_real","sector":"energy","subsector":"transmission","voltage":"225 kV","grid_class":"regional","status":"operational","operator":"ONEE","source":"ONEE shapefile via OSM-derived conversion","coord_confidence":"approximate","coord_method":"osm_derived"},"geometry":{"type":"LineString","coordinates":[[-14.485020160872779,25.853863828672722],[-14.509668082636868,25.75582300074312]]}},{"type":"Feature","properties":{"id":"onee_hv_746","name":"ONEE 225 kV line","layer":"grid_hv_real","sector":"energy","subsector":"transmission","voltage":"225 kV","grid_class":"regional","status":"operational","operator":"ONEE","source":"ONEE shapefile via OSM-derived conversion","coord_confidence":"approximate","coord_method":"osm_derived"},"geometry":{"type":"LineString","coordinates":[[-14.443977619279824,26.01554740992443],[-14.47087160509901,25.90951467110752]]}},{"type":"Feature","properties":{"id":"onee_hv_747","name":"ONEE 225 kV line","layer":"grid_hv_real","sector":"energy","subsector":"transmission","voltage":"225 kV","grid_class":"regional","status":"operational","operator":"ONEE","source":"ONEE shapefile via OSM-derived conversion","coord_confidence":"approximate","coord_method":"osm_derived"},"geometry":{"type":"LineString","coordinates":[[-14.394845537782865,26.206538757302802],[-14.428195305251371,26.074847964975362]]}},{"type":"Feature","properties":{"id":"onee_hv_748","name":"ONEE 225 kV line","layer":"grid_hv_real","sector":"energy","subsector":"transmission","voltage":"225 kV","grid_class":"regional","status":"operational","operator":"ONEE","source":"ONEE shapefile via OSM-derived conversion","coord_confidence":"approximate","coord_method":"osm_derived"},"geometry":{"type":"LineString","coordinates":[[-12.910618258437871,27.894719165792605],[-13.129128294850418,27.280936006392476]]}},{"type":"Feature","properties":{"id":"onee_hv_749","name":"ONEE 225 kV line","layer":"grid_hv_real","sector":"energy","subsector":"transmission","voltage":"225 kV","grid_class":"regional","status":"operational","operator":"ONEE","source":"ONEE shapefile via OSM-derived conversion","coord_confidence":"approximate","coord_method":"osm_derived"},"geometry":{"type":"LineString","coordinates":[[-8.904434601297066,32.354529621971835],[-8.388959125010134,32.72713888955822]]}},{"type":"Feature","properties":{"id":"onee_hv_750","name":"ONEE 225 kV line","layer":"grid_hv_real","sector":"energy","subsector":"transmission","voltage":"225 kV","grid_class":"regional","status":"operational","operator":"ONEE","source":"ONEE shapefile via OSM-derived conversion","coord_confidence":"approximate","coord_method":"osm_derived"},"geometry":{"type":"LineString","coordinates":[[-9.649907298126662,31.511981421925572],[-9.725379152913055,31.532816207215085]]}},{"type":"Feature","properties":{"id":"onee_hv_751","name":"ONEE 225 kV line","layer":"grid_hv_real","sector":"energy","subsector":"transmission","voltage":"225 kV","grid_class":"regional","status":"operational","operator":"ONEE","source":"ONEE shapefile via OSM-derived conversion","coord_confidence":"approximate","coord_method":"osm_derived"},"geometry":{"type":"LineString","coordinates":[[-9.528973691728618,31.535284632255216],[-9.630333591027043,31.513519092896782]]}},{"type":"Feature","properties":{"id":"onee_hv_752","name":"ONEE 225 kV line","layer":"grid_hv_real","sector":"energy","subsector":"transmission","voltage":"225 kV","grid_class":"regional","status":"operational","operator":"ONEE","source":"ONEE shapefile via OSM-derived conversion","coord_confidence":"approximate","coord_method":"osm_derived"},"geometry":{"type":"LineString","coordinates":[[-9.462989371048435,31.607057770103395],[-9.514817883964945,31.54270065722473]]}},{"type":"Feature","properties":{"id":"onee_hv_753","name":"ONEE 225 kV line","layer":"grid_hv_real","sector":"energy","subsector":"transmission","voltage":"225 kV","grid_class":"regional","status":"operational","operator":"ONEE","source":"ONEE shapefile via OSM-derived conversion","coord_confidence":"approximate","coord_method":"osm_derived"},"geometry":{"type":"LineString","coordinates":[[-9.393376979537381,31.694529525991676],[-9.445307013474048,31.629358986314305]]}},{"type":"Feature","properties":{"id":"onee_hv_754","name":"ONEE 225 kV line","layer":"grid_hv_real","sector":"energy","subsector":"transmission","voltage":"225 kV","grid_class":"regional","status":"operational","operator":"ONEE","source":"ONEE shapefile via OSM-derived conversion","coord_confidence":"approximate","coord_method":"osm_derived"},"geometry":{"type":"LineString","coordinates":[[-9.255582429248198,31.862400595656872],[-9.303895350751581,31.80439232808577]]}},{"type":"Feature","properties":{"id":"onee_hv_755","name":"ONEE 225 kV line","layer":"grid_hv_real","sector":"energy","subsector":"transmission","voltage":"225 kV","grid_class":"regional","status":"operational","operator":"ONEE","source":"ONEE shapefile via OSM-derived conversion","coord_confidence":"approximate","coord_method":"osm_derived"},"geometry":{"type":"LineString","coordinates":[[-9.191325751032148,31.938280952843616],[-9.240771904722148,31.880263889351195]]}},{"type":"Feature","properties":{"id":"onee_hv_756","name":"ONEE 225 kV line","layer":"grid_hv_real","sector":"energy","subsector":"transmission","voltage":"225 kV","grid_class":"regional","status":"operational","operator":"ONEE","source":"ONEE shapefile via OSM-derived conversion","coord_confidence":"approximate","coord_method":"osm_derived"},"geometry":{"type":"LineString","coordinates":[[-9.128016216493362,32.01328885963563],[-9.176499872061093,31.95527890079483]]}},{"type":"Feature","properties":{"id":"onee_hv_757","name":"ONEE 225 kV line","layer":"grid_hv_real","sector":"energy","subsector":"transmission","voltage":"225 kV","grid_class":"regional","status":"operational","operator":"ONEE","source":"ONEE shapefile via OSM-derived conversion","coord_confidence":"approximate","coord_method":"osm_derived"},"geometry":{"type":"LineString","coordinates":[[-9.015687365019328,32.166175662298706],[-9.051655940932593,32.10420417875318]]}},{"type":"Feature","properties":{"id":"onee_hv_758","name":"ONEE 225 kV line","layer":"grid_hv_real","sector":"energy","subsector":"transmission","voltage":"225 kV","grid_class":"regional","status":"operational","operator":"ONEE","source":"ONEE shapefile via OSM-derived conversion","coord_confidence":"approximate","coord_method":"osm_derived"},"geometry":{"type":"LineString","coordinates":[[-8.967966687759509,32.24836975331687],[-9.003969519662924,32.185614308518524]]}},{"type":"Feature","properties":{"id":"onee_hv_759","name":"ONEE 225 kV line","layer":"grid_hv_real","sector":"energy","subsector":"transmission","voltage":"225 kV","grid_class":"regional","status":"operational","operator":"ONEE","source":"ONEE shapefile via OSM-derived conversion","coord_confidence":"approximate","coord_method":"osm_derived"},"geometry":{"type":"LineString","coordinates":[[-9.325621689950097,31.779313861130927],[-9.377691155540068,31.715074663008714]]}},{"type":"Feature","properties":{"id":"onee_hv_760","name":"ONEE 225 kV line","layer":"grid_hv_real","sector":"energy","subsector":"transmission","voltage":"225 kV","grid_class":"regional","status":"operational","operator":"ONEE","source":"ONEE shapefile via OSM-derived conversion","coord_confidence":"approximate","coord_method":"osm_derived"},"geometry":{"type":"LineString","coordinates":[[-9.059554881523159,32.09354171907838],[-9.108139317007204,32.035573996343665]]}},{"type":"Feature","properties":{"id":"onee_hv_761","name":"ONEE 225 kV line","layer":"grid_hv_real","sector":"energy","subsector":"transmission","voltage":"225 kV","grid_class":"regional","status":"operational","operator":"ONEE","source":"ONEE shapefile via OSM-derived conversion","coord_confidence":"approximate","coord_method":"osm_derived"},"geometry":{"type":"LineString","coordinates":[[-8.919202659373584,32.33237825547435],[-8.955274383320244,32.2696429073005]]}},{"type":"Feature","properties":{"id":"onee_hv_762","name":"ONEE 225 kV line","layer":"grid_hv_real","sector":"energy","subsector":"transmission","voltage":"225 kV","grid_class":"regional","status":"operational","operator":"ONEE","source":"ONEE shapefile via OSM-derived conversion","coord_confidence":"approximate","coord_method":"osm_derived"},"geometry":{"type":"LineString","coordinates":[[-13.05032473616564,27.24882636282656],[-13.079379095678918,27.14545667152334]]}},{"type":"Feature","properties":{"id":"onee_hv_763","name":"ONEE 225 kV line","layer":"grid_hv_real","sector":"energy","subsector":"transmission","voltage":"225 kV","grid_class":"regional","status":"operational","operator":"ONEE","source":"ONEE shapefile via OSM-derived conversion","coord_confidence":"approximate","coord_method":"osm_derived"},"geometry":{"type":"LineString","coordinates":[[-13.217740282950421,27.13452291494791],[-13.094501335179471,27.173050687010498],[-13.086349679693951,27.229973067215063],[-13.096107275632825,27.240619441285382],[-13.108767951588005,27.23802366754674]]}},{"type":"Feature","properties":{"id":"onee_hv_764","name":"ONEE 225 kV line","layer":"grid_hv_real","sector":"energy","subsector":"transmission","voltage":"225 kV","grid_class":"regional","status":"operational","operator":"ONEE","source":"ONEE shapefile via OSM-derived conversion","coord_confidence":"approximate","coord_method":"osm_derived"},"geometry":{"type":"LineString","coordinates":[[-9.394106934378263,30.485630781456493],[-9.408447130926819,30.46342143144803]]}},{"type":"Feature","properties":{"id":"onee_hv_765","name":"ONEE 225 kV line","layer":"grid_hv_real","sector":"energy","subsector":"transmission","voltage":"225 kV","grid_class":"regional","status":"operational","operator":"ONEE","source":"ONEE shapefile via OSM-derived conversion","coord_confidence":"approximate","coord_method":"osm_derived"},"geometry":{"type":"LineString","coordinates":[[-13.404328989952067,27.156522013143782],[-13.210606149665086,27.143710024579892]]}},{"type":"Feature","properties":{"id":"onee_hv_766","name":"ONEE 225 kV line","layer":"grid_hv_real","sector":"energy","subsector":"transmission","voltage":"225 kV","grid_class":"regional","status":"operational","operator":"ONEE","source":"ONEE shapefile via OSM-derived conversion","coord_confidence":"approximate","coord_method":"osm_derived"},"geometry":{"type":"LineString","coordinates":[[-8.972512526415493,31.27474544298121],[-8.951677020988113,31.295333360815196],[-8.858346770702715,31.334571355941637],[-8.789733604374472,31.376425797807208]]}},{"type":"Feature","properties":{"id":"onee_hv_767","name":"ONEE 225 kV line","layer":"grid_hv_real","sector":"energy","subsector":"transmission","voltage":"225 kV","grid_class":"regional","status":"operational","operator":"ONEE","source":"ONEE shapefile via OSM-derived conversion","coord_confidence":"approximate","coord_method":"osm_derived"},"geometry":{"type":"LineString","coordinates":[[-9.182004298144136,30.888680657867983],[-9.133741658575705,30.96229007676447],[-9.068974646406451,31.011170466685925]]}},{"type":"Feature","properties":{"id":"onee_hv_768","name":"ONEE 225 kV line","layer":"grid_hv_real","sector":"energy","subsector":"transmission","voltage":"225 kV","grid_class":"regional","status":"operational","operator":"ONEE","source":"ONEE shapefile via OSM-derived conversion","coord_confidence":"approximate","coord_method":"osm_derived"},"geometry":{"type":"LineString","coordinates":[[-9.408791000635745,30.539887799858487],[-9.357850219916356,30.614529186868605],[-9.352017942385887,30.667739665898196],[-9.298126163794864,30.772027835424975],[-9.233702809558256,30.823571990608986],[-9.182004298144136,30.888680657867983]]}},{"type":"Feature","properties":{"id":"onee_hv_769","name":"ONEE 225 kV line","layer":"grid_hv_real","sector":"energy","subsector":"transmission","voltage":"225 kV","grid_class":"regional","status":"operational","operator":"ONEE","source":"ONEE shapefile via OSM-derived conversion","coord_confidence":"approximate","coord_method":"osm_derived"},"geometry":{"type":"LineString","coordinates":[[-9.017452556460391,31.18741248741985],[-9.054047500110237,31.049018274866626],[-8.948737429841916,31.013023851227555]]}},{"type":"Feature","properties":{"id":"onee_hv_770","name":"ONEE 225 kV line","layer":"grid_hv_real","sector":"energy","subsector":"transmission","voltage":"225 kV","grid_class":"regional","status":"operational","operator":"ONEE","source":"ONEE shapefile via OSM-derived conversion","coord_confidence":"approximate","coord_method":"osm_derived"},"geometry":{"type":"LineString","coordinates":[[-8.972512526415493,31.27474544298121],[-9.017452556460391,31.18741248741985]]}},{"type":"Feature","properties":{"id":"onee_hv_771","name":"ONEE 225 kV line","layer":"grid_hv_real","sector":"energy","subsector":"transmission","voltage":"225 kV","grid_class":"regional","status":"operational","operator":"ONEE","source":"ONEE shapefile via OSM-derived conversion","coord_confidence":"approximate","coord_method":"osm_derived"},"geometry":{"type":"LineString","coordinates":[[-8.716529316283976,31.60094451027804],[-8.739337452506835,31.519503832555152],[-8.760107536864728,31.43984611937712],[-8.789733604374472,31.376425797807208]]}},{"type":"Feature","properties":{"id":"onee_hv_772","name":"ONEE 225 kV line","layer":"grid_hv_real","sector":"energy","subsector":"transmission","voltage":"225 kV","grid_class":"regional","status":"operational","operator":"ONEE","source":"ONEE shapefile via OSM-derived conversion","coord_confidence":"approximate","coord_method":"osm_derived"},"geometry":{"type":"LineString","coordinates":[[-7.926891086459674,32.362024208243135],[-7.93266902511174,32.308016417647146],[-7.907078040246659,32.28941334480001]]}},{"type":"Feature","properties":{"id":"onee_hv_773","name":"ONEE 225 kV line","layer":"grid_hv_real","sector":"energy","subsector":"transmission","voltage":"225 kV","grid_class":"regional","status":"operational","operator":"ONEE","source":"ONEE shapefile via OSM-derived conversion","coord_confidence":"approximate","coord_method":"osm_derived"},"geometry":{"type":"LineString","coordinates":[[-7.967063927595468,32.20040736065741],[-7.903502262901824,32.23559831166728]]}},{"type":"Feature","properties":{"id":"onee_hv_774","name":"ONEE 225 kV line","layer":"grid_hv_real","sector":"energy","subsector":"transmission","voltage":"225 kV","grid_class":"regional","status":"operational","operator":"ONEE","source":"ONEE shapefile via OSM-derived conversion","coord_confidence":"approximate","coord_method":"osm_derived"},"geometry":{"type":"LineString","coordinates":[[-7.958671223544677,32.05371188303935],[-7.967088720961276,32.201264180935766]]}},{"type":"Feature","properties":{"id":"onee_hv_775","name":"ONEE 225 kV line","layer":"grid_hv_real","sector":"energy","subsector":"transmission","voltage":"225 kV","grid_class":"regional","status":"operational","operator":"ONEE","source":"ONEE shapefile via OSM-derived conversion","coord_confidence":"approximate","coord_method":"osm_derived"},"geometry":{"type":"LineString","coordinates":[[-8.904434601297066,32.354529621971835],[-8.672750815731955,32.721678088210375],[-8.581269050611027,32.886623093613345]]}},{"type":"Feature","properties":{"id":"onee_hv_776","name":"ONEE 225 kV line","layer":"grid_hv_real","sector":"energy","subsector":"transmission","voltage":"225 kV","grid_class":"regional","status":"operational","operator":"ONEE","source":"ONEE shapefile via OSM-derived conversion","coord_confidence":"approximate","coord_method":"osm_derived"},"geometry":{"type":"LineString","coordinates":[[-9.038459023377081,30.334442261109764],[-8.97245829185541,30.419810102196617]]}},{"type":"Feature","properties":{"id":"onee_hv_777","name":"ONEE 225 kV line","layer":"grid_hv_real","sector":"energy","subsector":"transmission","voltage":"225 kV","grid_class":"regional","status":"operational","operator":"ONEE","source":"ONEE shapefile via OSM-derived conversion","coord_confidence":"approximate","coord_method":"osm_derived"},"geometry":{"type":"LineString","coordinates":[[-9.185602933351214,30.461942634534363],[-8.975212921156244,30.437144550675285]]}},{"type":"Feature","properties":{"id":"onee_hv_778","name":"ONEE 225 kV line","layer":"grid_hv_real","sector":"energy","subsector":"transmission","voltage":"225 kV","grid_class":"regional","status":"operational","operator":"ONEE","source":"ONEE shapefile via OSM-derived conversion","coord_confidence":"approximate","coord_method":"osm_derived"},"geometry":{"type":"LineString","coordinates":[[-9.391089019548211,30.48573082926875],[-9.202082980253962,30.463991089415938]]}},{"type":"Feature","properties":{"id":"onee_hv_779","name":"ONEE 225 kV line","layer":"grid_hv_real","sector":"energy","subsector":"transmission","voltage":"225 kV","grid_class":"regional","status":"operational","operator":"ONEE","source":"ONEE shapefile via OSM-derived conversion","coord_confidence":"approximate","coord_method":"osm_derived"},"geometry":{"type":"LineString","coordinates":[[-9.089451017032841,30.934105201839515],[-8.973864211267319,30.455375256789086]]}},{"type":"Feature","properties":{"id":"onee_hv_780","name":"ONEE 225 kV line","layer":"grid_hv_real","sector":"energy","subsector":"transmission","voltage":"225 kV","grid_class":"regional","status":"operational","operator":"ONEE","source":"ONEE shapefile via OSM-derived conversion","coord_confidence":"approximate","coord_method":"osm_derived"},"geometry":{"type":"LineString","coordinates":[[-12.909347323753813,27.437568080254728],[-13.129128294850418,27.280936006392476]]}},{"type":"Feature","properties":{"id":"onee_hv_781","name":"ONEE 225 kV line","layer":"grid_hv_real","sector":"energy","subsector":"transmission","voltage":"225 kV","grid_class":"regional","status":"operational","operator":"ONEE","source":"ONEE shapefile via OSM-derived conversion","coord_confidence":"approximate","coord_method":"osm_derived"},"geometry":{"type":"LineString","coordinates":[[-9.532895237255905,29.69833536653495],[-9.50276872874424,29.682030888838838]]}},{"type":"Feature","properties":{"id":"onee_hv_782","name":"ONEE 225 kV line","layer":"grid_hv_real","sector":"energy","subsector":"transmission","voltage":"225 kV","grid_class":"regional","status":"operational","operator":"ONEE","source":"ONEE shapefile via OSM-derived conversion","coord_confidence":"approximate","coord_method":"osm_derived"},"geometry":{"type":"LineString","coordinates":[[-9.360996168974397,30.033296154666054],[-9.437791925288785,29.77020288353831],[-9.530089633914264,29.72538511980795],[-9.573621914743962,29.724712688018545]]}},{"type":"Feature","properties":{"id":"onee_hv_783","name":"ONEE 225 kV line","layer":"grid_hv_real","sector":"energy","subsector":"transmission","voltage":"225 kV","grid_class":"regional","status":"operational","operator":"ONEE","source":"ONEE shapefile via OSM-derived conversion","coord_confidence":"approximate","coord_method":"osm_derived"},"geometry":{"type":"LineString","coordinates":[[-9.088447097526268,30.284262861925217],[-9.135513580438584,30.238563667729487],[-9.300656126831885,30.167228626039442]]}},{"type":"Feature","properties":{"id":"onee_hv_784","name":"ONEE 225 kV line","layer":"grid_hv_real","sector":"energy","subsector":"transmission","voltage":"225 kV","grid_class":"regional","status":"operational","operator":"ONEE","source":"ONEE shapefile via OSM-derived conversion","coord_confidence":"approximate","coord_method":"osm_derived"},"geometry":{"type":"LineString","coordinates":[[-9.532895237255905,29.69833536653495],[-9.584520690891916,29.696538212254453]]}},{"type":"Feature","properties":{"id":"onee_hv_785","name":"ONEE 225 kV line","layer":"grid_hv_real","sector":"energy","subsector":"transmission","voltage":"225 kV","grid_class":"regional","status":"operational","operator":"ONEE","source":"ONEE shapefile via OSM-derived conversion","coord_confidence":"approximate","coord_method":"osm_derived"},"geometry":{"type":"LineString","coordinates":[[-9.733869424853657,29.12954640640524],[-9.680467901951154,29.23733759920339],[-9.57692205647838,29.48758348720447],[-9.50276872874424,29.682030888838838]]}},{"type":"Feature","properties":{"id":"onee_hv_786","name":"ONEE 225 kV line","layer":"grid_hv_real","sector":"energy","subsector":"transmission","voltage":"225 kV","grid_class":"regional","status":"operational","operator":"ONEE","source":"ONEE shapefile via OSM-derived conversion","coord_confidence":"approximate","coord_method":"osm_derived"},"geometry":{"type":"LineString","coordinates":[[-9.949896335098044,28.97739565632248],[-9.733869424853657,29.12954640640524]]}},{"type":"Feature","properties":{"id":"onee_hv_787","name":"ONEE 225 kV line","layer":"grid_hv_real","sector":"energy","subsector":"transmission","voltage":"225 kV","grid_class":"regional","status":"operational","operator":"ONEE","source":"ONEE shapefile via OSM-derived conversion","coord_confidence":"approximate","coord_method":"osm_derived"},"geometry":{"type":"LineString","coordinates":[[-10.562585692473277,28.676377440702463],[-10.026421389189563,28.91891698560616]]}},{"type":"Feature","properties":{"id":"onee_hv_788","name":"ONEE 225 kV line","layer":"grid_hv_real","sector":"energy","subsector":"transmission","voltage":"225 kV","grid_class":"regional","status":"operational","operator":"ONEE","source":"ONEE shapefile via OSM-derived conversion","coord_confidence":"approximate","coord_method":"osm_derived"},"geometry":{"type":"LineString","coordinates":[[-10.89438780718742,28.557242551890024],[-10.562585692473277,28.676377440702463]]}},{"type":"Feature","properties":{"id":"onee_hv_789","name":"ONEE 225 kV line","layer":"grid_hv_real","sector":"energy","subsector":"transmission","voltage":"225 kV","grid_class":"regional","status":"operational","operator":"ONEE","source":"ONEE shapefile via OSM-derived conversion","coord_confidence":"approximate","coord_method":"osm_derived"},"geometry":{"type":"LineString","coordinates":[[-13.09347829360609,27.148878952469413],[-13.426948752078582,27.08647738011395]]}},{"type":"Feature","properties":{"id":"onee_hv_790","name":"ONEE 225 kV line","layer":"grid_hv_real","sector":"energy","subsector":"transmission","voltage":"225 kV","grid_class":"regional","status":"operational","operator":"ONEE","source":"ONEE shapefile via OSM-derived conversion","coord_confidence":"approximate","coord_method":"osm_derived"},"geometry":{"type":"LineString","coordinates":[[-6.710238481561298,32.22638415969174],[-6.627588808655561,32.144503305251106]]}},{"type":"Feature","properties":{"id":"onee_hv_791","name":"ONEE 225 kV line","layer":"grid_hv_real","sector":"energy","subsector":"transmission","voltage":"225 kV","grid_class":"regional","status":"operational","operator":"ONEE","source":"ONEE shapefile via OSM-derived conversion","coord_confidence":"approximate","coord_method":"osm_derived"},"geometry":{"type":"LineString","coordinates":[[-6.695852160798512,32.241015748162965],[-6.61322335213891,32.1606768871963]]}},{"type":"Feature","properties":{"id":"onee_hv_792","name":"ONEE 225 kV line","layer":"grid_hv_real","sector":"energy","subsector":"transmission","voltage":"225 kV","grid_class":"regional","status":"operational","operator":"ONEE","source":"ONEE shapefile via OSM-derived conversion","coord_confidence":"approximate","coord_method":"osm_derived"},"geometry":{"type":"LineString","coordinates":[[-13.119126568773769,27.255564144797667],[-13.049337730263474,27.248891144809452]]}},{"type":"Feature","properties":{"id":"onee_hv_793","name":"ONEE 225 kV line","layer":"grid_hv_real","sector":"energy","subsector":"transmission","voltage":"225 kV","grid_class":"regional","status":"operational","operator":"ONEE","source":"ONEE shapefile via OSM-derived conversion","coord_confidence":"approximate","coord_method":"osm_derived"},"geometry":{"type":"LineString","coordinates":[[-13.394158455653766,27.14159041097484],[-13.21479241533229,27.134720827706335]]}},{"type":"Feature","properties":{"id":"onee_hv_794","name":"ONEE 225 kV line","layer":"grid_hv_real","sector":"energy","subsector":"transmission","voltage":"225 kV","grid_class":"regional","status":"operational","operator":"ONEE","source":"ONEE shapefile via OSM-derived conversion","coord_confidence":"approximate","coord_method":"osm_derived"},"geometry":{"type":"LineString","coordinates":[[-8.045824338281648,32.2569470948433],[-7.920828136613866,32.25871291514283]]}},{"type":"Feature","properties":{"id":"onee_hv_795","name":"ONEE 225 kV line","layer":"grid_hv_real","sector":"energy","subsector":"transmission","voltage":"225 kV","grid_class":"regional","status":"operational","operator":"ONEE","source":"ONEE shapefile via OSM-derived conversion","coord_confidence":"approximate","coord_method":"osm_derived"},"geometry":{"type":"LineString","coordinates":[[-8.34489104326254,32.72557943024418],[-8.268366456801251,32.53008028166912],[-8.044788487986725,32.25696941136347]]}},{"type":"Feature","properties":{"id":"onee_hv_796","name":"ONEE 225 kV line","layer":"grid_hv_real","sector":"energy","subsector":"transmission","voltage":"225 kV","grid_class":"regional","status":"operational","operator":"ONEE","source":"ONEE shapefile via OSM-derived conversion","coord_confidence":"approximate","coord_method":"osm_derived"},"geometry":{"type":"LineString","coordinates":[[-7.549484969878942,33.060914125167244],[-7.532660129361502,33.061204831558804],[-7.484752524954125,33.03856892887941],[-7.505084093725078,32.92005641457639]]}},{"type":"Feature","properties":{"id":"onee_hv_797","name":"ONEE 225 kV line","layer":"grid_hv_real","sector":"energy","subsector":"transmission","voltage":"225 kV","grid_class":"regional","status":"operational","operator":"ONEE","source":"ONEE shapefile via OSM-derived conversion","coord_confidence":"approximate","coord_method":"osm_derived"},"geometry":{"type":"LineString","coordinates":[[-7.55512971254487,33.07822343040927],[-7.530921391980298,33.07777644648442]]}},{"type":"Feature","properties":{"id":"onee_hv_798","name":"ONEE 225 kV line","layer":"grid_hv_real","sector":"energy","subsector":"transmission","voltage":"225 kV","grid_class":"regional","status":"operational","operator":"ONEE","source":"ONEE shapefile via OSM-derived conversion","coord_confidence":"approximate","coord_method":"osm_derived"},"geometry":{"type":"LineString","coordinates":[[-7.09982321934106,32.92192401144518],[-7.022394621632107,32.935125173393814]]}},{"type":"Feature","properties":{"id":"onee_hv_799","name":"ONEE 225 kV line","layer":"grid_hv_real","sector":"energy","subsector":"transmission","voltage":"225 kV","grid_class":"regional","status":"operational","operator":"ONEE","source":"ONEE shapefile via OSM-derived conversion","coord_confidence":"approximate","coord_method":"osm_derived"},"geometry":{"type":"LineString","coordinates":[[-6.722199518902735,32.24442822070368],[-7.177399843211406,32.96690153367671]]}},{"type":"Feature","properties":{"id":"onee_hv_800","name":"ONEE 225 kV line","layer":"grid_hv_real","sector":"energy","subsector":"transmission","voltage":"225 kV","grid_class":"regional","status":"operational","operator":"ONEE","source":"ONEE shapefile via OSM-derived conversion","coord_confidence":"approximate","coord_method":"osm_derived"},"geometry":{"type":"LineString","coordinates":[[-7.05692241191173,32.87211654965645],[-7.042954217072672,32.91226818925773],[-7.030471162368986,32.915908570799395]]}},{"type":"Feature","properties":{"id":"onee_hv_801","name":"ONEE 225 kV line","layer":"grid_hv_real","sector":"energy","subsector":"transmission","voltage":"225 kV","grid_class":"regional","status":"operational","operator":"ONEE","source":"ONEE shapefile via OSM-derived conversion","coord_confidence":"approximate","coord_method":"osm_derived"},"geometry":{"type":"LineString","coordinates":[[-6.994819349242569,32.805146446149],[-7.054761330137205,32.87126509192588]]}},{"type":"Feature","properties":{"id":"onee_hv_802","name":"ONEE 225 kV line","layer":"grid_hv_real","sector":"energy","subsector":"transmission","voltage":"225 kV","grid_class":"regional","status":"operational","operator":"ONEE","source":"ONEE shapefile via OSM-derived conversion","coord_confidence":"approximate","coord_method":"osm_derived"},"geometry":{"type":"LineString","coordinates":[[-6.914581027022774,32.65147406245001],[-6.942177974302395,32.73197668260433]]}},{"type":"Feature","properties":{"id":"onee_hv_803","name":"ONEE 225 kV line","layer":"grid_hv_real","sector":"energy","subsector":"transmission","voltage":"225 kV","grid_class":"regional","status":"operational","operator":"ONEE","source":"ONEE shapefile via OSM-derived conversion","coord_confidence":"approximate","coord_method":"osm_derived"},"geometry":{"type":"LineString","coordinates":[[-6.712263432952907,32.273234617916124],[-6.885232254013419,32.584053810170126]]}},{"type":"Feature","properties":{"id":"onee_hv_804","name":"ONEE 225 kV line","layer":"grid_hv_real","sector":"energy","subsector":"transmission","voltage":"225 kV","grid_class":"regional","status":"operational","operator":"ONEE","source":"ONEE shapefile via OSM-derived conversion","coord_confidence":"approximate","coord_method":"osm_derived"},"geometry":{"type":"LineString","coordinates":[[-6.924482522856228,32.191672256721354],[-6.734540060615266,32.2330391797055]]}},{"type":"Feature","properties":{"id":"onee_hv_805","name":"ONEE 225 kV line","layer":"grid_hv_real","sector":"energy","subsector":"transmission","voltage":"225 kV","grid_class":"regional","status":"operational","operator":"ONEE","source":"ONEE shapefile via OSM-derived conversion","coord_confidence":"approximate","coord_method":"osm_derived"},"geometry":{"type":"LineString","coordinates":[[-7.137610535741967,32.06983603010269],[-6.922409060654819,32.19263459630565]]}},{"type":"Feature","properties":{"id":"onee_hv_806","name":"ONEE 225 kV line","layer":"grid_hv_real","sector":"energy","subsector":"transmission","voltage":"225 kV","grid_class":"regional","status":"operational","operator":"ONEE","source":"ONEE shapefile via OSM-derived conversion","coord_confidence":"approximate","coord_method":"osm_derived"},"geometry":{"type":"LineString","coordinates":[[-4.591413533308263,32.39922707786769],[-4.510779318633485,32.111940338005084]]}},{"type":"Feature","properties":{"id":"onee_hv_807","name":"ONEE 225 kV line","layer":"grid_hv_real","sector":"energy","subsector":"transmission","voltage":"225 kV","grid_class":"regional","status":"operational","operator":"ONEE","source":"ONEE shapefile via OSM-derived conversion","coord_confidence":"approximate","coord_method":"osm_derived"},"geometry":{"type":"LineString","coordinates":[[-5.582901188858886,32.94911420981532],[-5.496740899715951,32.92055435529118],[-4.97490984556297,32.73740147879076]]}},{"type":"Feature","properties":{"id":"onee_hv_808","name":"ONEE 225 kV line","layer":"grid_hv_real","sector":"energy","subsector":"transmission","voltage":"225 kV","grid_class":"regional","status":"operational","operator":"ONEE","source":"ONEE shapefile via OSM-derived conversion","coord_confidence":"approximate","coord_method":"osm_derived"},"geometry":{"type":"LineString","coordinates":[[-5.731433594586212,32.80717993838287],[-5.736656858257155,32.78716070568299],[-5.856756945860751,32.70252155204348],[-6.47694791938023,32.29547898998785]]}},{"type":"Feature","properties":{"id":"onee_hv_809","name":"ONEE 225 kV line","layer":"grid_hv_real","sector":"energy","subsector":"transmission","voltage":"225 kV","grid_class":"regional","status":"operational","operator":"ONEE","source":"ONEE shapefile via OSM-derived conversion","coord_confidence":"approximate","coord_method":"osm_derived"},"geometry":{"type":"LineString","coordinates":[[-5.622829375069838,32.952523569937725],[-5.690603240009385,32.790777272135664],[-5.712655846366288,32.810711981485014]]}},{"type":"Feature","properties":{"id":"onee_hv_810","name":"ONEE 225 kV line","layer":"grid_hv_real","sector":"energy","subsector":"transmission","voltage":"225 kV","grid_class":"regional","status":"operational","operator":"ONEE","source":"ONEE shapefile via OSM-derived conversion","coord_confidence":"approximate","coord_method":"osm_derived"},"geometry":{"type":"LineString","coordinates":[[-8.770610160712746,32.21138023514357],[-8.904674504381369,32.334571582444205]]}},{"type":"Feature","properties":{"id":"onee_hv_811","name":"ONEE 225 kV line","layer":"grid_hv_real","sector":"energy","subsector":"transmission","voltage":"225 kV","grid_class":"regional","status":"operational","operator":"ONEE","source":"ONEE shapefile via OSM-derived conversion","coord_confidence":"approximate","coord_method":"osm_derived"},"geometry":{"type":"LineString","coordinates":[[-8.416346708323776,32.76210108774906],[-8.382450861834144,32.75160846751281]]}},{"type":"Feature","properties":{"id":"onee_hv_812","name":"ONEE 225 kV line","layer":"grid_hv_real","sector":"energy","subsector":"transmission","voltage":"225 kV","grid_class":"regional","status":"operational","operator":"ONEE","source":"ONEE shapefile via OSM-derived conversion","coord_confidence":"approximate","coord_method":"osm_derived"},"geometry":{"type":"LineString","coordinates":[[-8.922190236967278,31.25363699857468],[-8.751443432999261,31.34622862109324],[-8.702049500460074,31.601337638003578]]}},{"type":"Feature","properties":{"id":"onee_hv_813","name":"ONEE 225 kV line","layer":"grid_hv_real","sector":"energy","subsector":"transmission","voltage":"225 kV","grid_class":"regional","status":"operational","operator":"ONEE","source":"ONEE shapefile via OSM-derived conversion","coord_confidence":"approximate","coord_method":"osm_derived"},"geometry":{"type":"LineString","coordinates":[[-9.089451017032841,30.934105201839515],[-8.922190236967278,31.25363699857468]]}},{"type":"Feature","properties":{"id":"onee_hv_814","name":"ONEE 225 kV line","layer":"grid_hv_real","sector":"energy","subsector":"transmission","voltage":"225 kV","grid_class":"regional","status":"operational","operator":"ONEE","source":"ONEE shapefile via OSM-derived conversion","coord_confidence":"approximate","coord_method":"osm_derived"},"geometry":{"type":"LineString","coordinates":[[-7.723920207061773,32.658905967774416],[-7.637347975776936,32.753482624945114]]}},{"type":"Feature","properties":{"id":"onee_hv_815","name":"ONEE 225 kV line","layer":"grid_hv_real","sector":"energy","subsector":"transmission","voltage":"225 kV","grid_class":"regional","status":"operational","operator":"ONEE","source":"ONEE shapefile via OSM-derived conversion","coord_confidence":"approximate","coord_method":"osm_derived"},"geometry":{"type":"LineString","coordinates":[[-7.744762342873289,32.615929410378854],[-7.766196286583867,32.59551146706037],[-7.868977075464905,32.60476856989984],[-7.98217125647157,32.684148926851485],[-8.33924110784913,32.744846429105166]]}},{"type":"Feature","properties":{"id":"onee_hv_816","name":"ONEE 225 kV line","layer":"grid_hv_real","sector":"energy","subsector":"transmission","voltage":"225 kV","grid_class":"regional","status":"operational","operator":"ONEE","source":"ONEE shapefile via OSM-derived conversion","coord_confidence":"approximate","coord_method":"osm_derived"},"geometry":{"type":"LineString","coordinates":[[-7.664805743995302,32.55918270804812],[-7.707135643005297,32.618360558059194]]}},{"type":"Feature","properties":{"id":"onee_hv_817","name":"ONEE 225 kV line","layer":"grid_hv_real","sector":"energy","subsector":"transmission","voltage":"225 kV","grid_class":"regional","status":"operational","operator":"ONEE","source":"ONEE shapefile via OSM-derived conversion","coord_confidence":"approximate","coord_method":"osm_derived"},"geometry":{"type":"LineString","coordinates":[[-7.926891086459674,32.362024208243135],[-7.830181955530492,32.411767965657454],[-7.70915558675514,32.534890625201456],[-7.676763597533212,32.53549361821673]]}},{"type":"Feature","properties":{"id":"onee_hv_818","name":"ONEE 225 kV line","layer":"grid_hv_real","sector":"energy","subsector":"transmission","voltage":"225 kV","grid_class":"regional","status":"operational","operator":"ONEE","source":"ONEE shapefile via OSM-derived conversion","coord_confidence":"approximate","coord_method":"osm_derived"},"geometry":{"type":"LineString","coordinates":[[-7.947797132119056,31.818424780421374],[-7.913134366881478,31.913850411802457],[-7.958671223544677,32.05371188303935]]}},{"type":"Feature","properties":{"id":"onee_hv_819","name":"ONEE 225 kV line","layer":"grid_hv_real","sector":"energy","subsector":"transmission","voltage":"225 kV","grid_class":"regional","status":"operational","operator":"ONEE","source":"ONEE shapefile via OSM-derived conversion","coord_confidence":"approximate","coord_method":"osm_derived"},"geometry":{"type":"LineString","coordinates":[[-6.502795617045176,32.19712281659291],[-6.520715603204172,32.12481162010332],[-6.852804330090862,31.949295980427923],[-6.83455206797934,31.910391967444433]]}},{"type":"Feature","properties":{"id":"onee_hv_820","name":"ONEE 225 kV line","layer":"grid_hv_real","sector":"energy","subsector":"transmission","voltage":"225 kV","grid_class":"regional","status":"operational","operator":"ONEE","source":"ONEE shapefile via OSM-derived conversion","coord_confidence":"approximate","coord_method":"osm_derived"},"geometry":{"type":"LineString","coordinates":[[-6.489030069591878,32.261527175808766],[-6.501808784683813,32.198829386552255]]}},{"type":"Feature","properties":{"id":"onee_hv_821","name":"ONEE 225 kV line","layer":"grid_hv_real","sector":"energy","subsector":"transmission","voltage":"225 kV","grid_class":"regional","status":"operational","operator":"ONEE","source":"ONEE shapefile via OSM-derived conversion","coord_confidence":"approximate","coord_method":"osm_derived"},"geometry":{"type":"LineString","coordinates":[[-6.499602524764646,32.26309759839808],[-6.518581829993714,32.175536897447195],[-6.590947171733749,32.131420282623864]]}},{"type":"Feature","properties":{"id":"onee_hv_822","name":"ONEE 225 kV line","layer":"grid_hv_real","sector":"energy","subsector":"transmission","voltage":"225 kV","grid_class":"regional","status":"operational","operator":"ONEE","source":"ONEE shapefile via OSM-derived conversion","coord_confidence":"approximate","coord_method":"osm_derived"},"geometry":{"type":"LineString","coordinates":[[-6.787911123579779,31.183817358696473],[-6.758390107833303,31.138969429370636]]}},{"type":"Feature","properties":{"id":"onee_hv_823","name":"ONEE 225 kV line","layer":"grid_hv_real","sector":"energy","subsector":"transmission","voltage":"225 kV","grid_class":"regional","status":"operational","operator":"ONEE","source":"ONEE shapefile via OSM-derived conversion","coord_confidence":"approximate","coord_method":"osm_derived"},"geometry":{"type":"LineString","coordinates":[[-7.388164866372945,31.743666632302624],[-7.279891770481663,31.767099328903775]]}},{"type":"Feature","properties":{"id":"onee_hv_824","name":"ONEE 225 kV line","layer":"grid_hv_real","sector":"energy","subsector":"transmission","voltage":"225 kV","grid_class":"regional","status":"operational","operator":"ONEE","source":"ONEE shapefile via OSM-derived conversion","coord_confidence":"approximate","coord_method":"osm_derived"},"geometry":{"type":"LineString","coordinates":[[-7.389495532620377,31.756702310976674],[-7.253597955419325,31.846569533792938],[-7.026843481193306,31.924532765640368],[-6.909467226019558,31.923434371396954],[-6.847378763468523,31.87202531985267]]}},{"type":"Feature","properties":{"id":"onee_hv_825","name":"ONEE 225 kV line","layer":"grid_hv_real","sector":"energy","subsector":"transmission","voltage":"225 kV","grid_class":"regional","status":"operational","operator":"ONEE","source":"ONEE shapefile via OSM-derived conversion","coord_confidence":"approximate","coord_method":"osm_derived"},"geometry":{"type":"LineString","coordinates":[[-7.506943448771121,31.815541859614928],[-7.4179359972843,31.730994567756362]]}},{"type":"Feature","properties":{"id":"onee_hv_826","name":"ONEE 225 kV line","layer":"grid_hv_real","sector":"energy","subsector":"transmission","voltage":"225 kV","grid_class":"regional","status":"operational","operator":"ONEE","source":"ONEE shapefile via OSM-derived conversion","coord_confidence":"approximate","coord_method":"osm_derived"},"geometry":{"type":"LineString","coordinates":[[-7.923235966629818,31.757230846252725],[-7.797932110599632,31.800611010488737]]}},{"type":"Feature","properties":{"id":"onee_hv_827","name":"ONEE 225 kV line","layer":"grid_hv_real","sector":"energy","subsector":"transmission","voltage":"225 kV","grid_class":"regional","status":"operational","operator":"ONEE","source":"ONEE shapefile via OSM-derived conversion","coord_confidence":"approximate","coord_method":"osm_derived"},"geometry":{"type":"LineString","coordinates":[[-8.61963696369477,31.640928474769204],[-8.677877229922025,31.619382445879165]]}},{"type":"Feature","properties":{"id":"onee_hv_828","name":"ONEE 225 kV line","layer":"grid_hv_real","sector":"energy","subsector":"transmission","voltage":"225 kV","grid_class":"regional","status":"operational","operator":"ONEE","source":"ONEE shapefile via OSM-derived conversion","coord_confidence":"approximate","coord_method":"osm_derived"},"geometry":{"type":"LineString","coordinates":[[-8.298290014557908,31.721978515783785],[-8.42650874343743,31.745793358996913]]}},{"type":"Feature","properties":{"id":"onee_hv_829","name":"ONEE 225 kV line","layer":"grid_hv_real","sector":"energy","subsector":"transmission","voltage":"225 kV","grid_class":"regional","status":"operational","operator":"ONEE","source":"ONEE shapefile via OSM-derived conversion","coord_confidence":"approximate","coord_method":"osm_derived"},"geometry":{"type":"LineString","coordinates":[[-7.967252906816251,31.773703300586902],[-8.237599247865305,31.768561846622262],[-8.258368160342753,31.736835375264533]]}},{"type":"Feature","properties":{"id":"onee_hv_830","name":"ONEE 225 kV line","layer":"grid_hv_real","sector":"energy","subsector":"transmission","voltage":"225 kV","grid_class":"regional","status":"operational","operator":"ONEE","source":"ONEE shapefile via OSM-derived conversion","coord_confidence":"approximate","coord_method":"osm_derived"},"geometry":{"type":"LineString","coordinates":[[-10.89438780718742,28.557242551890024],[-11.135360577649418,28.534501895615204],[-11.260659058721037,28.504910928921497]]}},{"type":"Feature","properties":{"id":"onee_hv_831","name":"ONEE 225 kV line","layer":"grid_hv_real","sector":"energy","subsector":"transmission","voltage":"225 kV","grid_class":"regional","status":"operational","operator":"ONEE","source":"ONEE shapefile via OSM-derived conversion","coord_confidence":"approximate","coord_method":"osm_derived"},"geometry":{"type":"LineString","coordinates":[[-13.079521753975776,27.14718778372677],[-13.203634264450807,27.107697250717486],[-13.295046915925708,27.091114845627434],[-13.408559397039689,27.03310289605536],[-13.487622667091488,26.73889972902894],[-13.83492199841556,26.499244529968998],[-14.384515976437887,26.23161358316856]]}},{"type":"Feature","properties":{"id":"onee_hv_832","name":"ONEE 225 kV line","layer":"grid_hv_real","sector":"energy","subsector":"transmission","voltage":"225 kV","grid_class":"regional","status":"operational","operator":"ONEE","source":"ONEE shapefile via OSM-derived conversion","coord_confidence":"approximate","coord_method":"osm_derived"},"geometry":{"type":"LineString","coordinates":[[-13.117995998561362,27.253898134141185],[-13.070992333836825,27.235307199415026],[-13.09347829360609,27.148878952469413]]}},{"type":"Feature","properties":{"id":"onee_hv_833","name":"ONEE 225 kV line","layer":"grid_hv_real","sector":"energy","subsector":"transmission","voltage":"225 kV","grid_class":"regional","status":"operational","operator":"ONEE","source":"ONEE shapefile via OSM-derived conversion","coord_confidence":"approximate","coord_method":"osm_derived"},"geometry":{"type":"LineString","coordinates":[[-13.102795990540567,27.17774411936775],[-13.21742400836818,27.142349088028485]]}},{"type":"Feature","properties":{"id":"onee_hv_834","name":"ONEE 225 kV line","layer":"grid_hv_real","sector":"energy","subsector":"transmission","voltage":"225 kV","grid_class":"regional","status":"operational","operator":"ONEE","source":"ONEE shapefile via OSM-derived conversion","coord_confidence":"approximate","coord_method":"osm_derived"},"geometry":{"type":"LineString","coordinates":[[-13.108269956454299,27.232008361335147],[-13.093391583260738,27.231234280048387],[-13.102723063506211,27.176862108155746]]}},{"type":"Feature","properties":{"id":"onee_hv_835","name":"ONEE 225 kV line","layer":"grid_hv_real","sector":"energy","subsector":"transmission","voltage":"225 kV","grid_class":"regional","status":"operational","operator":"ONEE","source":"ONEE shapefile via OSM-derived conversion","coord_confidence":"approximate","coord_method":"osm_derived"},"geometry":{"type":"LineString","coordinates":[[-12.82316391067569,27.611302256834303],[-12.909347323753813,27.437568080254728]]}},{"type":"Feature","properties":{"id":"onee_hv_836","name":"ONEE 225 kV line","layer":"grid_hv_real","sector":"energy","subsector":"transmission","voltage":"225 kV","grid_class":"regional","status":"operational","operator":"ONEE","source":"ONEE shapefile via OSM-derived conversion","coord_confidence":"approximate","coord_method":"osm_derived"},"geometry":{"type":"LineString","coordinates":[[-11.268269811343817,28.45161082695548],[-11.265846249807128,28.41354580228076],[-11.614207561442997,28.209966634639432],[-12.200789409209525,27.89292139327015],[-12.528125345214125,27.87866243494921]]}},{"type":"Feature","properties":{"id":"onee_hv_837","name":"ONEE 400 kV line","layer":"grid_hv_real","sector":"energy","subsector":"transmission","voltage":"400 kV","grid_class":"backbone","status":"operational","operator":"ONEE","source":"ONEE shapefile via OSM-derived conversion","coord_confidence":"approximate","coord_method":"osm_derived"},"geometry":{"type":"LineString","coordinates":[[-9.215540317223676,30.54727655641163],[-9.247434792463256,30.425277446108645],[-9.28809726434682,30.25451249547349],[-9.282854973816667,30.15572235152891],[-9.333700971514657,29.8023205775714],[-9.442863394078714,29.541658061186226],[-9.589026048258946,29.26664749467131],[-9.701200771305547,29.077827879450453],[-9.993724196927438,28.84817968634718],[-10.629140332438485,28.559732675960483],[-11.446092881651758,28.11210621878161],[-11.908208665225773,27.90605135063702],[-12.375918248512779,27.69432363240906],[-12.63224715236797,27.721330889265293]]}},{"type":"Feature","properties":{"id":"onee_hv_838","name":"ONEE 400 kV line","layer":"grid_hv_real","sector":"energy","subsector":"transmission","voltage":"400 kV","grid_class":"backbone","status":"operational","operator":"ONEE","source":"ONEE shapefile via OSM-derived conversion","coord_confidence":"approximate","coord_method":"osm_derived"},"geometry":{"type":"LineString","coordinates":[[-5.635497830333584,35.70803946615369],[-5.635509900364595,35.71240365407563],[-5.653965929973428,35.730596740976154]]}},{"type":"Feature","properties":{"id":"onee_hv_839","name":"ONEE 400 kV line","layer":"grid_hv_real","sector":"energy","subsector":"transmission","voltage":"400 kV","grid_class":"backbone","status":"operational","operator":"ONEE","source":"ONEE shapefile via OSM-derived conversion","coord_confidence":"approximate","coord_method":"osm_derived"},"geometry":{"type":"LineString","coordinates":[[-5.631073244638963,35.68204038222189],[-5.632204768729208,35.6906975361287]]}},{"type":"Feature","properties":{"id":"onee_hv_840","name":"ONEE 400 kV line","layer":"grid_hv_real","sector":"energy","subsector":"transmission","voltage":"400 kV","grid_class":"backbone","status":"operational","operator":"ONEE","source":"ONEE shapefile via OSM-derived conversion","coord_confidence":"approximate","coord_method":"osm_derived"},"geometry":{"type":"LineString","coordinates":[[-5.62777704113179,35.662052203211054],[-5.628865245840176,35.669884998933036]]}},{"type":"Feature","properties":{"id":"onee_hv_841","name":"ONEE 400 kV line","layer":"grid_hv_real","sector":"energy","subsector":"transmission","voltage":"400 kV","grid_class":"backbone","status":"operational","operator":"ONEE","source":"ONEE shapefile via OSM-derived conversion","coord_confidence":"approximate","coord_method":"osm_derived"},"geometry":{"type":"LineString","coordinates":[[-5.625571924308477,35.643859676314804],[-5.625578778682504,35.6464492573478],[-5.625587943280725,35.64991138732916]]}},{"type":"Feature","properties":{"id":"onee_hv_842","name":"ONEE 400 kV line","layer":"grid_hv_real","sector":"energy","subsector":"transmission","voltage":"400 kV","grid_class":"backbone","status":"operational","operator":"ONEE","source":"ONEE shapefile via OSM-derived conversion","coord_confidence":"approximate","coord_method":"osm_derived"},"geometry":{"type":"LineString","coordinates":[[-5.62665894217221,35.636054234950905],[-5.625567309758507,35.64211620902494]]}},{"type":"Feature","properties":{"id":"onee_hv_843","name":"ONEE 400 kV line","layer":"grid_hv_real","sector":"energy","subsector":"transmission","voltage":"400 kV","grid_class":"backbone","status":"operational","operator":"ONEE","source":"ONEE shapefile via OSM-derived conversion","coord_confidence":"approximate","coord_method":"osm_derived"},"geometry":{"type":"LineString","coordinates":[[-5.62873242325142,35.620411942017206],[-5.627682058497732,35.62650699688011]]}},{"type":"Feature","properties":{"id":"onee_hv_844","name":"ONEE 400 kV line","layer":"grid_hv_real","sector":"energy","subsector":"transmission","voltage":"400 kV","grid_class":"backbone","status":"operational","operator":"ONEE","source":"ONEE shapefile via OSM-derived conversion","coord_confidence":"approximate","coord_method":"osm_derived"},"geometry":{"type":"LineString","coordinates":[[-5.629759348874151,35.605675277166945],[-5.628709172748214,35.61174563008583]]}},{"type":"Feature","properties":{"id":"onee_hv_845","name":"ONEE 400 kV line","layer":"grid_hv_real","sector":"energy","subsector":"transmission","voltage":"400 kV","grid_class":"backbone","status":"operational","operator":"ONEE","source":"ONEE shapefile via OSM-derived conversion","coord_confidence":"approximate","coord_method":"osm_derived"},"geometry":{"type":"LineString","coordinates":[[-5.630823960463481,35.59004260364834],[-5.630840409498535,35.59611939024066]]}},{"type":"Feature","properties":{"id":"onee_hv_846","name":"ONEE 400 kV line","layer":"grid_hv_real","sector":"energy","subsector":"transmission","voltage":"400 kV","grid_class":"backbone","status":"operational","operator":"ONEE","source":"ONEE shapefile via OSM-derived conversion","coord_confidence":"approximate","coord_method":"osm_derived"},"geometry":{"type":"LineString","coordinates":[[-5.632938466533183,35.575296941429066],[-5.631907076110265,35.58135918485958]]}},{"type":"Feature","properties":{"id":"onee_hv_847","name":"ONEE 400 kV line","layer":"grid_hv_real","sector":"energy","subsector":"transmission","voltage":"400 kV","grid_class":"backbone","status":"operational","operator":"ONEE","source":"ONEE shapefile via OSM-derived conversion","coord_confidence":"approximate","coord_method":"osm_derived"},"geometry":{"type":"LineString","coordinates":[[-5.635059490352905,35.549234931592835],[-5.633986604630627,35.56138266839853]]}},{"type":"Feature","properties":{"id":"onee_hv_848","name":"ONEE 400 kV line","layer":"grid_hv_real","sector":"energy","subsector":"transmission","voltage":"400 kV","grid_class":"backbone","status":"operational","operator":"ONEE","source":"ONEE shapefile via OSM-derived conversion","coord_confidence":"approximate","coord_method":"osm_derived"},"geometry":{"type":"LineString","coordinates":[[-5.637142786603654,35.53188897282836],[-5.636035405908032,35.5379598821854]]}},{"type":"Feature","properties":{"id":"onee_hv_849","name":"ONEE 400 kV line","layer":"grid_hv_real","sector":"energy","subsector":"transmission","voltage":"400 kV","grid_class":"backbone","status":"operational","operator":"ONEE","source":"ONEE shapefile via OSM-derived conversion","coord_confidence":"approximate","coord_method":"osm_derived"},"geometry":{"type":"LineString","coordinates":[[-5.639268798372737,35.50844887115315],[-5.638151429704839,35.51802214923804]]}},{"type":"Feature","properties":{"id":"onee_hv_850","name":"ONEE 400 kV line","layer":"grid_hv_real","sector":"energy","subsector":"transmission","voltage":"400 kV","grid_class":"backbone","status":"operational","operator":"ONEE","source":"ONEE shapefile via OSM-derived conversion","coord_confidence":"approximate","coord_method":"osm_derived"},"geometry":{"type":"LineString","coordinates":[[-5.641352217373732,35.491085711592866],[-5.64030672801138,35.49802777347377]]}},{"type":"Feature","properties":{"id":"onee_hv_851","name":"ONEE 400 kV line","layer":"grid_hv_real","sector":"energy","subsector":"transmission","voltage":"400 kV","grid_class":"backbone","status":"operational","operator":"ONEE","source":"ONEE shapefile via OSM-derived conversion","coord_confidence":"approximate","coord_method":"osm_derived"},"geometry":{"type":"LineString","coordinates":[[-5.642390644949672,35.47459694340803],[-5.641330158414743,35.48328120315616]]}},{"type":"Feature","properties":{"id":"onee_hv_852","name":"ONEE 400 kV line","layer":"grid_hv_real","sector":"energy","subsector":"transmission","voltage":"400 kV","grid_class":"backbone","status":"operational","operator":"ONEE","source":"ONEE shapefile via OSM-derived conversion","coord_confidence":"approximate","coord_method":"osm_derived"},"geometry":{"type":"LineString","coordinates":[[-5.639154507721276,35.46765290619852],[-5.643422483309906,35.469405102447354],[-5.643424900007376,35.47025299967318]]}},{"type":"Feature","properties":{"id":"onee_hv_853","name":"ONEE 400 kV line","layer":"grid_hv_real","sector":"energy","subsector":"transmission","voltage":"400 kV","grid_class":"backbone","status":"operational","operator":"ONEE","source":"ONEE shapefile via OSM-derived conversion","coord_confidence":"approximate","coord_method":"osm_derived"},"geometry":{"type":"LineString","coordinates":[[-5.630483839529389,35.4641912958084],[-5.636962021012937,35.466785952918926]]}},{"type":"Feature","properties":{"id":"onee_hv_854","name":"ONEE 400 kV line","layer":"grid_hv_real","sector":"energy","subsector":"transmission","voltage":"400 kV","grid_class":"backbone","status":"operational","operator":"ONEE","source":"ONEE shapefile via OSM-derived conversion","coord_confidence":"approximate","coord_method":"osm_derived"},"geometry":{"type":"LineString","coordinates":[[-5.631150867263704,35.71064509602142],[-5.631160305684748,35.71412189806328],[-5.652829292872453,35.73490692927003]]}},{"type":"Feature","properties":{"id":"onee_hv_855","name":"ONEE 400 kV line","layer":"grid_hv_real","sector":"energy","subsector":"transmission","voltage":"400 kV","grid_class":"backbone","status":"operational","operator":"ONEE","source":"ONEE shapefile via OSM-derived conversion","coord_confidence":"approximate","coord_method":"osm_derived"},"geometry":{"type":"LineString","coordinates":[[-5.626785920244068,35.683774940133745],[-5.627860638223681,35.69331135396169]]}},{"type":"Feature","properties":{"id":"onee_hv_856","name":"ONEE 400 kV line","layer":"grid_hv_real","sector":"energy","subsector":"transmission","voltage":"400 kV","grid_class":"backbone","status":"operational","operator":"ONEE","source":"ONEE shapefile via OSM-derived conversion","coord_confidence":"approximate","coord_method":"osm_derived"},"geometry":{"type":"LineString","coordinates":[[-5.623452482950055,35.66467416887262],[-5.624519823024731,35.6716443928633]]}},{"type":"Feature","properties":{"id":"onee_hv_857","name":"ONEE 400 kV line","layer":"grid_hv_real","sector":"energy","subsector":"transmission","voltage":"400 kV","grid_class":"backbone","status":"operational","operator":"ONEE","source":"ONEE shapefile via OSM-derived conversion","coord_confidence":"approximate","coord_method":"osm_derived"},"geometry":{"type":"LineString","coordinates":[[-5.621187597021054,35.64561080579919],[-5.621196578762597,35.64907128609979],[-5.622274303565237,35.65253981859805]]}},{"type":"Feature","properties":{"id":"onee_hv_858","name":"ONEE 400 kV line","layer":"grid_hv_real","sector":"energy","subsector":"transmission","voltage":"400 kV","grid_class":"backbone","status":"operational","operator":"ONEE","source":"ONEE shapefile via OSM-derived conversion","coord_confidence":"approximate","coord_method":"osm_derived"},"geometry":{"type":"LineString","coordinates":[[-5.622238088045002,35.63865325683314],[-5.62225397264503,35.64474465797645]]}},{"type":"Feature","properties":{"id":"onee_hv_859","name":"ONEE 400 kV line","layer":"grid_hv_real","sector":"energy","subsector":"transmission","voltage":"400 kV","grid_class":"backbone","status":"operational","operator":"ONEE","source":"ONEE shapefile via OSM-derived conversion","coord_confidence":"approximate","coord_method":"osm_derived"},"geometry":{"type":"LineString","coordinates":[[-5.624389455524365,35.622146619762695],[-5.623356976218544,35.628241597784786]]}},{"type":"Feature","properties":{"id":"onee_hv_860","name":"ONEE 400 kV line","layer":"grid_hv_real","sector":"energy","subsector":"transmission","voltage":"400 kV","grid_class":"backbone","status":"operational","operator":"ONEE","source":"ONEE shapefile via OSM-derived conversion","coord_confidence":"approximate","coord_method":"osm_derived"},"geometry":{"type":"LineString","coordinates":[[-5.625477754616138,35.6082659701193],[-5.624368981740194,35.614367776174056]]}},{"type":"Feature","properties":{"id":"onee_hv_861","name":"ONEE 400 kV line","layer":"grid_hv_real","sector":"energy","subsector":"transmission","voltage":"400 kV","grid_class":"backbone","status":"operational","operator":"ONEE","source":"ONEE shapefile via OSM-derived conversion","coord_confidence":"approximate","coord_method":"osm_derived"},"geometry":{"type":"LineString","coordinates":[[-5.626543554498487,35.59264163030496],[-5.626557424370517,35.5978623358291]]}},{"type":"Feature","properties":{"id":"onee_hv_862","name":"ONEE 400 kV line","layer":"grid_hv_real","sector":"energy","subsector":"transmission","voltage":"400 kV","grid_class":"backbone","status":"operational","operator":"ONEE","source":"ONEE shapefile via OSM-derived conversion","coord_confidence":"approximate","coord_method":"osm_derived"},"geometry":{"type":"LineString","coordinates":[[-5.628616044862381,35.57701527126656],[-5.627566180155667,35.583100640445664]]}},{"type":"Feature","properties":{"id":"onee_hv_863","name":"ONEE 400 kV line","layer":"grid_hv_real","sector":"energy","subsector":"transmission","voltage":"400 kV","grid_class":"backbone","status":"operational","operator":"ONEE","source":"ONEE shapefile via OSM-derived conversion","coord_confidence":"approximate","coord_method":"osm_derived"},"geometry":{"type":"LineString","coordinates":[[-5.630718298365342,35.550986462558114],[-5.629647116777191,35.564005112348646]]}},{"type":"Feature","properties":{"id":"onee_hv_864","name":"ONEE 400 kV line","layer":"grid_hv_real","sector":"energy","subsector":"transmission","voltage":"400 kV","grid_class":"backbone","status":"operational","operator":"ONEE","source":"ONEE shapefile via OSM-derived conversion","coord_confidence":"approximate","coord_method":"osm_derived"},"geometry":{"type":"LineString","coordinates":[[-5.632824756799688,35.533638907370616],[-5.631793974379323,35.53974268526031]]}},{"type":"Feature","properties":{"id":"onee_hv_865","name":"ONEE 400 kV line","layer":"grid_hv_real","sector":"energy","subsector":"transmission","voltage":"400 kV","grid_class":"backbone","status":"operational","operator":"ONEE","source":"ONEE shapefile via OSM-derived conversion","coord_confidence":"approximate","coord_method":"osm_derived"},"geometry":{"type":"LineString","coordinates":[[-5.634951980170418,35.5101923014152],[-5.633872446651983,35.519740665933824]]}},{"type":"Feature","properties":{"id":"onee_hv_866","name":"ONEE 400 kV line","layer":"grid_hv_real","sector":"energy","subsector":"transmission","voltage":"400 kV","grid_class":"backbone","status":"operational","operator":"ONEE","source":"ONEE shapefile via OSM-derived conversion","coord_confidence":"approximate","coord_method":"osm_derived"},"geometry":{"type":"LineString","coordinates":[[-5.637036652890861,35.49367712234895],[-5.635932213327558,35.500635769843605]]}},{"type":"Feature","properties":{"id":"onee_hv_867","name":"ONEE 400 kV line","layer":"grid_hv_real","sector":"energy","subsector":"transmission","voltage":"400 kV","grid_class":"backbone","status":"operational","operator":"ONEE","source":"ONEE shapefile via OSM-derived conversion","coord_confidence":"approximate","coord_method":"osm_derived"},"geometry":{"type":"LineString","coordinates":[[-5.63483981823872,35.469421184676946],[-5.639164250356873,35.471132096208066],[-5.639169064111355,35.47285102721787]]}},{"type":"Feature","properties":{"id":"onee_hv_868","name":"ONEE 400 kV line","layer":"grid_hv_real","sector":"energy","subsector":"transmission","voltage":"400 kV","grid_class":"backbone","status":"operational","operator":"ONEE","source":"ONEE shapefile via OSM-derived conversion","coord_confidence":"approximate","coord_method":"osm_derived"},"geometry":{"type":"LineString","coordinates":[[-5.62620754903518,35.46596582937637],[-5.632647329940728,35.4685541585165]]}},{"type":"Feature","properties":{"id":"onee_hv_869","name":"ONEE 400 kV line","layer":"grid_hv_real","sector":"energy","subsector":"transmission","voltage":"400 kV","grid_class":"backbone","status":"operational","operator":"ONEE","source":"ONEE shapefile via OSM-derived conversion","coord_confidence":"approximate","coord_method":"osm_derived"},"geometry":{"type":"LineString","coordinates":[[-5.606805281698586,35.42214330371944],[-5.586865209766992,35.42880877015991]]}},{"type":"Feature","properties":{"id":"onee_hv_870","name":"ONEE 400 kV line","layer":"grid_hv_real","sector":"energy","subsector":"transmission","voltage":"400 kV","grid_class":"backbone","status":"operational","operator":"ONEE","source":"ONEE shapefile via OSM-derived conversion","coord_confidence":"approximate","coord_method":"osm_derived"},"geometry":{"type":"LineString","coordinates":[[-5.637873177957992,35.41817508385136],[-5.616340530204554,35.418213427167295]]}},{"type":"Feature","properties":{"id":"onee_hv_871","name":"ONEE 400 kV line","layer":"grid_hv_real","sector":"energy","subsector":"transmission","voltage":"400 kV","grid_class":"backbone","status":"operational","operator":"ONEE","source":"ONEE shapefile via OSM-derived conversion","coord_confidence":"approximate","coord_method":"osm_derived"},"geometry":{"type":"LineString","coordinates":[[-5.659501823814025,35.41728496970977],[-5.649782355161083,35.418152315106795]]}},{"type":"Feature","properties":{"id":"onee_hv_872","name":"ONEE 400 kV line","layer":"grid_hv_real","sector":"energy","subsector":"transmission","voltage":"400 kV","grid_class":"backbone","status":"operational","operator":"ONEE","source":"ONEE shapefile via OSM-derived conversion","coord_confidence":"approximate","coord_method":"osm_derived"},"geometry":{"type":"LineString","coordinates":[[-5.659488614104133,35.41293454996271],[-5.659501823814025,35.41728496970977]]}},{"type":"Feature","properties":{"id":"onee_hv_873","name":"ONEE 400 kV line","layer":"grid_hv_real","sector":"energy","subsector":"transmission","voltage":"400 kV","grid_class":"backbone","status":"operational","operator":"ONEE","source":"ONEE shapefile via OSM-derived conversion","coord_confidence":"approximate","coord_method":"osm_derived"},"geometry":{"type":"LineString","coordinates":[[-5.659406966394151,35.3860349945152],[-5.65945174239319,35.40078899564212]]}},{"type":"Feature","properties":{"id":"onee_hv_874","name":"ONEE 400 kV line","layer":"grid_hv_real","sector":"energy","subsector":"transmission","voltage":"400 kV","grid_class":"backbone","status":"operational","operator":"ONEE","source":"ONEE shapefile via OSM-derived conversion","coord_confidence":"approximate","coord_method":"osm_derived"},"geometry":{"type":"LineString","coordinates":[[-5.64644668860605,35.396464292187275],[-5.657288995835106,35.396442873469915]]}},{"type":"Feature","properties":{"id":"onee_hv_875","name":"ONEE 400 kV line","layer":"grid_hv_real","sector":"energy","subsector":"transmission","voltage":"400 kV","grid_class":"backbone","status":"operational","operator":"ONEE","source":"ONEE shapefile via OSM-derived conversion","coord_confidence":"approximate","coord_method":"osm_derived"},"geometry":{"type":"LineString","coordinates":[[-5.629197093894939,35.3964964673214],[-5.64108508395984,35.39647454307447]]}},{"type":"Feature","properties":{"id":"onee_hv_876","name":"ONEE 400 kV line","layer":"grid_hv_real","sector":"energy","subsector":"transmission","voltage":"400 kV","grid_class":"backbone","status":"operational","operator":"ONEE","source":"ONEE shapefile via OSM-derived conversion","coord_confidence":"approximate","coord_method":"osm_derived"},"geometry":{"type":"LineString","coordinates":[[-5.659480699959638,35.41032792709218],[-5.662504954903833,35.6441362498756]]}},{"type":"Feature","properties":{"id":"onee_hv_877","name":"ONEE 400 kV line","layer":"grid_hv_real","sector":"energy","subsector":"transmission","voltage":"400 kV","grid_class":"backbone","status":"operational","operator":"ONEE","source":"ONEE shapefile via OSM-derived conversion","coord_confidence":"approximate","coord_method":"osm_derived"},"geometry":{"type":"LineString","coordinates":[[-5.659406966394151,35.3860349945152],[-5.659470192001453,35.40686674651377]]}},{"type":"Feature","properties":{"id":"onee_hv_878","name":"ONEE 400 kV line","layer":"grid_hv_real","sector":"energy","subsector":"transmission","voltage":"400 kV","grid_class":"backbone","status":"operational","operator":"ONEE","source":"ONEE shapefile via OSM-derived conversion","coord_confidence":"approximate","coord_method":"osm_derived"},"geometry":{"type":"LineString","coordinates":[[-5.689677969026318,35.39032861064985],[-5.689712164707517,35.64459311958751]]}},{"type":"Feature","properties":{"id":"onee_hv_879","name":"ONEE 400 kV line","layer":"grid_hv_real","sector":"energy","subsector":"transmission","voltage":"400 kV","grid_class":"backbone","status":"operational","operator":"ONEE","source":"ONEE shapefile via OSM-derived conversion","coord_confidence":"approximate","coord_method":"osm_derived"},"geometry":{"type":"LineString","coordinates":[[-5.631440985835754,35.81738148386844],[-5.632560153884514,35.82084767246311]]}},{"type":"Feature","properties":{"id":"onee_hv_880","name":"ONEE 400 kV line","layer":"grid_hv_real","sector":"energy","subsector":"transmission","voltage":"400 kV","grid_class":"backbone","status":"operational","operator":"ONEE","source":"ONEE shapefile via OSM-derived conversion","coord_confidence":"approximate","coord_method":"osm_derived"},"geometry":{"type":"LineString","coordinates":[[-5.649816828096485,35.79391682366033],[-5.649903490737912,35.82341412491038]]}},{"type":"Feature","properties":{"id":"onee_hv_881","name":"ONEE 400 kV line","layer":"grid_hv_real","sector":"energy","subsector":"transmission","voltage":"400 kV","grid_class":"backbone","status":"operational","operator":"ONEE","source":"ONEE shapefile via OSM-derived conversion","coord_confidence":"approximate","coord_method":"osm_derived"},"geometry":{"type":"LineString","coordinates":[[-5.671361320031095,35.736620590381555],[-5.682072967027552,35.70794530500709]]}},{"type":"Feature","properties":{"id":"onee_hv_882","name":"ONEE 400 kV line","layer":"grid_hv_real","sector":"energy","subsector":"transmission","voltage":"400 kV","grid_class":"backbone","status":"operational","operator":"ONEE","source":"ONEE shapefile via OSM-derived conversion","coord_confidence":"approximate","coord_method":"osm_derived"},"geometry":{"type":"LineString","coordinates":[[-5.660565572320445,35.76612388651057],[-5.667048626796268,35.74961945275714]]}},{"type":"Feature","properties":{"id":"onee_hv_883","name":"ONEE 400 kV line","layer":"grid_hv_real","sector":"energy","subsector":"transmission","voltage":"400 kV","grid_class":"backbone","status":"operational","operator":"ONEE","source":"ONEE shapefile via OSM-derived conversion","coord_confidence":"approximate","coord_method":"osm_derived"},"geometry":{"type":"LineString","coordinates":[[-5.649816828096485,35.79391682366033],[-5.654121260305804,35.78262931017778]]}},{"type":"Feature","properties":{"id":"onee_hv_884","name":"ONEE 400 kV line","layer":"grid_hv_real","sector":"energy","subsector":"transmission","voltage":"400 kV","grid_class":"backbone","status":"operational","operator":"ONEE","source":"ONEE shapefile via OSM-derived conversion","coord_confidence":"approximate","coord_method":"osm_derived"},"geometry":{"type":"LineString","coordinates":[[-8.224554081263769,33.2211977237864],[-8.487066194903404,33.07501520513683],[-8.674671632124964,33.11279109023158]]}},{"type":"Feature","properties":{"id":"onee_hv_885","name":"ONEE 400 kV line","layer":"grid_hv_real","sector":"energy","subsector":"transmission","voltage":"400 kV","grid_class":"backbone","status":"operational","operator":"ONEE","source":"ONEE shapefile via OSM-derived conversion","coord_confidence":"approximate","coord_method":"osm_derived"},"geometry":{"type":"LineString","coordinates":[[-8.670959949288735,33.097223455499815],[-8.490491711318693,33.05233884953137],[-8.187226119000629,33.206401340703984]]}},{"type":"Feature","properties":{"id":"onee_hv_886","name":"ONEE 400 kV line","layer":"grid_hv_real","sector":"energy","subsector":"transmission","voltage":"400 kV","grid_class":"backbone","status":"operational","operator":"ONEE","source":"ONEE shapefile via OSM-derived conversion","coord_confidence":"approximate","coord_method":"osm_derived"},"geometry":{"type":"LineString","coordinates":[[-8.66393787715973,33.07831615020741],[-8.49446344988354,33.01659427968783]]}},{"type":"Feature","properties":{"id":"onee_hv_887","name":"ONEE 400 kV line","layer":"grid_hv_real","sector":"energy","subsector":"transmission","voltage":"400 kV","grid_class":"backbone","status":"operational","operator":"ONEE","source":"ONEE shapefile via OSM-derived conversion","coord_confidence":"approximate","coord_method":"osm_derived"},"geometry":{"type":"LineString","coordinates":[[-8.527986378637191,33.012283966453815],[-8.656994348668949,33.06197570384993]]}},{"type":"Feature","properties":{"id":"onee_hv_888","name":"ONEE 400 kV line","layer":"grid_hv_real","sector":"energy","subsector":"transmission","voltage":"400 kV","grid_class":"backbone","status":"operational","operator":"ONEE","source":"ONEE shapefile via OSM-derived conversion","coord_confidence":"approximate","coord_method":"osm_derived"},"geometry":{"type":"LineString","coordinates":[[-7.684862953816404,33.41566215256363],[-7.700761753034918,33.49705795270339]]}},{"type":"Feature","properties":{"id":"onee_hv_889","name":"ONEE 400 kV line","layer":"grid_hv_real","sector":"energy","subsector":"transmission","voltage":"400 kV","grid_class":"backbone","status":"operational","operator":"ONEE","source":"ONEE shapefile via OSM-derived conversion","coord_confidence":"approximate","coord_method":"osm_derived"},"geometry":{"type":"LineString","coordinates":[[-7.759840675487866,33.41602358880874],[-7.734576003589563,33.49730911189786]]}},{"type":"Feature","properties":{"id":"onee_hv_890","name":"ONEE 400 kV line","layer":"grid_hv_real","sector":"energy","subsector":"transmission","voltage":"400 kV","grid_class":"backbone","status":"operational","operator":"ONEE","source":"ONEE shapefile via OSM-derived conversion","coord_confidence":"approximate","coord_method":"osm_derived"},"geometry":{"type":"LineString","coordinates":[[-1.317577151904793,35.14191543125124],[-1.536325200574677,35.14267610331624],[-1.849633992607255,34.9954714713656],[-2.337672280490676,34.641626183935024]]}},{"type":"Feature","properties":{"id":"onee_hv_891","name":"ONEE 400 kV line","layer":"grid_hv_real","sector":"energy","subsector":"transmission","voltage":"400 kV","grid_class":"backbone","status":"operational","operator":"ONEE","source":"ONEE shapefile via OSM-derived conversion","coord_confidence":"approximate","coord_method":"osm_derived"},"geometry":{"type":"LineString","coordinates":[[-1.545548075169822,35.1785729262371],[-1.875072695014261,35.03006064104935],[-2.34930955523929,34.674034617153545],[-2.355175326016564,34.64472323946709]]}},{"type":"Feature","properties":{"id":"onee_hv_892","name":"ONEE 400 kV line","layer":"grid_hv_real","sector":"energy","subsector":"transmission","voltage":"400 kV","grid_class":"backbone","status":"operational","operator":"ONEE","source":"ONEE shapefile via OSM-derived conversion","coord_confidence":"approximate","coord_method":"osm_derived"},"geometry":{"type":"LineString","coordinates":[[-7.354911518443161,33.44040864818603],[-7.462998767189788,33.40912253954077]]}},{"type":"Feature","properties":{"id":"onee_hv_893","name":"ONEE 400 kV line","layer":"grid_hv_real","sector":"energy","subsector":"transmission","voltage":"400 kV","grid_class":"backbone","status":"operational","operator":"ONEE","source":"ONEE shapefile via OSM-derived conversion","coord_confidence":"approximate","coord_method":"osm_derived"},"geometry":{"type":"LineString","coordinates":[[-7.355719127433453,33.4273540487881],[-7.453146637747516,33.394505641992104]]}},{"type":"Feature","properties":{"id":"onee_hv_894","name":"ONEE 400 kV line","layer":"grid_hv_real","sector":"energy","subsector":"transmission","voltage":"400 kV","grid_class":"backbone","status":"operational","operator":"ONEE","source":"ONEE shapefile via OSM-derived conversion","coord_confidence":"approximate","coord_method":"osm_derived"},"geometry":{"type":"LineString","coordinates":[[-7.587878478170314,33.37831729228853],[-7.488090675705398,33.39913528729144]]}},{"type":"Feature","properties":{"id":"onee_hv_895","name":"ONEE 400 kV line","layer":"grid_hv_real","sector":"energy","subsector":"transmission","voltage":"400 kV","grid_class":"backbone","status":"operational","operator":"ONEE","source":"ONEE shapefile via OSM-derived conversion","coord_confidence":"approximate","coord_method":"osm_derived"},"geometry":{"type":"LineString","coordinates":[[-7.724162646283456,33.34367524625094],[-7.625498111631289,33.36460871688577]]}},{"type":"Feature","properties":{"id":"onee_hv_896","name":"ONEE 400 kV line","layer":"grid_hv_real","sector":"energy","subsector":"transmission","voltage":"400 kV","grid_class":"backbone","status":"operational","operator":"ONEE","source":"ONEE shapefile via OSM-derived conversion","coord_confidence":"approximate","coord_method":"osm_derived"},"geometry":{"type":"LineString","coordinates":[[-7.886560500054278,33.3031814150183],[-7.786899731745734,33.324231549825235]]}},{"type":"Feature","properties":{"id":"onee_hv_897","name":"ONEE 400 kV line","layer":"grid_hv_real","sector":"energy","subsector":"transmission","voltage":"400 kV","grid_class":"backbone","status":"operational","operator":"ONEE","source":"ONEE shapefile via OSM-derived conversion","coord_confidence":"approximate","coord_method":"osm_derived"},"geometry":{"type":"LineString","coordinates":[[-8.044607742721313,33.26515842560362],[-7.945145314921742,33.28636447033417]]}},{"type":"Feature","properties":{"id":"onee_hv_898","name":"ONEE 400 kV line","layer":"grid_hv_real","sector":"energy","subsector":"transmission","voltage":"400 kV","grid_class":"backbone","status":"operational","operator":"ONEE","source":"ONEE shapefile via OSM-derived conversion","coord_confidence":"approximate","coord_method":"osm_derived"},"geometry":{"type":"LineString","coordinates":[[-8.21208556335284,33.22670138964483],[-8.11263965868753,33.24801994597948]]}},{"type":"Feature","properties":{"id":"onee_hv_899","name":"ONEE 400 kV line","layer":"grid_hv_real","sector":"energy","subsector":"transmission","voltage":"400 kV","grid_class":"backbone","status":"operational","operator":"ONEE","source":"ONEE shapefile via OSM-derived conversion","coord_confidence":"approximate","coord_method":"osm_derived"},"geometry":{"type":"LineString","coordinates":[[-7.563272880802343,33.36483297468486],[-7.464526312525183,33.385630717619954]]}},{"type":"Feature","properties":{"id":"onee_hv_900","name":"ONEE 400 kV line","layer":"grid_hv_real","sector":"energy","subsector":"transmission","voltage":"400 kV","grid_class":"backbone","status":"operational","operator":"ONEE","source":"ONEE shapefile via OSM-derived conversion","coord_confidence":"approximate","coord_method":"osm_derived"},"geometry":{"type":"LineString","coordinates":[[-7.718323011194004,33.32382328099913],[-7.618658293149385,33.34476215285016]]}},{"type":"Feature","properties":{"id":"onee_hv_901","name":"ONEE 400 kV line","layer":"grid_hv_real","sector":"energy","subsector":"transmission","voltage":"400 kV","grid_class":"backbone","status":"operational","operator":"ONEE","source":"ONEE shapefile via OSM-derived conversion","coord_confidence":"approximate","coord_method":"osm_derived"},"geometry":{"type":"LineString","coordinates":[[-7.880739577785421,33.28589797148896],[-7.781217909105237,33.30784649399649]]}},{"type":"Feature","properties":{"id":"onee_hv_902","name":"ONEE 400 kV line","layer":"grid_hv_real","sector":"energy","subsector":"transmission","voltage":"400 kV","grid_class":"backbone","status":"operational","operator":"ONEE","source":"ONEE shapefile via OSM-derived conversion","coord_confidence":"approximate","coord_method":"osm_derived"},"geometry":{"type":"LineString","coordinates":[[-8.03257451537627,33.24891891864562],[-7.933049426237925,33.27006898519036]]}},{"type":"Feature","properties":{"id":"onee_hv_903","name":"ONEE 400 kV line","layer":"grid_hv_real","sector":"energy","subsector":"transmission","voltage":"400 kV","grid_class":"backbone","status":"operational","operator":"ONEE","source":"ONEE shapefile via OSM-derived conversion","coord_confidence":"approximate","coord_method":"osm_derived"},"geometry":{"type":"LineString","coordinates":[[-8.185233749117,33.21081087487518],[-8.08579789040611,33.23212456355764]]}},{"type":"Feature","properties":{"id":"onee_hv_904","name":"ONEE 400 kV line","layer":"grid_hv_real","sector":"energy","subsector":"transmission","voltage":"400 kV","grid_class":"backbone","status":"operational","operator":"ONEE","source":"ONEE shapefile via OSM-derived conversion","coord_confidence":"approximate","coord_method":"osm_derived"},"geometry":{"type":"LineString","coordinates":[[-7.198308512729682,33.47578471912098],[-5.818434476163902,34.120482222402245]]}},{"type":"Feature","properties":{"id":"onee_hv_905","name":"ONEE 400 kV line","layer":"grid_hv_real","sector":"energy","subsector":"transmission","voltage":"400 kV","grid_class":"backbone","status":"operational","operator":"ONEE","source":"ONEE shapefile via OSM-derived conversion","coord_confidence":"approximate","coord_method":"osm_derived"},"geometry":{"type":"LineString","coordinates":[[-1.341637421399084,35.18089839876907],[-1.316171443485035,35.171406285264254],[-1.340154531147612,35.166091580011816]]}},{"type":"Feature","properties":{"id":"onee_hv_906","name":"ONEE 400 kV line","layer":"grid_hv_real","sector":"energy","subsector":"transmission","voltage":"400 kV","grid_class":"backbone","status":"operational","operator":"ONEE","source":"ONEE shapefile via OSM-derived conversion","coord_confidence":"approximate","coord_method":"osm_derived"},"geometry":{"type":"LineString","coordinates":[[-1.545548075169822,35.1785729262371],[-1.316171443485035,35.171406285264254]]}},{"type":"Feature","properties":{"id":"onee_hv_907","name":"ONEE 400 kV line","layer":"grid_hv_real","sector":"energy","subsector":"transmission","voltage":"400 kV","grid_class":"backbone","status":"operational","operator":"ONEE","source":"ONEE shapefile via OSM-derived conversion","coord_confidence":"approximate","coord_method":"osm_derived"},"geometry":{"type":"LineString","coordinates":[[-5.657945066374691,35.96629518478867],[-5.658879619367668,35.964849279505195],[-5.659782074662036,35.96339359817862],[-5.660652402130819,35.96192847179421],[-5.661490571684388,35.96045423131569],[-5.662296553269242,35.95897120768514],[-5.663070316866771,35.95747973182298],[-5.663811832492045,35.95598013462794],[-5.664521070192567,35.954472746976975],[-5.665198000047047,35.95295789972519],[-5.66584259216417,35.95143592370584],[-5.666454816681351,35.94990714973023],[-5.667034643763501,35.948371908587696],[-5.667582043601785,35.94683053104555],[-5.668096986412376,35.94528334784891],[-5.66857944243521,35.9437306897208],[-5.669029381932742,35.94217288736199],[-5.669446775188686,35.94061027145099],[-5.669831592506777,35.93904317264393],[-5.670183804209504,35.93747192157445],[-5.670503380636861,35.93589684885379],[-5.670790292145084,35.93431828507064],[-5.671044509105394,35.93273656079101],[-5.671266001902739,35.93115200655823],[-5.67145474093451,35.92956495289289],[-5.671610696609299,35.92797573029274],[-5.671733839345615,35.92638466923259],[-5.671824139570618,35.924792100164304],[-5.671881567718845,35.92319835351663],[-5.67190609423093,35.92160375969521],[-5.671897689552341,35.92000864908252],[-5.671856324132082,35.91841335203767],[-5.671781968421428,35.91681819889642],[-5.671674592872633,35.91522351997109],[-5.671534167937645,35.91362964555047],[-5.671360664066822,35.91203690589967],[-5.671154051707641,35.91044563126017],[-5.670914301303405,35.90885615184961],[-5.670641383291954,35.9072687978618],[-5.670335268104363,35.90568389946653],[-5.669995926163648,35.904101786809576],[-5.669623327883466,35.90252279001255],[-5.669217443666814,35.9009472391728],[-5.668778243904724,35.899375464363416],[-5.668305698974954,35.89780779563301],[-5.667799779240688,35.896244563005716],[-5.667260455049217,35.89468609648101],[-5.666687696730635,35.89313272603372],[-5.66608147459652,35.8915847816138],[-5.664768520027518,35.8885064905314],[-5.664768520027518,35.8885064905314]]}},{"type":"Feature","properties":{"id":"onee_hv_908","name":"ONEE 400 kV line","layer":"grid_hv_real","sector":"energy","subsector":"transmission","voltage":"400 kV","grid_class":"backbone","status":"operational","operator":"ONEE","source":"ONEE shapefile via OSM-derived conversion","coord_confidence":"approximate","coord_method":"osm_derived"},"geometry":{"type":"LineString","coordinates":[[-5.65316476573468,35.847699729042056],[-5.665319988369475,35.88760159243503]]}},{"type":"Feature","properties":{"id":"onee_hv_909","name":"ONEE 400 kV line","layer":"grid_hv_real","sector":"energy","subsector":"transmission","voltage":"400 kV","grid_class":"backbone","status":"operational","operator":"ONEE","source":"ONEE shapefile via OSM-derived conversion","coord_confidence":"approximate","coord_method":"osm_derived"},"geometry":{"type":"LineString","coordinates":[[-1.343074969769349,35.150553392698114],[-1.317577151904793,35.14191543125124],[-1.341593138367231,35.135729740315675]]}},{"type":"Feature","properties":{"id":"onee_hv_910","name":"ONEE 400 kV line","layer":"grid_hv_real","sector":"energy","subsector":"transmission","voltage":"400 kV","grid_class":"backbone","status":"operational","operator":"ONEE","source":"ONEE shapefile via OSM-derived conversion","coord_confidence":"approximate","coord_method":"osm_derived"},"geometry":{"type":"LineString","coordinates":[[-5.657943128348324,35.96565748427081],[-5.642820725120052,36.00735991883403],[-5.642681906964337,36.008022070399505],[-5.642554529495317,36.00870981076477],[-5.64243823664074,36.009421533003575],[-5.642332672344669,36.010155630188116],[-5.642237480564425,36.010910495389886],[-5.642152305267704,36.01168452168016],[-5.642076790429788,36.012476102130705],[-5.642010580030925,36.01328362981433],[-5.641953318053817,36.014105497805325],[-5.641904648481263,36.014940099180116],[-5.641864215293924,36.01578582701765],[-5.641831662468229,36.01664107439981],[-5.641806633974414,36.01750423441178],[-5.641788773774694,36.018373700142575],[-5.641777725821575,36.019247864685056],[-5.641773134056293,36.02012512113659],[-5.641774642407396,36.02100386259895],[-5.64178189478946,36.02188248217878],[-5.641794535101927,36.022759372987636],[-5.641812207228097,36.02363292814223],[-5.641834555034242,36.02450154076438],[-5.641861222368866,36.0253636039813],[-5.64189185306208,36.026217510925434],[-5.641926090925134,36.02706165473458],[-5.641963579750073,36.027894428551825],[-5.642003963309531,36.02871422552542],[-5.642046885356659,36.02951943880873],[-5.64209198962518,36.03030846156004],[-5.642138919829602,36.031079686942505],[-5.642187319665538,36.0318315081237],[-5.642236832810183,36.03256231827557],[-5.642287102922912,36.03327051057409],[-5.642337773646024,36.033954478198794],[-5.642388488605611,36.03461261433269],[-5.642438891412568,36.035243312161576],[-5.642488625663742,36.035844964873796],[-5.64253733494321,36.03641596565966],[-5.642584662823685,36.03695470771105],[-5.642630252868082,36.03745958422068],[-5.642673748631191,36.03792898838175],[-5.642714793661503,36.038361313387135],[-5.642753031503164,36.038754952428896],[-5.642788105698065,36.03910829869735],[-5.642819659788074,36.03941974538066],[-5.642847337317392,36.0396876856638],[-5.642870781835051,36.039910512727964],[-5.642889636897547,36.040086619749474],[-5.642903546071603,36.040214399899206],[-5.64291510109001,36.04031855223318],[-5.64291510109001,36.04031855223318],[-5.62882337259843,36.05160410116115],[-5.614646533797917,36.06289802236213],[-5.607029714359387,36.068128915175706],[-5.598380290725046,36.07335266437496],[-5.582067211826695,36.08376555108011],[-5.56577054948036,36.09335359951291],[-5.558166601440727,36.098558282986914],[-5.551619406958024,36.10465489788533],[-5.545048809204194,36.11071152219152],[-5.540746677573772,36.11765234288035],[-5.536403135829246,36.12460292370012],[-5.533135334759453,36.132404528858764],[-5.530961870024599,36.141101799014564],[-5.529920280410167,36.14976478081498],[-5.526684234276741,36.16622941218702],[-5.524467235152967,36.17407071038469],[-5.522310866374652,36.18185568929253],[-5.519017142764762,36.18965814000378],[-5.514689383822661,36.19575847401688],[-5.511470199394506,36.19920506691084],[-5.50926456188045,36.2018199167159],[-5.501608311635524,36.207020697285266],[-5.493990923921473,36.211357145422014],[-5.485254581131508,36.21483005078587],[-5.475486863757633,36.2183128676723],[-5.465636450630281,36.22179332074192],[-5.444917523706278,36.22785875157239],[-5.444895246156412,36.22786623738427],[-5.444829876123722,36.227888678961556],[-5.444723607501084,36.22792605248722],[-5.444578634141231,36.22797833411042],[-5.444397149860749,36.22804549995314],[-5.44418134844404,36.228127526116666],[-5.443933423647282,36.228224388687785],[-5.443655569202378,36.228336063744194],[-5.443349978820889,36.22846252735992],[-5.443018846197949,36.2286037556103],[-5.442664365016177,36.22875972457635],[-5.442288728949583,36.228930410349015],[-5.441894131667433,36.229115789033045],[-5.441482766838136,36.22931583675034],[-5.441056828133095,36.229530529642844],[-5.440618509230557,36.22975984387559],[-5.440170003819443,36.23000375563863],[-5.439713505603177,36.23026224114914],[-5.439251208303491,36.230535276652965],[-5.438785305664219,36.23082283842575],[-5.438317991455088,36.231124902773786],[-5.437851459475493,36.2314414460344],[-5.437387903558248,36.23177244457606],[-5.436929517573348,36.232117874797986],[-5.436478495431686,36.232477713129526],[-5.436037031088809,36.23285193602912],[-5.435607318548595,36.23324051998275],[-5.43519155186698,36.23364344150221],[-5.434791925155639,36.23406067712292],[-5.434410632585662,36.23449220340134],[-5.434049868391215,36.23493799691204],[-5.433711826873206,36.23539803424437],[-5.433398702402912,36.2358722919989],[-5.433112689425624,36.236360746783205],[-5.432855982464251,36.236863375207506],[-5.43263077612294,36.23738015387996],[-5.432439265090656,36.23791105940128],[-5.432283644144782,36.23845606835933],[-5.432166108154674,36.239015157323244],[-5.432088852085232,36.23958830283696],[-5.432054071000442,36.24017548141274],[-5.432063960066913,36.24077666952396],[-5.432120714557401,36.24139184359776],[-5.432226529854318,36.24202098000729],[-5.432383601453237,36.24266405506344],[-5.432594124966375,36.24332104500646],[-5.432860296126069,36.24399192599682],[-5.433184310788238,36.24467667410613],[-5.434014654682287,36.24608767546477],[-5.434014654682287,36.24608767546477],[-5.487536785237891,36.32236660817396]]}},{"type":"Feature","properties":{"id":"onee_hv_911","name":"ONEE 400 kV line","layer":"grid_hv_real","sector":"energy","subsector":"transmission","voltage":"400 kV","grid_class":"backbone","status":"operational","operator":"ONEE","source":"ONEE shapefile via OSM-derived conversion","coord_confidence":"approximate","coord_method":"osm_derived"},"geometry":{"type":"LineString","coordinates":[[-5.630950130757455,35.84803906974199],[-5.631952734402887,35.851248573136644],[-5.63290503822166,35.85446463900087],[-5.633807062271313,35.857686904710256],[-5.634658826574524,35.86091500758474],[-5.635460351121271,35.864148584888596],[-5.636211655870971,35.867387273830744],[-5.636912760754641,35.87063071156476],[-5.637563685677054,35.87387853518899],[-5.638164450518869,35.87713038174677],[-5.638715075138803,35.880385888226336],[-5.639215579375764,35.88364469156121],[-5.639665983051006,35.88690642863016],[-5.64006630597027,35.89017073625722],[-5.640416567925936,35.89343725121201],[-5.640716788699157,35.89670561020977],[-5.640966988062015,35.899975449911366],[-5.641167185779655,35.90324640692346],[-5.641317401612437,35.906518117798754],[-5.641417655318062,35.90979021903589],[-5.641467966653728,35.91306234707962],[-5.64146835537826,35.916334138320984],[-5.641418841254249,35.91960522909732],[-5.6413194440502,35.922875255692375],[-5.641170183542656,35.926143854336495],[-5.640971079518336,35.92941066120659],[-5.640722151776283,35.93267531242627],[-5.640423420129981,35.935937444066035],[-5.640074904409501,35.93919669214326],[-5.63967662446363,35.9424526926223],[-5.639228600161997,35.94570508141459],[-5.638730851397211,35.9489534943788],[-5.638183398086994,35.95219756732084],[-5.637586260176301,35.955436935993895],[-5.636939457639449,35.95867123609874],[-5.636243010482252,35.96190010328357],[-5.63549693874414,35.96512317314416],[-5.634701262500292,35.968340081224056],[-5.633856001863746,35.971550463014474],[-5.632961176987543,35.97475395395455],[-5.632016808066832,35.9779501894313],[-5.631022915340998,35.98113880477971],[-5.629979519095783,35.98431943528289],[-5.628886639665411,35.98749171617208],[-5.627744297434692,35.990655282626705],[-5.626552512841153,35.99380976977443],[-5.62531130637715,35.9969548126914],[-5.62402069859198,36.00009004640206],[-5.622680710094003,36.00321510587935],[-5.619852673701027,36.00943324176869],[-5.619852673701027,36.00943324176869],[-5.621138347917625,36.03776097107074],[-5.608091558890626,36.04729966680595],[-5.595104948045703,36.05774210740226],[-5.582031858795469,36.067302772934866],[-5.56684799812085,36.07599421627386],[-5.551585263471883,36.08556433095413],[-5.545013148985669,36.08987009122302],[-5.537428941022637,36.09425091447516],[-5.531990536771444,36.09944180139225],[-5.525478801689196,36.104683036022045],[-5.52115374733786,36.11073622897476],[-5.516789439025052,36.11682231013493],[-5.51459193386062,36.12374376509801],[-5.512453162446906,36.13069811722822],[-5.51027644086957,36.138491525415475],[-5.509191868311454,36.14544480896716],[-5.505928488922185,36.161061664594094],[-5.504843241116474,36.167991622664864],[-5.502643439701104,36.17492076168447],[-5.500463681450968,36.18187457226167],[-5.496173660947913,36.18794292154103],[-5.49184227975456,36.19401937632461],[-5.486353052294072,36.1983687647258],[-5.479770916930869,36.20269710745208],[-5.471097111601767,36.20704112819202],[-5.454721674524901,36.21400757247279],[-5.454696979634589,36.214013549996075],[-5.454623936869919,36.21403142374661],[-5.454504109060907,36.21406110545685],[-5.454339059000533,36.214102506812544],[-5.454130349447393,36.21415553945823],[-5.453879543128328,36.2142201150027],[-5.453588202741003,36.21429614502414],[-5.453257890956465,36.21438354107528],[-5.45289017042168,36.21448221468807],[-5.452486603762004,36.21459207737852],[-5.452048753583655,36.21471304065096],[-5.451578182476134,36.214845016002414],[-5.451076453014618,36.21498791492666],[-5.450545127762324,36.21514164891813],[-5.449985769272831,36.21530612947552],[-5.449399940092377,36.215481268105385],[-5.448789202762122,36.21566697632552],[-5.448155119820375,36.21586316566788],[-5.447499253804795,36.21606974768167],[-5.446823167254548,36.21628663393611],[-5.446128422712444,36.21651373602287],[-5.445416582727031,36.21675096555856],[-5.444689209854664,36.21699823418684],[-5.44394786666154,36.21725545358043],[-5.443194115725683,36.21752253544291],[-5.442429519638937,36.217799391510326],[-5.441655641008879,36.21808593355261],[-5.44087404246073,36.2183820733748],[-5.44008628663923,36.21868772281816],[-5.439293936210461,36.21900279376082],[-5.438498553863668,36.2193271981187],[-5.437701702313017,36.21966084784584],[-5.436904944299348,36.22000365493467],[-5.436109842591867,36.220355531416146],[-5.435317959989839,36.22071638935968],[-5.434530859324209,36.221086140872764],[-5.433750103459233,36.22146469810052],[-5.432977255294045,36.221851973225164],[-5.432213877764199,36.22224787846495],[-5.431461533843193,36.222652326073195],[-5.43072178654394,36.22306522833714],[-5.429996198920223,36.22348649757642],[-5.429286334068105,36.22391604614146],[-5.42859375512732,36.22435378641166],[-5.427920025282621,36.224799630793505],[-5.427266707765098,36.22525349171823],[-5.426635365853477,36.22571528163951],[-5.426027562875356,36.226184913031005],[-5.424888827281746,36.227147350201406],[-5.424888827281746,36.227147350201406],[-5.424357138732833,36.2276432877603],[-5.4238459226873,36.2281529346449],[-5.423354777714763,36.228675312458066],[-5.422883302416376,36.22920944278859],[-5.422431095421955,36.229754347212115],[-5.421997755387198,36.23030904729166],[-5.421582880990991,36.23087256457847],[-5.421186070932795,36.23144392061264],[-5.420806923930157,36.23202213692381],[-5.420445038716274,36.2326062350317],[-5.42010001403768,36.23319523644685],[-5.419771448652029,36.23378816267118],[-5.41945894132593,36.234384035198445],[-5.419162090832923,36.23498187551491],[-5.418880495951528,36.23558070509989],[-5.418613755463369,36.23617954542604],[-5.418361468151426,36.23677741796009],[-5.418123232798351,36.237373344163125],[-5.417898648184897,36.23796634549108],[-5.417687313088416,36.2385554433952],[-5.417488826281476,36.239139659322234],[-5.417302786530556,36.23971801471504],[-5.417128792594832,36.24028953101274],[-5.416966443225072,36.24085322965117],[-5.416815337162597,36.24140813206306],[-5.416675073138359,36.24195325967834],[-5.416545249872104,36.242487633924405],[-5.416425466071622,36.24301027622638],[-5.416315320432104,36.2435202080072],[-5.416214411635567,36.24401645068791],[-5.416122338350404,36.24449802568776],[-5.416038699231001,36.244963954424335],[-5.415963092917461,36.24541325831372],[-5.415895118035409,36.24584495877048],[-5.41583437319591,36.24625807720785],[-5.415780456995456,36.246651635037665],[-5.415732968016065,36.247024653670486],[-5.415691504825457,36.24737615451547],[-5.415655665977338,36.24770515898045],[-5.415625050011776,36.24801068847185],[-5.415599255455646,36.24829176439453],[-5.415577880823205,36.248547408151886],[-5.41556052461673,36.24877664114547],[-5.415546785327267,36.24897848477509],[-5.415536261435462,36.249151960438496],[-5.415528551412492,36.24929608953123],[-5.415523253721084,36.24940989344643],[-5.415519966816635,36.249492393574585],[-5.415517819160862,36.249559568016856],[-5.415517819160862,36.249559568016856],[-5.372902394115597,36.317207744343875]]}},{"type":"Feature","properties":{"id":"onee_hv_912","name":"ONEE 400 kV line","layer":"grid_hv_real","sector":"energy","subsector":"transmission","voltage":"400 kV","grid_class":"backbone","status":"operational","operator":"ONEE","source":"ONEE shapefile via OSM-derived conversion","coord_confidence":"approximate","coord_method":"osm_derived"},"geometry":{"type":"LineString","coordinates":[[-5.563305057227312,34.08027529294868],[-5.344898880673664,34.12466466831575]]}},{"type":"Feature","properties":{"id":"onee_hv_913","name":"ONEE 400 kV line","layer":"grid_hv_real","sector":"energy","subsector":"transmission","voltage":"400 kV","grid_class":"backbone","status":"operational","operator":"ONEE","source":"ONEE shapefile via OSM-derived conversion","coord_confidence":"approximate","coord_method":"osm_derived"},"geometry":{"type":"LineString","coordinates":[[-5.230928222231131,34.147994652940845],[-5.022332990145651,34.13799385427387]]}},{"type":"Feature","properties":{"id":"onee_hv_914","name":"ONEE 400 kV line","layer":"grid_hv_real","sector":"energy","subsector":"transmission","voltage":"400 kV","grid_class":"backbone","status":"operational","operator":"ONEE","source":"ONEE shapefile via OSM-derived conversion","coord_confidence":"approximate","coord_method":"osm_derived"},"geometry":{"type":"LineString","coordinates":[[-4.850965571873697,34.12780631214693],[-4.712972881965287,34.09239388644975]]}},{"type":"Feature","properties":{"id":"onee_hv_915","name":"ONEE 400 kV line","layer":"grid_hv_real","sector":"energy","subsector":"transmission","voltage":"400 kV","grid_class":"backbone","status":"operational","operator":"ONEE","source":"ONEE shapefile via OSM-derived conversion","coord_confidence":"approximate","coord_method":"osm_derived"},"geometry":{"type":"LineString","coordinates":[[-4.712972881965287,34.09239388644975],[-4.628073176939041,34.06231980089885]]}},{"type":"Feature","properties":{"id":"onee_hv_916","name":"ONEE 400 kV line","layer":"grid_hv_real","sector":"energy","subsector":"transmission","voltage":"400 kV","grid_class":"backbone","status":"operational","operator":"ONEE","source":"ONEE shapefile via OSM-derived conversion","coord_confidence":"approximate","coord_method":"osm_derived"},"geometry":{"type":"LineString","coordinates":[[-4.989329253451579,34.13703330833132],[-4.862695987918443,34.13131277455432]]}},{"type":"Feature","properties":{"id":"onee_hv_917","name":"ONEE 400 kV line","layer":"grid_hv_real","sector":"energy","subsector":"transmission","voltage":"400 kV","grid_class":"backbone","status":"operational","operator":"ONEE","source":"ONEE shapefile via OSM-derived conversion","coord_confidence":"approximate","coord_method":"osm_derived"},"geometry":{"type":"LineString","coordinates":[[-5.344898880673664,34.12466466831575],[-5.230928222231131,34.147994652940845]]}},{"type":"Feature","properties":{"id":"onee_hv_918","name":"ONEE 400 kV line","layer":"grid_hv_real","sector":"energy","subsector":"transmission","voltage":"400 kV","grid_class":"backbone","status":"operational","operator":"ONEE","source":"ONEE shapefile via OSM-derived conversion","coord_confidence":"approximate","coord_method":"osm_derived"},"geometry":{"type":"LineString","coordinates":[[-5.246845259969307,34.17840910224442],[-4.874233511227168,34.163526222894745]]}},{"type":"Feature","properties":{"id":"onee_hv_919","name":"ONEE 400 kV line","layer":"grid_hv_real","sector":"energy","subsector":"transmission","voltage":"400 kV","grid_class":"backbone","status":"operational","operator":"ONEE","source":"ONEE shapefile via OSM-derived conversion","coord_confidence":"approximate","coord_method":"osm_derived"},"geometry":{"type":"LineString","coordinates":[[-4.843326872273407,34.16163951400062],[-4.587575295356598,34.0733793432777]]}},{"type":"Feature","properties":{"id":"onee_hv_920","name":"ONEE 400 kV line","layer":"grid_hv_real","sector":"energy","subsector":"transmission","voltage":"400 kV","grid_class":"backbone","status":"operational","operator":"ONEE","source":"ONEE shapefile via OSM-derived conversion","coord_confidence":"approximate","coord_method":"osm_derived"},"geometry":{"type":"LineString","coordinates":[[-7.270582892958284,33.44690901207639],[-7.204103783889518,33.44962783201033]]}},{"type":"Feature","properties":{"id":"onee_hv_921","name":"ONEE 400 kV line","layer":"grid_hv_real","sector":"energy","subsector":"transmission","voltage":"400 kV","grid_class":"backbone","status":"operational","operator":"ONEE","source":"ONEE shapefile via OSM-derived conversion","coord_confidence":"approximate","coord_method":"osm_derived"},"geometry":{"type":"LineString","coordinates":[[-7.282717773452567,33.471063572335574],[-7.203601206580105,33.47570816853083]]}},{"type":"Feature","properties":{"id":"onee_hv_922","name":"ONEE 400 kV line","layer":"grid_hv_real","sector":"energy","subsector":"transmission","voltage":"400 kV","grid_class":"backbone","status":"operational","operator":"ONEE","source":"ONEE shapefile via OSM-derived conversion","coord_confidence":"approximate","coord_method":"osm_derived"},"geometry":{"type":"LineString","coordinates":[[-7.204103783889518,33.44962783201033],[-5.815166205573898,34.0987895180787],[-5.623611362387071,34.074091349286896]]}},{"type":"Feature","properties":{"id":"onee_hv_923","name":"ONEE 400 kV line","layer":"grid_hv_real","sector":"energy","subsector":"transmission","voltage":"400 kV","grid_class":"backbone","status":"operational","operator":"ONEE","source":"ONEE shapefile via OSM-derived conversion","coord_confidence":"approximate","coord_method":"osm_derived"},"geometry":{"type":"LineString","coordinates":[[-5.821658609927816,34.120471430383596],[-5.615127770665416,34.08971232117503]]}},{"type":"Feature","properties":{"id":"onee_hv_924","name":"ONEE 400 kV line","layer":"grid_hv_real","sector":"energy","subsector":"transmission","voltage":"400 kV","grid_class":"backbone","status":"operational","operator":"ONEE","source":"ONEE shapefile via OSM-derived conversion","coord_confidence":"approximate","coord_method":"osm_derived"},"geometry":{"type":"LineString","coordinates":[[-5.847105594798588,34.13930931106851],[-5.623500957770182,34.10689508935225]]}},{"type":"Feature","properties":{"id":"onee_hv_925","name":"ONEE 400 kV line","layer":"grid_hv_real","sector":"energy","subsector":"transmission","voltage":"400 kV","grid_class":"backbone","status":"operational","operator":"ONEE","source":"ONEE shapefile via OSM-derived conversion","coord_confidence":"approximate","coord_method":"osm_derived"},"geometry":{"type":"LineString","coordinates":[[-5.631388999291615,35.79827563009835],[-5.631440985835754,35.81738148386844]]}},{"type":"Feature","properties":{"id":"onee_hv_926","name":"ONEE 400 kV line","layer":"grid_hv_real","sector":"energy","subsector":"transmission","voltage":"400 kV","grid_class":"backbone","status":"operational","operator":"ONEE","source":"ONEE shapefile via OSM-derived conversion","coord_confidence":"approximate","coord_method":"osm_derived"},"geometry":{"type":"LineString","coordinates":[[-5.637902366443467,35.804339377932365],[-5.640162370103499,35.82603017344168]]}},{"type":"Feature","properties":{"id":"onee_hv_927","name":"ONEE 400 kV line","layer":"grid_hv_real","sector":"energy","subsector":"transmission","voltage":"400 kV","grid_class":"backbone","status":"operational","operator":"ONEE","source":"ONEE shapefile via OSM-derived conversion","coord_confidence":"approximate","coord_method":"osm_derived"},"geometry":{"type":"LineString","coordinates":[[-5.653968478731209,35.731451054285614],[-5.670104993849058,35.68369083628074]]}},{"type":"Feature","properties":{"id":"onee_hv_928","name":"ONEE 400 kV line","layer":"grid_hv_real","sector":"energy","subsector":"transmission","voltage":"400 kV","grid_class":"backbone","status":"operational","operator":"ONEE","source":"ONEE shapefile via OSM-derived conversion","coord_confidence":"approximate","coord_method":"osm_derived"},"geometry":{"type":"LineString","coordinates":[[-5.652824164092789,35.733180130499804],[-5.653971057120078,35.73231528157681]]}},{"type":"Feature","properties":{"id":"onee_hv_929","name":"ONEE 400 kV line","layer":"grid_hv_real","sector":"energy","subsector":"transmission","voltage":"400 kV","grid_class":"backbone","status":"operational","operator":"ONEE","source":"ONEE shapefile via OSM-derived conversion","coord_confidence":"approximate","coord_method":"osm_derived"},"geometry":{"type":"LineString","coordinates":[[-5.631388999291615,35.79827563009835],[-5.65282677508207,35.73405922839682]]}},{"type":"Feature","properties":{"id":"onee_hv_930","name":"ONEE 400 kV line","layer":"grid_hv_real","sector":"energy","subsector":"transmission","voltage":"400 kV","grid_class":"backbone","status":"operational","operator":"ONEE","source":"ONEE shapefile via OSM-derived conversion","coord_confidence":"approximate","coord_method":"osm_derived"},"geometry":{"type":"LineString","coordinates":[[-5.637902366443467,35.804339377932365],[-5.680898803785173,35.6879691123487]]}},{"type":"Feature","properties":{"id":"onee_hv_931","name":"ONEE 400 kV line","layer":"grid_hv_real","sector":"energy","subsector":"transmission","voltage":"400 kV","grid_class":"backbone","status":"operational","operator":"ONEE","source":"ONEE shapefile via OSM-derived conversion","coord_confidence":"approximate","coord_method":"osm_derived"},"geometry":{"type":"LineString","coordinates":[[-5.705752009639794,35.66796604478926],[-5.781594165848372,35.66776229358254],[-5.861702227388701,35.63713369450363],[-5.971005832009181,35.628024293062815]]}},{"type":"Feature","properties":{"id":"onee_hv_932","name":"ONEE 400 kV line","layer":"grid_hv_real","sector":"energy","subsector":"transmission","voltage":"400 kV","grid_class":"backbone","status":"operational","operator":"ONEE","source":"ONEE shapefile via OSM-derived conversion","coord_confidence":"approximate","coord_method":"osm_derived"},"geometry":{"type":"LineString","coordinates":[[-5.711149461106033,35.65146706970039],[-5.772919372184121,35.65130188056744],[-5.86370917674126,35.617185930305],[-5.970907119604425,35.61328982236149]]}},{"type":"Feature","properties":{"id":"onee_hv_933","name":"ONEE 400 kV line","layer":"grid_hv_real","sector":"energy","subsector":"transmission","voltage":"400 kV","grid_class":"backbone","status":"operational","operator":"ONEE","source":"ONEE shapefile via OSM-derived conversion","coord_confidence":"approximate","coord_method":"osm_derived"},"geometry":{"type":"LineString","coordinates":[[-5.569616474006879,34.111462443006594],[-5.244707655997735,34.17840647615972]]}},{"type":"Feature","properties":{"id":"onee_hv_934","name":"ONEE 400 kV line","layer":"grid_hv_real","sector":"energy","subsector":"transmission","voltage":"400 kV","grid_class":"backbone","status":"operational","operator":"ONEE","source":"ONEE shapefile via OSM-derived conversion","coord_confidence":"approximate","coord_method":"osm_derived"},"geometry":{"type":"LineString","coordinates":[[-5.689677969026318,35.39032861064985],[-5.88300933056643,35.01561921678738],[-5.848327481812048,34.13514459428341]]}},{"type":"Feature","properties":{"id":"onee_hv_935","name":"ONEE 400 kV line","layer":"grid_hv_real","sector":"energy","subsector":"transmission","voltage":"400 kV","grid_class":"backbone","status":"operational","operator":"ONEE","source":"ONEE shapefile via OSM-derived conversion","coord_confidence":"approximate","coord_method":"osm_derived"},"geometry":{"type":"LineString","coordinates":[[-5.659406966394151,35.3860349945152],[-5.85083746791863,35.01832851594516],[-5.823946706687729,34.155236994646025]]}},{"type":"Feature","properties":{"id":"onee_hv_936","name":"ONEE 400 kV line","layer":"grid_hv_real","sector":"energy","subsector":"transmission","voltage":"400 kV","grid_class":"backbone","status":"operational","operator":"ONEE","source":"ONEE shapefile via OSM-derived conversion","coord_confidence":"approximate","coord_method":"osm_derived"},"geometry":{"type":"LineString","coordinates":[[-5.823946706687729,34.155236994646025],[-5.614123746931661,34.12360584171297]]}},{"type":"Feature","properties":{"id":"onee_hv_937","name":"ONEE 400 kV line","layer":"grid_hv_real","sector":"energy","subsector":"transmission","voltage":"400 kV","grid_class":"backbone","status":"operational","operator":"ONEE","source":"ONEE shapefile via OSM-derived conversion","coord_confidence":"approximate","coord_method":"osm_derived"},"geometry":{"type":"LineString","coordinates":[[-2.389857890203098,34.681099304415476],[-2.367594729743656,34.642348537535]]}},{"type":"Feature","properties":{"id":"onee_hv_938","name":"ONEE 400 kV line","layer":"grid_hv_real","sector":"energy","subsector":"transmission","voltage":"400 kV","grid_class":"backbone","status":"operational","operator":"ONEE","source":"ONEE shapefile via OSM-derived conversion","coord_confidence":"approximate","coord_method":"osm_derived"},"geometry":{"type":"LineString","coordinates":[[-2.638712645346287,34.704152121431285],[-2.391868150085957,34.68289263114895]]}},{"type":"Feature","properties":{"id":"onee_hv_939","name":"ONEE 400 kV line","layer":"grid_hv_real","sector":"energy","subsector":"transmission","voltage":"400 kV","grid_class":"backbone","status":"operational","operator":"ONEE","source":"ONEE shapefile via OSM-derived conversion","coord_confidence":"approximate","coord_method":"osm_derived"},"geometry":{"type":"LineString","coordinates":[[-3.94094268009245,34.25690049942778],[-3.374175686126375,34.23950230471287],[-2.639665243796038,34.70680659062844]]}},{"type":"Feature","properties":{"id":"onee_hv_940","name":"ONEE 400 kV line","layer":"grid_hv_real","sector":"energy","subsector":"transmission","voltage":"400 kV","grid_class":"backbone","status":"operational","operator":"ONEE","source":"ONEE shapefile via OSM-derived conversion","coord_confidence":"approximate","coord_method":"osm_derived"},"geometry":{"type":"LineString","coordinates":[[-4.587575295356598,34.0733793432777],[-3.918335462663939,34.26705629566629]]}},{"type":"Feature","properties":{"id":"onee_hv_941","name":"ONEE 400 kV line","layer":"grid_hv_real","sector":"energy","subsector":"transmission","voltage":"400 kV","grid_class":"backbone","status":"operational","operator":"ONEE","source":"ONEE shapefile via OSM-derived conversion","coord_confidence":"approximate","coord_method":"osm_derived"},"geometry":{"type":"LineString","coordinates":[[-5.601254129062981,35.45124772336163],[-5.609921871915087,35.45467995416081]]}},{"type":"Feature","properties":{"id":"onee_hv_942","name":"ONEE 400 kV line","layer":"grid_hv_real","sector":"energy","subsector":"transmission","voltage":"400 kV","grid_class":"backbone","status":"operational","operator":"ONEE","source":"ONEE shapefile via OSM-derived conversion","coord_confidence":"approximate","coord_method":"osm_derived"},"geometry":{"type":"LineString","coordinates":[[-5.639178826440564,35.47633681340247],[-5.638061803700953,35.485887210173416]]}},{"type":"Feature","properties":{"id":"onee_hv_943","name":"ONEE 400 kV line","layer":"grid_hv_real","sector":"energy","subsector":"transmission","voltage":"400 kV","grid_class":"backbone","status":"operational","operator":"ONEE","source":"ONEE shapefile via OSM-derived conversion","coord_confidence":"approximate","coord_method":"osm_derived"},"geometry":{"type":"LineString","coordinates":[[-5.596941434911505,35.45386100058305],[-5.606654058169278,35.45730835777986]]}},{"type":"Feature","properties":{"id":"onee_hv_944","name":"ONEE 400 kV line","layer":"grid_hv_real","sector":"energy","subsector":"transmission","voltage":"400 kV","grid_class":"backbone","status":"operational","operator":"ONEE","source":"ONEE shapefile via OSM-derived conversion","coord_confidence":"approximate","coord_method":"osm_derived"},"geometry":{"type":"LineString","coordinates":[[-5.552599824298484,35.41351881239902],[-5.629197093894939,35.3964964673214]]}},{"type":"Feature","properties":{"id":"onee_hv_945","name":"ONEE 400 kV line","layer":"grid_hv_real","sector":"energy","subsector":"transmission","voltage":"400 kV","grid_class":"backbone","status":"operational","operator":"ONEE","source":"ONEE shapefile via OSM-derived conversion","coord_confidence":"approximate","coord_method":"osm_derived"},"geometry":{"type":"LineString","coordinates":[[-8.49446344988354,33.01659427968783],[-8.566853739330666,32.1072636453736]]}},{"type":"Feature","properties":{"id":"onee_hv_946","name":"ONEE 400 kV line","layer":"grid_hv_real","sector":"energy","subsector":"transmission","voltage":"400 kV","grid_class":"backbone","status":"operational","operator":"ONEE","source":"ONEE shapefile via OSM-derived conversion","coord_confidence":"approximate","coord_method":"osm_derived"},"geometry":{"type":"LineString","coordinates":[[-8.58940153528962,32.126690421549576],[-8.527986378637191,33.012283966453815]]}}]}